id,country,iso3,latitude,longitude,centroid,role,displacement_type,qualifier,figure,displacement_date,displacement_start_date,displacement_end_date,year,event_id,event_name,event_codes,event_code_types,event_start_date,event_end_date,category,subcategory,type,subtype,old_id,sources,source_url,locations_name,locations_coordinates,locations_accuracy,locations_type,displacement_occurred,created_at,description,link,combined_type
219973,Argentina,ARG,-27.67001,-58.179661,"[-27.67001, -58.179661]",Recommended figure,Disaster,total,205,2026-01-19,2026-01-19,2026-01-19,2026,37995,Argentina: Flood - Corrientes (5 localities) - 19/01/2026,,,2026-01-19,2026-01-19,Weather related,Hydrological,Flood,Flood,,Local Authorities,,"San Luis del Palmar, Departamento San Luis del Palmar, Corrientes, Argentina","-27.67001, -58.179661",County/City/town/Village/Woreda (ADM3),Origin,Displacement without preventive evacuations reported,2026-01-19T19:31:04.835405Z,"Argentina: 205 displacements (evacuated), 19 January - 19 January. According to local authority, a total of 205 people were evacuated in San Luis del Palmar, Corrientes, Argentina due to flood on 19 January. Local Media - 19 January 2026",,Flood
219974,Argentina,ARG,-28.98741,-59.065571,"[-28.98741, -59.065571]",Recommended figure,Disaster,total,15,2026-01-19,2026-01-19,2026-01-19,2026,37995,Argentina: Flood - Corrientes (5 localities) - 19/01/2026,,,2026-01-19,2026-01-19,Weather related,Hydrological,Flood,Flood,,Local Authorities,,"Santa Lucía, Departamento Lavalle, Corrientes, Argentina","-28.98741, -59.065571",County/City/town/Village/Woreda (ADM3),Origin,Displacement without preventive evacuations reported,2026-01-19T19:31:04.885688Z,"Argentina: 15 displacements (evacuated), 19 January - 19 January. Flood resulted in a total of 15 people being evacuated in Santa Lucía, Corrientes, Argentina on 19 January, according to local authority. Local Media - 19 January 2026",,Flood
219975,Argentina,ARG,-27.9475,-57.018131,"[-27.9475, -57.018131]",Recommended figure,Disaster,total,3,2026-01-19,2026-01-19,2026-01-19,2026,37995,Argentina: Flood - Corrientes (5 localities) - 19/01/2026,,,2026-01-19,2026-01-19,Weather related,Hydrological,Flood,Flood,,Local Authorities,,"Ituzaingó, Corrientes, Argentina","-27.9475, -57.018131",County/City/town/Village/Woreda (ADM3),Origin,Displacement without preventive evacuations reported,2026-01-19T19:31:04.933789Z,"Argentina: 3 displacements (evacuated), 19 January - 19 January. A total of 1 household was evacuated due to flood on 19 January in Ituzaingó, Corrientes, Argentina, according to local authority. Local Media - 19 January 2026",,Flood
219976,Argentina,ARG,-27.70281,-58.768131,"[-27.70281, -58.768131]",Recommended figure,Disaster,total,3,2026-01-19,2026-01-19,2026-01-19,2026,37995,Argentina: Flood - Corrientes (5 localities) - 19/01/2026,,,2026-01-19,2026-01-19,Weather related,Hydrological,Flood,Flood,,Local Authorities,,"El Sombrero, Municipio de Empedrado, Departamento Empedrado, Corrientes, Argentina","-27.70281, -58.768131",County/City/town/Village/Woreda (ADM3),Origin,Displacement without preventive evacuations reported,2026-01-19T19:31:04.982527Z,"Argentina: 3 displacements (evacuated), 19 January - 19 January. Flood resulted in a total of 1 household being evacuated in El Sombrero, Corrientes, Argentina on 19 January, according to local authority. Local Media - 19 January 2026",,Flood
219972,Argentina,ARG,-28.578939,-58.708912,"[-28.578939, -58.708912]",Recommended figure,Disaster,more than or equal to,250,2026-01-19,2026-01-19,2026-01-19,2026,37995,Argentina: Flood - Corrientes (5 localities) - 19/01/2026,,,2026-01-19,2026-01-19,Weather related,Hydrological,Flood,Flood,,Local Authorities,,"San Roque, Municipio de San Roque, Departamento San Roque, Corrientes, Argentina","-28.578939, -58.708912",County/City/town/Village/Woreda (ADM3),Origin,Displacement without preventive evacuations reported,2026-01-19T19:31:04.775584Z,"Argentina: 250 displacements (evacuated), 19 January - 19 January. More than or equal to 250 people were evacuated due to flood on 19 January in San Roque, Corrientes, Argentina, according to local authority. Local Media - 19 January 2026",,Flood
219984,Argentina,ARG,-45.859211,-67.59938,"[-45.859211, -67.59938]",Recommended figure,Disaster,total,29,2026-01-19,2026-01-18,2026-01-19,2026,37996,Argentina: Landslide/Wet mass movement - Chubut (Comodoro Rivadavia) - 18/01/2026,,,2026-01-18,2026-01-19,Weather related,Hydrological,Mass Movement,Landslide/Wet mass movement,,Local Authorities,,"Comodoro Rivadavia, Departamento Escalante, Chubut, Argentina","-45.859211, -67.59938",County/City/town/Village/Woreda (ADM3),Origin,Displacement reporting preventive evacuations,2026-01-19T19:54:26.549169Z,"Argentina: 29 displacements (relocated), 18 January - 19 January. Approximately 29 people were relocated due to landslide/wet mass movement between 18 and 19 January in Comodoro Rivadavia, Departamento Escalante, Chubut, Argentina, according to local authority. Local Media - 19 January 2026",,Mass Movement
219982,Argentina,ARG,-45.859211,-67.59938,"[-45.859211, -67.59938]",Recommended figure,Disaster,approximately,195,2026-01-19,2026-01-18,2026-01-19,2026,37996,Argentina: Landslide/Wet mass movement - Chubut (Comodoro Rivadavia) - 18/01/2026,,,2026-01-18,2026-01-19,Weather related,Hydrological,Mass Movement,Landslide/Wet mass movement,,Local Authorities,,"Comodoro Rivadavia, Departamento Escalante, Chubut, Argentina","-45.859211, -67.59938",County/City/town/Village/Woreda (ADM3),Origin,Displacement without preventive evacuations reported,2026-01-19T19:54:26.433775Z,"Argentina: 195 displacements (sheltered), 18 January - 19 January. Landslide/wet mass movement resulted in approximately 195 people being sheltered in Comodoro Rivadavia, Departamento Escalante, Chubut, Argentina between 18 and 19 January, according to local authority. Local Media - 19 January 2026",,Mass Movement
219778,Argentina,ARG,-28.578939,-58.708912,"[-28.578939, -58.708912]",Recommended figure,Disaster,total,100,2026-01-13,2026-01-10,2026-01-13,2026,37943,Argentina: Flood - Corrientes (San Roque) - 10/01/2026,,,2026-01-10,2026-01-10,Weather related,Hydrological,Flood,Flood,,Local Authorities,,"San Roque, Municipio de San Roque, Departamento San Roque, Corrientes, Argentina","-28.578939, -58.708912",County/City/town/Village/Woreda (ADM3),Origin,Displacement without preventive evacuations reported,2026-01-13T19:42:14.336366Z,"Argentina: 100 displacements (evacuated), 10 January - 13 January. According to local authority, a total of 100 people were evacuated in San Roque, Municipio de San Roque, Departamento San Roque, Corrientes, Argentina due to flood on 10 January. Local Media - 13 January 2026",,Flood
219687,Argentina,ARG,-28.578939,-58.708912,"[-28.578939, -58.708912]",Triangulation,Disaster,total,18,2026-01-10,2026-01-10,2026-01-10,2026,37943,Argentina: Flood - Corrientes (San Roque) - 10/01/2026,,,2026-01-10,2026-01-10,Weather related,Hydrological,Flood,Flood,,Protección Civil,,"San Roque, Municipio de San Roque, Departamento San Roque, Corrientes, Argentina","-28.578939, -58.708912",County/City/town/Village/Woreda (ADM3),Origin,Displacement without preventive evacuations reported,2026-01-12T23:43:26.973906Z,"Argentina: 18 displacements (evacuated), 10 January - 10 January. A total of 18 people were evacuated due to flood on 10 January in San Roque, Municipio de San Roque, Departamento San Roque, Corrientes, Argentina, according to national/regional disaster authorities. El Litoral - 10 January 2026",,Flood
219780,Argentina,ARG,-31.069429,-67.282127,"[-31.069429, -67.282127]",Recommended figure,Disaster,total,41,2026-01-09,2026-01-09,2026-01-09,2026,37957,Argentina: Flood - San Juan (Chucuma) - 09/01/2026,,,2026-01-09,2026-01-09,Weather related,Hydrological,Flood,Flood,,Local Authorities,,"Chucuma, Valle Fértil, San Juan, Argentina","-31.069429, -67.282127",County/City/town/Village/Woreda (ADM3),Origin,Displacement reporting preventive evacuations,2026-01-13T19:54:36.240766Z,"Argentina: 41 displacements (evacuated), 09 January - 09 January. A total of 14 households were evacuated due to flood on 9 January in Chucuma, Valle Fértil, San Juan, Argentina, according to local authority. Local Media - 09 January 2026",,Flood
219782,Argentina,ARG,-26.746969,-65.25415,"[-26.746969, -65.25415]",Recommended figure,Disaster,total,14,2026-01-09,2026-01-08,2026-01-09,2026,37959,Argentina: Flood - Tucumán (Tafí Viejo) - 08/01/2026,,,2026-01-08,2026-01-09,Weather related,Hydrological,Flood,Flood,,Protección Civil,,"Tafí Viejo, Departamento Tafí Viejo, Tucumán, Argentina","-26.746969, -65.25415",County/City/town/Village/Woreda (ADM3),Origin,Displacement without preventive evacuations reported,2026-01-13T20:00:51.977422Z,"Argentina: 14 displacements (evacuated), 08 January - 09 January. A total of 14 people were evacuated due to flood between 08 and 09 January in Tafí Viejo, Departamento Tafí Viejo, Tucumán, Argentina, according to national/regional disaster authorities. Local Media - 09 January 2026",,Flood
219685,Argentina,ARG,-43.996132,-68.306664,"[-43.996132, -68.306664]",Recommended figure,Disaster,total,139,2026-01-12,2026-01-05,2026-01-12,2026,37942,Argentina: Wildfire - Chubut - 05/01/2026,,,2026-01-05,2026-01-12,Weather related,Climatological,Wildfire,Wildfire,,Provincial authorities,,"Chubut, Argentina","-43.996132, -68.306664",State/Region/Province (ADM1),Origin,,2026-01-12T22:59:47.971472Z,"Argentina: 139 displacements (destroyed housing), 05 January - 12 January. According to government, a total of 47 households were displaced due to destroyed housing in Chubut, Argentina due to wildfire on 5 January. Local Media - 12 January 2026",,Wildfire
218774,Argentina,ARG,-27.67001,-58.179661,"[-27.67001, -58.179661]",Triangulation,Disaster,approximately,32,2025-12-31,2025-12-30,2025-12-31,2025,37729,"Argentina: Flood - Corrientes (Ituzaingó, San Luis del Palmar) - 27/12/2025",,,2025-12-27,2025-12-31,Weather related,Hydrological,Flood,Flood,,Local Authorities,,"San Luis del Palmar, Departamento San Luis del Palmar, Corrientes, Argentina","-27.67001, -58.179661",County/City/town/Village/Woreda (ADM3),Origin,Displacement without preventive evacuations reported,2025-12-31T17:47:12.562213Z,"Argentina: 32 displacements (sheltered), 30 December - 31 December. Approximately 11 additional households were sheltered due to flood between 30 and 31 December in San Luis del Palmar, Departamento San Luis del Palmar, Corrientes, Argentina, according to local authority. Local Media - 31 December 2025",,Flood
218769,Argentina,ARG,-27.9475,-57.018131,"[-27.9475, -57.018131]",Recommended figure,Disaster,approximately,42,2025-12-29,2025-12-29,2025-12-29,2025,37729,"Argentina: Flood - Corrientes (Ituzaingó, San Luis del Palmar) - 27/12/2025",,,2025-12-27,2025-12-31,Weather related,Hydrological,Flood,Flood,,Local Authorities,,"Ituzaingó, Corrientes, Argentina","-27.9475, -57.018131",County/City/town/Village/Woreda (ADM3),Origin,Displacement without preventive evacuations reported,2025-12-30T18:39:47.393096Z,"Argentina: 42 displacements (evacuated), 29 December - 29 December. Approximately 42 people were evacuated due to flood on 29 December in Ituzaingó, Corrientes, Argentina, according to local authority. Local Media - 29 December 2025",,Flood
218727,Argentina,ARG,-24.2474,-65.262177,"[-24.2474, -65.262177]",Recommended figure,Disaster,total,6,2025-12-28,2025-12-28,2025-12-28,2025,37728,Argentina: Flood - Jujuy (Alto Comedero) - 28/12/2025,,,2025-12-28,2025-12-28,Weather related,Hydrological,Flood,Flood,,Protección Civil,,"Alto Comedero, San Salvador de Jujuy, Departamento Doctor Manuel Belgrano, Jujuy, Argentina","-24.2474, -65.262177",County/City/town/Village/Woreda (ADM3),Origin,Displacement without preventive evacuations reported,2025-12-29T21:57:37.202635Z,"Argentina: 6 displacements (evacuated), 28 December - 28 December. Flood resulted in a total of 2 households being evacuated in Alto Comedero, San Salvador de Jujuy, Departamento Doctor Manuel Belgrano, Jujuy, Argentina on 28 December, according to government. Local Media - 28 December 2025",,Flood
218729,Argentina,ARG,-27.67001,-58.179661,"[-27.67001, -58.179661]",Recommended figure,Disaster,more than or equal to,310,2025-12-29,2025-12-27,2025-12-29,2025,37729,"Argentina: Flood - Corrientes (Ituzaingó, San Luis del Palmar) - 27/12/2025",,,2025-12-27,2025-12-31,Weather related,Hydrological,Flood,Flood,,Local Authorities,,"San Luis del Palmar, Departamento San Luis del Palmar, Corrientes, Argentina","-27.67001, -58.179661",County/City/town/Village/Woreda (ADM3),Origin,Displacement without preventive evacuations reported,2025-12-29T22:08:50.370877Z,"Argentina: 310 displacements (sheltered), 27 December - 29 December. Flood resulted in more than or equal to 310 people being sheltered in San Luis del Palmar, Departamento San Luis del Palmar, Corrientes, Argentina between 27 and 29 December, according to local authority. Local Media - 29 December 2025",,Flood
218598,Argentina,ARG,-27.95426,-58.80891,"[-27.95426, -58.80891]",Recommended figure,Disaster,approximately,89,2025-12-22,2025-12-21,2025-12-22,2025,37671,"Argentina: Flood - Chaco (Cote Lai), Corrientes (6 localities) - 21/12/2025",,,2025-12-21,2025-12-22,Weather related,Hydrological,Flood,Flood,,Provincial authorities,,"Empedrado, Municipio de Empedrado, Departamento Empedrado, Corrientes, Argentina","-27.95426, -58.80891",County/City/town/Village/Woreda (ADM3),Origin,Displacement without preventive evacuations reported,2025-12-22T23:06:29.728387Z,"Argentina: 89 displacements (sheltered), 21 December - 22 December. Approximately 30 households were evacuated due to flood between 21 and 22 December in Empedrado, Municipio de Empedrado, Departamento Empedrado, Corrientes, Argentina, according to government. Local Media - 22 December 2025",,Flood
218590,Argentina,ARG,-27.526751,-58.765789,"[-27.526751, -58.765789]",Recommended figure,Disaster,total,170,2025-12-22,2025-12-21,2025-12-22,2025,37671,"Argentina: Flood - Chaco (Cote Lai), Corrientes (6 localities) - 21/12/2025",,,2025-12-21,2025-12-22,Weather related,Hydrological,Flood,Flood,,Provincial authorities,,"Corrientes, Departamento Capital, Corrientes, Argentina","-27.526751, -58.765789",County/City/town/Village/Woreda (ADM3),Origin,Displacement without preventive evacuations reported,2025-12-22T19:04:08.868946Z,"Argentina: 170 displacements (sheltered), 21 December - 22 December. A total of 170 people were sheltered due to flood on 22 December in Corrientes, Departamento Capital, Corrientes, Argentina, according to government. Local Media - 22 December 2025",,Flood
218583,Argentina,ARG,-27.67001,-58.179661,"[-27.67001, -58.179661]",Recommended figure,Disaster,total,21,2025-12-22,2025-12-21,2025-12-22,2025,37671,"Argentina: Flood - Chaco (Cote Lai), Corrientes (6 localities) - 21/12/2025",,,2025-12-21,2025-12-22,Weather related,Hydrological,Flood,Flood,,Local Authorities,,"San Luis del Palmar, Departamento San Luis del Palmar, Corrientes, Argentina","-27.67001, -58.179661",County/City/town/Village/Woreda (ADM3),Origin,Displacement without preventive evacuations reported,2025-12-22T17:48:24.571119Z,"Argentina: 21 displacements (evacuated), 21 December - 22 December. Flood resulted in a total of 7 households being evacuated in San Luis del Palmar, Departamento San Luis del Palmar, Corrientes, Argentina between 21 and 22 December, according to local authority. Local Media - 22 December 2025",,Flood
218581,Argentina,ARG,-27.53019,-59.575001,"[-27.53019, -59.575001]",Recommended figure,Disaster,more than or equal to,8,2025-12-22,2025-12-21,2025-12-22,2025,37671,"Argentina: Flood - Chaco (Cote Lai), Corrientes (6 localities) - 21/12/2025",,,2025-12-21,2025-12-22,Weather related,Hydrological,Flood,Flood,,Local Authorities,,"Cote Lai, Municipio de Cote Lai, Departamento Tapenagá, Chaco, Argentina","-27.53019, -59.575001",County/City/town/Village/Woreda (ADM3),Origin,Displacement without preventive evacuations reported,2025-12-22T17:27:55.387829Z,"Argentina: 8 displacements (evacuated), 21 December - 22 December. According to local authority, more than 8 people were evacuated in Cote Lai, Municipio de Cote Lai, Departamento Tapenagá, Chaco, Argentina due to flood between 21 and 22 December. Local Media - 22 December 2025",,Flood
218600,Argentina,ARG,-29.154659,-59.249081,"[-29.154659, -59.249081]",Recommended figure,Disaster,total,15,2025-12-22,2025-12-21,2025-12-22,2025,37671,"Argentina: Flood - Chaco (Cote Lai), Corrientes (6 localities) - 21/12/2025",,,2025-12-21,2025-12-22,Weather related,Hydrological,Flood,Flood,,Provincial authorities,,"Derqui, Municipio de Goya, Departamento Goya, Corrientes, Argentina","-29.154659, -59.249081",Point,Origin,Displacement without preventive evacuations reported,2025-12-22T23:06:29.868682Z,"Argentina: 15 displacements (evacuated), 21 December - 22 December. Flood resulted in a total of 5 households being evacuated in Derqui, Municipio de Goya, Departamento Goya, Corrientes, Argentina on between 21 and 22 December, according to government. Local Media - 22 December 2025",,Flood
218585,Argentina,ARG,-27.70281,-58.768131,"[-27.70281, -58.768131]",Recommended figure,Disaster,total,3,2025-12-21,2025-12-21,2025-12-21,2025,37671,"Argentina: Flood - Chaco (Cote Lai), Corrientes (6 localities) - 21/12/2025",,,2025-12-21,2025-12-22,Weather related,Hydrological,Flood,Flood,,Provincial authorities,,"El Sombrero, Municipio de Empedrado, Departamento Empedrado, Corrientes, Argentina","-27.70281, -58.768131",County/City/town/Village/Woreda (ADM3),Origin,Displacement without preventive evacuations reported,2025-12-22T18:35:09.572962Z,"Argentina: 3 displacements (evacuated), 21 December - 21 December. A total of 1 household was evacuated due to flood on 21 December in El Sombrero, Municipio de Empedrado, Departamento Empedrado, Corrientes, Argentina, according to government. Local Media - 21 December 2025",,Flood
218588,Argentina,ARG,-27.9475,-57.018131,"[-27.9475, -57.018131]",Recommended figure,Disaster,total,9,2025-12-21,2025-12-21,2025-12-21,2025,37671,"Argentina: Flood - Chaco (Cote Lai), Corrientes (6 localities) - 21/12/2025",,,2025-12-21,2025-12-22,Weather related,Hydrological,Flood,Flood,,Local Media,,"Ituzaingó, Corrientes, Argentina","-27.9475, -57.018131",County/City/town/Village/Woreda (ADM3),Origin,Displacement without preventive evacuations reported,2025-12-22T18:49:29.410691Z,"Argentina: 9 displacements (evacuated), 21 December - 21 December. According to media, a total of 3 households were evacuated in Ituzaingó, Corrientes, Argentina due to flood on 21 December. Local Media - 21 December 2025",,Flood
215258,Argentina,ARG,-30.372869,-58.749229,"[-30.372869, -58.749229]",Recommended figure,Disaster,total,5,2025-12-08,2025-12-08,2025-12-08,2025,37269,Argentina: Flood - Entre Ríos (San José de Feliciano) - 08/12/2025,,,2025-12-08,2025-12-08,Weather related,Hydrological,Flood,Flood,,Local Authorities,,"San José de Feliciano, Distrito Basualdo, Departamento Feliciano, Entre Ríos","-30.372869, -58.749229",County/City/town/Village/Woreda (ADM3),Origin,Displacement without preventive evacuations reported,2025-12-09T16:04:40.578798Z,"Argentina: 5 displacements (evacuated), 08 December - 08 December. According to local authority, a family of 5 people was evacuated in San José de Feliciano, Distrito Basualdo, Departamento Feliciano, Entre Ríos due to flood on 8 December. Local Media - 09 December 2025",,Flood
208155,Argentina,ARG,-42.22924,-71.368027,"[-42.22924, -71.368027]",Recommended figure,Disaster,more than or equal to,2,2025-11-17,2025-11-17,2025-11-17,2025,36992,Argentina: Wildfire - Chubut (El Pedregoso) - 17/11/2025,,,2025-11-17,2025-11-17,Weather related,Climatological,Wildfire,Wildfire,,Local Authorities,,"Epuyén, Departamento Cushamen, Chubut, Argentina","-42.22924, -71.368027",County/City/town/Village/Woreda (ADM3),Origin,Displacement without preventive evacuations reported,2025-11-18T18:13:05.068704Z,"Argentina: 2 displacements (evacuated), 17 November - 17 November. More than 2 people were evacuated due to wildfire on 17 November in Epuyén, Departamento Cushamen, Chubut, Argentina, according to local authority. Local Media - 17 November 2025",,Wildfire
204325,Argentina,ARG,-36.428001,-61.417622,"[-36.428001, -61.417622]",Recommended figure,Disaster,more than or equal to,13,2025-11-04,2025-11-03,2025-11-04,2025,36870,Argentina: Storm - Buenos Aires (Urdampilleta) - 03/11/2025,,,2025-11-03,2025-11-04,Weather related,Meteorological,Storm,Storm,,Local Authorities,,"Urdampilleta, Partido de Bolívar, Buenos Aires, Argentina","-36.428001, -61.417622",Point,Origin,Displacement without preventive evacuations reported,2025-11-04T19:16:26.400962Z,"Argentina: 13 displacements (evacuated), 03 November - 04 November. More than or equal to 13 people were evacuated due to storm on 3 November in Urdampilleta, Partido de Bolívar, Buenos Aires, Argentina, according to local authority. Local Media - 04 November 2025",,Storm
208245,Argentina,ARG,-27.5112,-58.81089,"[-27.5112, -58.81089]",Recommended figure,Disaster,total,7,2025-11-07,2025-10-31,2025-11-07,2025,37008,Argentina: Flood - Corrientes (San Roque) - 31/10/2025,,,2025-10-31,2025-11-07,Weather related,Hydrological,Flood,Flood,,Provincial authorities,,"San Roque, Corrientes, Corrientes, Departamento Capital, Corrientes, Argentina","-27.5112, -58.81089",County/City/town/Village/Woreda (ADM3),Origin,Displacement without preventive evacuations reported,2025-11-20T20:48:08.628971Z,"Argentina: 7 displacements (evacuated), 31 October - 07 November. According to government, a total of 7 people were evacuated in San Roque, Corrientes, Argentina due to flood between 31 October and 07 November. Local Media - 07 November 2025",,Flood
197117,Argentina,ARG,-34.29174,-60.254559,"[-34.29174, -60.254559]",Recommended figure,Disaster,total,28,2025-10-25,2025-10-24,2025-10-25,2025,34802,Argentina: Flood - Buenos Aires (6 locations) - 24/10/2025,,,2025-10-24,2025-10-25,Weather related,Hydrological,Flood,Flood,,Protección Civil,,"Salto, Partido de Salto, Buenos Aires, Argentina","-34.29174, -60.254559",County/City/town/Village/Woreda (ADM3),Origin,Displacement without preventive evacuations reported,2025-10-28T04:59:49.121192Z,"Argentina: 28 displacements (evacuated), 24 October - 25 October. Flood resulted in a total of 28 people being evacuated in Salto, Partido de Salto, Buenos Aires, Argentina between 24 and 25 October, according to government. Local Media - 25 October 2025",,Flood
197119,Argentina,ARG,-36.2928075,-59.96356775,"[-36.2928075, -59.96356775]",Recommended figure,Disaster,more than or equal to,2,2025-10-25,2025-10-24,2025-10-25,2025,34802,Argentina: Flood - Buenos Aires (6 locations) - 24/10/2025,,,2025-10-24,2025-10-25,Weather related,Hydrological,Flood,Flood,,Protección Civil,,"Azul, Partido de Azul, Buenos Aires, Argentina; General La Madrid, General La Madrid, Partido de General Lamadrid, Buenos Aires, Argentina; La Costa, Partido de Monte, Buenos Aires, Argentina; Saladillo, Partido de Saladillo, Buenos Aires, Argentina","-36.77713, -59.863041; -37.250568, -61.258339; -35.505501, -58.953541; -35.638031, -59.77935",County/City/town/Village/Woreda (ADM3); Point; Point; Point,Origin; Origin; Origin; Origin,Displacement without preventive evacuations reported,2025-10-28T04:59:49.240602Z,"Argentina: 2 displacements (evacuated), 24 October - 25 October. Flood resulted in more than or equal to 2 people being evacuated in General La Madrid, Azul, La Costa and Saladillo, Buenos Aires, Argentina on between 24 and 25 October, according to government. Local Media - 25 October 2025",,Flood
197115,Argentina,ARG,-34.066761,-60.0998,"[-34.066761, -60.0998]",Recommended figure,Disaster,total,180,2025-10-25,2025-10-24,2025-10-25,2025,34802,Argentina: Flood - Buenos Aires (6 locations) - 24/10/2025,,,2025-10-24,2025-10-25,Weather related,Hydrological,Flood,Flood,,Protección Civil,,"Arrecifes, Partido de Arrecifes, Buenos Aires, Argentina","-34.066761, -60.0998",County/City/town/Village/Woreda (ADM3),Origin,Displacement without preventive evacuations reported,2025-10-28T04:59:49.000783Z,"Argentina: 180 displacements (relocated), 24 October - 25 October. A total of 180 people were relocated due to flood between 24 and 25 October in Arrecifes, Buenos Aires, Argentina, according to government. Local Media - 25 October 2025",,Flood
207439,Argentina,ARG,-33.74559,-61.968609,"[-33.74559, -61.968609]",Recommended figure,Disaster,total,15,2025-10-24,2025-10-24,2025-10-24,2025,36955,Argentina: Flood - Santa Fe (Venado Tuerto) - 23/10/2025,,,2025-10-23,2025-10-24,Weather related,Hydrological,Flood,Flood,,Local Media,,"Venado Tuerto, Municipio de Venado Tuerto, Departamento General López, Santa Fe, Argentina","-33.74559, -61.968609",County/City/town/Village/Woreda (ADM3),Origin,Displacement without preventive evacuations reported,2025-11-13T21:44:38.187685Z,"Argentina: 15 displacements (relocated), 24 October - 24 October. A total of 15 people were relocated due to flood on 24 October in Venado Tuerto, Municipio de Venado Tuerto, Departamento General López, Santa Fe, Argentina, according to media. Local Media - 24 October 2025",,Flood
207440,Argentina,ARG,-33.74559,-61.968609,"[-33.74559, -61.968609]",Recommended figure,Disaster,total,18,2025-10-24,2025-10-24,2025-10-24,2025,36955,Argentina: Flood - Santa Fe (Venado Tuerto) - 23/10/2025,,,2025-10-23,2025-10-24,Weather related,Hydrological,Flood,Flood,,Local Media,,"Venado Tuerto, Municipio de Venado Tuerto, Departamento General López, Santa Fe, Argentina","-33.74559, -61.968609",County/City/town/Village/Woreda (ADM3),Origin,Displacement without preventive evacuations reported,2025-11-13T21:44:38.243784Z,"Argentina: 18 displacements (evacuated), 24 October - 24 October. A total of 6 households were evacuated due to flood on 24 October in Venado Tuerto, Municipio de Venado Tuerto, Departamento General López, Santa Fe, Argentina, according to media. Local Media - 24 October 2025",,Flood
197121,Argentina,ARG,-27.64469,-62.417439,"[-27.64469, -62.417439]",Recommended figure,Disaster,more than or equal to,59,2025-10-24,2025-10-24,2025-10-24,2025,34803,"Argentina: Storm - Santiago del Estero (Los Juríes, Quimilí) - 24/10/2025",,,2025-10-24,2025-10-24,Weather related,Meteorological,Storm,Storm,,Local Authorities,,"Quimilí, Departamento Moreno, Santiago del Estero, Argentina","-27.64469, -62.417439",County/City/town/Village/Woreda (ADM3),Origin,Displacement without preventive evacuations reported,2025-10-28T05:11:08.854077Z,"Argentina: 59 displacements (relocated), 24 October - 24 October. Storm resulted in more than or equal to 20 households being relocated in Quimilí, Departamento Moreno, Santiago del Estero, Argentina on 24 October, according to local authority. Local Media - 25 October 2025",,Storm
197123,Argentina,ARG,-28.4634,-62.11002,"[-28.4634, -62.11002]",Recommended figure,Disaster,more than or equal to,6,2025-10-24,2025-10-24,2025-10-24,2025,34803,"Argentina: Storm - Santiago del Estero (Los Juríes, Quimilí) - 24/10/2025",,,2025-10-24,2025-10-24,Weather related,Meteorological,Storm,Tornado,,Local Authorities,,"Los Juries, Departamento General Taboada, Santiago del Estero, Argentina","-28.4634, -62.11002",County/City/town/Village/Woreda (ADM3),Origin,Displacement without preventive evacuations reported,2025-10-28T05:26:26.722023Z,"Argentina: 6 displacements (sheltered), 24 October - 24 October. More than or equal to 2 households were sheltered due to tornado on 24 October in Los Juries, Santiago del Estero, Argentina, according to local authority. Local Media - 24 October 2025",,Storm
207444,Argentina,ARG,-34.601959,-60.954201,"[-34.601959, -60.954201]",Recommended figure,Disaster,total,3,2025-10-24,2025-10-23,2025-10-24,2025,36956,Argentina: Flood - Buenos Aires (Junín) - 23/10/2025,,,2025-10-23,2025-10-24,Weather related,Hydrological,Flood,Flood,,Local Media,,"Junín, Partido de Junín, Buenos Aires, Argentina","-34.601959, -60.954201",Point,Origin,Displacement without preventive evacuations reported,2025-11-13T21:58:10.487093Z,"Argentina: 3 displacements (evacuated), 23 October - 24 October. A total of 1 household was evacuated due to flood between 23 and 24 October in Junín, Partido de Junín, Buenos Aires, Argentina, according to media. Local Media - 24 October 2025",,Flood
207433,Argentina,ARG,-22.52109,-63.795769,"[-22.52109, -63.795769]",Recommended figure,Disaster,total,40,2025-10-23,2025-10-22,2025-10-23,2025,36953,Argentina: Flood - Salta (Tartagal) - 22/10/2025,,,2025-10-22,2025-10-23,Weather related,Hydrological,Flood,Flood,,Provincial authorities,,"Tartagal, General San Martín, Salta, Argentina","-22.52109, -63.795769",County/City/town/Village/Woreda (ADM3),Origin,Displacement without preventive evacuations reported,2025-11-13T20:06:00.514469Z,"Argentina: 40 displacements (evacuated), 22 October - 23 October. A total of 40 people were evacuated due to flood between 22 and 23 October in Tartagal, General San Martín, Salta, Argentina, according to government. Local Media - 23 October 2025",,Flood
199568,Argentina,ARG,-27.67001,-58.179661,"[-27.67001, -58.179661]",Recommended figure,Disaster,total,65,2025-10-29,2025-10-18,2025-10-29,2025,33581,Argentina: Flood - Corrientes (4 locations) - 16/10/2025,,,2025-10-16,2025-10-29,Weather related,Hydrological,Flood,Flood,,Local Authorities,,"San Luis del Palmar, Departamento San Luis del Palmar, Corrientes, Argentina","-27.67001, -58.179661",County/City/town/Village/Woreda (ADM3),Origin,Displacement without preventive evacuations reported,2025-10-29T20:17:53.773633Z,"Argentina: 65 displacements (sheltered), 18 October - 29 October. According to local authority, an additional 22 households are being sheltered in San Luis del Palmar, Departamento San Luis del Palmar, Corrientes, Argentina due to flood as of 29 October. Local Media - 29 October 2025",,Flood
195088,Argentina,ARG,-27.67001,-58.179661,"[-27.67001, -58.179661]",Recommended figure,Disaster,total,15,2025-10-17,2025-10-17,2025-10-17,2025,33581,Argentina: Flood - Corrientes (4 locations) - 16/10/2025,,,2025-10-16,2025-10-29,Weather related,Hydrological,Flood,Flood,,Civil Defence,,"San Luis del Palmar, Departamento San Luis del Palmar, Corrientes, Argentina","-27.67001, -58.179661",County/City/town/Village/Woreda (ADM3),Origin,Displacement without preventive evacuations reported,2025-10-18T01:10:13.845993Z,"Argentina: 15 displacements (sheltered), 17 October - 17 October. A total of 5 households were evacuated due to flood on 17 October in San Luis del Palmar, Corrientes, Argentina, according to government. Local Media - 17 October 2025",,Flood
195086,Argentina,ARG,-27.556141,-56.7188,"[-27.556141, -56.7188]",Recommended figure,Disaster,total,37,2025-10-17,2025-10-16,2025-10-17,2025,33581,Argentina: Flood - Corrientes (4 locations) - 16/10/2025,,,2025-10-16,2025-10-29,Weather related,Hydrological,Flood,Flood,,Civil Defence,,"Isla Apipé, Corrientes, Argentina","-27.556141, -56.7188",County/City/town/Village/Woreda (ADM3),Origin,Displacement without preventive evacuations reported,2025-10-18T01:10:13.691994Z,"Argentina: 37 displacements (evacuated), 16 October - 17 October. According to government, a total of 37 people were evacuated in Isla Apipé, Corrientes, Argentina due to flood between 16 and 17 October. Local Media - 17 October 2025",,Flood
195082,Argentina,ARG,-27.9475,-57.018131,"[-27.9475, -57.018131]",Recommended figure,Disaster,total,19,2025-10-17,2025-10-16,2025-10-17,2025,33581,Argentina: Flood - Corrientes (4 locations) - 16/10/2025,,,2025-10-16,2025-10-29,Weather related,Hydrological,Flood,Flood,,Civil Defence,,"Ituzaingó, Corrientes, Argentina","-27.9475, -57.018131",County/City/town/Village/Woreda (ADM3),Origin,Displacement without preventive evacuations reported,2025-10-18T01:10:13.384280Z,"Argentina: 19 displacements (evacuated), 16 October - 17 October. Flood resulted in a total of 19 people being evacuated in Ituzaingó, Corrientes, Argentina between 16 and 17 October, according to government. Local Media - 17 October 2025",,Flood
195084,Argentina,ARG,-28.07095,-57.540798,"[-28.07095, -57.540798]",Recommended figure,Disaster,total,10,2025-10-17,2025-10-16,2025-10-17,2025,33581,Argentina: Flood - Corrientes (4 locations) - 16/10/2025,,,2025-10-16,2025-10-29,Weather related,Hydrological,Flood,Flood,,Civil Defence,,"San Miguel, Departamento San Miguel, Corrientes, Argentina","-28.07095, -57.540798",County/City/town/Village/Woreda (ADM3),Origin,Displacement without preventive evacuations reported,2025-10-18T01:10:13.543131Z,"Argentina: 10 displacements (evacuated), 16 October - 17 October. Flood resulted in a total of 10 people being evacuated in San Miguel, Corrientes, Argentina on between 16 and 17 October, according to government. Local Media - 17 October 2025",,Flood
194872,Argentina,ARG,-31.040911,-64.487907,"[-31.040911, -64.487907]",Recommended figure,Disaster,approximately,90,2025-10-11,2025-10-11,2025-10-11,2025,33548,Argentina: Wildfire - Córdoba (Villa Giardino) - 11/10/2025,,,2025-10-11,2025-10-11,Weather related,Climatological,Wildfire,Wildfire,,Local Authorities,,"Villa Giardino, Municipio de Villa Giardino, Departamento Punilla, Córdoba, Argentina","-31.040911, -64.487907",County/City/town/Village/Woreda (ADM3),Origin,Displacement without preventive evacuations reported,2025-10-14T22:29:20.597316Z,"Argentina: 90 displacements (evacuated), 11 October - 11 October. Approximately 90 people were evacuated due to wildfire on 11 October in Villa Giardino, Municipio de Villa Giardino, Departamento Punilla, Córdoba, Argentina, according to local authority. Local Media - 11 October 2025",,Wildfire
193878,Argentina,ARG,-26.342131,-60.42749,"[-26.342131, -60.42749]",Recommended figure,Disaster,more than or equal to,6,2025-10-01,2025-09-30,2025-10-01,2025,33352,Argentina: Flood - Chaco (Tres Isletas) - 30/09/2025,,,2025-09-30,2025-10-01,Weather related,Hydrological,Flood,Flood,,Local Authorities,,"Tres Isletas, Municipio de Tres Isletas, Departamento Maipú, Chaco, Argentina","-26.342131, -60.42749",County/City/town/Village/Woreda (ADM3),Origin,Displacement without preventive evacuations reported,2025-10-03T22:08:01.545361Z,"Argentina: 6 displacements (evacuated), 30 September - 01 October. According to local authority, more than or equal to 2 households were evacuated in Tres Isletas, Municipio de Tres Isletas, Departamento Maipú, Chaco, Argentina due to flood on 30 September. Local Media - 01 October 2025",,Flood
192945,Argentina,ARG,-28.413651,-67.097603,"[-28.413651, -67.097603]",Recommended figure,Disaster,total,3,2025-09-22,2025-09-21,2025-09-22,2025,33255,Argentina: Wildfire - La Rioja (San Blas de los Sauces) - 21/09/2025,,,2025-09-21,2025-09-22,Weather related,Climatological,Wildfire,Wildfire,,Local Authorities,,"San Blas de los Sauces, Departamento San Blas de los Sauces, La Rioja, Argentina","-28.413651, -67.097603",County/City/town/Village/Woreda (ADM3),Origin,Displacement reporting preventive evacuations,2025-09-23T06:09:19.881499Z,"Argentina: 3 displacements (evacuated), 21 September - 22 September. Wildfire resulted in a total of 1 household being evacuated in San Blas de los Sauces, Departamento San Blas de los Sauces, La Rioja, Argentina on 21 September, according to local authority. Local Media - 22 September 2025",,Wildfire
192947,Argentina,ARG,-34.091499,-69.112213,"[-34.091499, -69.112213]",Recommended figure,Disaster,total,12,2025-09-21,2025-09-20,2025-09-21,2025,33256,Argentina: Storm - Mendoza (San Carlos) - 20/09/2025,,,2025-09-20,2025-09-21,Weather related,Meteorological,Storm,Storm,,Local Authorities,,"Departamento San Carlos, Mendoza, Argentina","-34.091499, -69.112213",District/Zone/Department (ADM2),Origin,Displacement without preventive evacuations reported,2025-09-23T06:23:36.963693Z,"Argentina: 12 displacements (evacuated), 20 September - 21 September. According to local authority, a total of 4 households were evacuated in Departamento San Carlos, Mendoza, Argentina due to storm on 20 September. Local Media - 22 September 2025",,Storm
192782,Argentina,ARG,-32.848869,-61.254299,"[-32.848869, -61.254299]",Recommended figure,Disaster,more than or equal to,6,2025-09-03,2025-09-03,2025-09-03,2025,33226,Argentina: Flood - Santa Fe (5 locations) - 01/09/2025,,,2025-09-01,2025-09-03,Weather related,Hydrological,Flood,Flood,,Local Authorities,,"Correa, Municipio de Correa, Departamento Iriondo, Santa Fe, Argentina","-32.848869, -61.254299",Point,Origin,Displacement without preventive evacuations reported,2025-09-17T21:10:45.985376Z,"Argentina: 6 displacements (relocated), 03 September - 03 September. More than or equal to 2 households were relocated due to flood on 3 September in Correa, Municipio de Correa, Departamento Iriondo, Santa Fe, Argentina, according to local authority. Infobae - 03 September 2025",,Flood
192780,Argentina,ARG,-32.85191,-61.152931,"[-32.85191, -61.152931]",Recommended figure,Disaster,total,18,2025-09-03,2025-09-03,2025-09-03,2025,33226,Argentina: Flood - Santa Fe (5 locations) - 01/09/2025,,,2025-09-01,2025-09-03,Weather related,Hydrological,Flood,Flood,,Firefighters,,"Carcarañá, Municipio de Carcarañá, Departamento San Lorenzo, Santa Fe, Argentina","-32.85191, -61.152931",County/City/town/Village/Woreda (ADM3),Origin,Displacement reporting preventive evacuations,2025-09-17T21:10:45.877769Z,"Argentina: 18 displacements (evacuated), 03 September - 03 September. Flood resulted in a total of 18 people being evacuated in Carcarañá, Municipio de Carcarañá, Departamento San Lorenzo, Santa Fe, Argentina on 3 September, according to local authority. Infobae - 03 September 2025",,Flood
192784,Argentina,ARG,-32.66745,-60.795738,"[-32.66745, -60.795738]",Recommended figure,Disaster,total,6,2025-09-03,2025-09-03,2025-09-03,2025,33226,Argentina: Flood - Santa Fe (5 locations) - 01/09/2025,,,2025-09-01,2025-09-03,Weather related,Hydrological,Flood,Flood,,Local Authorities,,"Timbúes, Timbúes, Municipio de Timbúes, Departamento San Lorenzo, Santa Fe, Argentina","-32.66745, -60.795738",County/City/town/Village/Woreda (ADM3),Origin,Displacement without preventive evacuations reported,2025-09-17T21:10:46.094559Z,"Argentina: 6 displacements (evacuated), 03 September - 03 September. Flood resulted in a total of 2 households being evacuated in Timbúes, Timbúes, Municipio de Timbúes, Departamento San Lorenzo, Santa Fe, Argentina on 3 September, according to local authority. Infobae - 03 September 2025",,Flood
192786,Argentina,ARG,-33.539089,-61.954288,"[-33.539089, -61.954288]",Recommended figure,Disaster,total,22,2025-09-03,2025-09-03,2025-09-03,2025,33226,Argentina: Flood - Santa Fe (5 locations) - 01/09/2025,,,2025-09-01,2025-09-03,Weather related,Hydrological,Flood,Flood,,Local Authorities,,"Municipio de La Chispa, Departamento General López, Santa Fe, Argentina","-33.539089, -61.954288",County/City/town/Village/Woreda (ADM3),Origin,Displacement reporting preventive evacuations,2025-09-17T21:10:46.198027Z,"Argentina: 22 displacements (evacuated), 03 September - 03 September. Flood resulted in a total of 22 people being evacuated in Municipio de La Chispa, Departamento General López, Santa Fe, Argentina on 3 September, according to local authority. Infobae - 03 September 2025",,Flood
193091,Argentina,ARG,-32.576851,-60.853539,"[-32.576851, -60.853539]",Recommended figure,Disaster,more than or equal to,30,2025-09-01,2025-09-01,2025-09-01,2025,33226,Argentina: Flood - Santa Fe (5 locations) - 01/09/2025,,,2025-09-01,2025-09-03,Weather related,Hydrological,Flood,Flood,,Local Authorities,,"Oliveros, Municipio de Oliveros, Departamento Iriondo, Santa Fe, Argentina","-32.576851, -60.853539",County/City/town/Village/Woreda (ADM3),Origin,Displacement without preventive evacuations reported,2025-09-23T21:08:23.321164Z,"Argentina: 30 displacements (evacuated), 01 September - 01 September. More than or equal to 10 households were evacuated due to risk of overflow of the Carcarañá River on 1 September in Oliveros, Municipio de Oliveros, Departamento Iriondo, Santa Fe, Argentina, according to local authority. Local Media - 01 September 2025",,Flood
193097,Argentina,ARG,-31.745449,-60.505348,"[-31.745449, -60.505348]",Recommended figure,Disaster,more than or equal to,3,2025-08-31,2025-08-31,2025-08-31,2025,33272,Argentina: Storm - 5 Provinces - 29/08/2025,,,2025-08-29,2025-08-31,Weather related,Meteorological,Storm,Storm,,Civil Defence,,"Paraná, Distrito Sauce, Departamento Paraná, Entre Ríos","-31.745449, -60.505348",County/City/town/Village/Woreda (ADM3),Origin,Displacement without preventive evacuations reported,2025-09-23T21:29:35.551852Z,"Argentina: 3 displacements (evacuated), 31 August - 31 August. More than or equal to 3 people were evacuated due to storm on 31 August in Paraná, Distrito Sauce, Departamento Paraná, Entre Ríos, according to government. Local Media - 31 August 2025",,Storm
193093,Argentina,ARG,-32.08075,-68.65686,"[-32.08075, -68.65686]",Recommended figure,Disaster,total,7,2025-08-31,2025-08-31,2025-08-31,2025,33272,Argentina: Storm - 5 Provinces - 29/08/2025,,,2025-08-29,2025-08-31,Weather related,Meteorological,Storm,Storm,,Police,,"Sarmiento, San Juan, Argentina","-32.08075, -68.65686",District/Zone/Department (ADM2),Origin,Displacement reporting preventive evacuations,2025-09-23T21:14:42.177265Z,"Argentina: 7 displacements (evacuated), 31 August - 31 August. A total of 7 people were evacuated due to storm on 31 August in Sarmiento, San Juan, Argentina, according to local authority. Local Media - 31 August 2025",,Storm
193081,Argentina,ARG,-31.64695,-63.341019,"[-31.64695, -63.341019]",Recommended figure,Disaster,total,6,2025-08-31,2025-08-30,2025-08-31,2025,33272,Argentina: Storm - 5 Provinces - 29/08/2025,,,2025-08-29,2025-08-31,Weather related,Meteorological,Storm,Storm,,Protección Civil,,"Municipio de Luque, Departamento Río Segundo, Córdoba, Argentina","-31.64695, -63.341019",County/City/town/Village/Woreda (ADM3),Origin,Displacement without preventive evacuations reported,2025-09-23T13:50:50.852570Z,"Argentina: 6 displacements (evacuated), 30 August - 31 August. Storm resulted in a total of 2 households being evacuated in Municipio de Luque, Departamento Río Segundo, Córdoba, Argentina between 30 - 31 August, according to government. Clarín - 01 September 2025",,Storm
193070,Argentina,ARG,-34.036499,-61.916279,"[-34.036499, -61.916279]",Recommended figure,Disaster,total,25,2025-08-31,2025-08-30,2025-08-31,2025,33272,Argentina: Storm - 5 Provinces - 29/08/2025,,,2025-08-29,2025-08-31,Weather related,Meteorological,Storm,Storm,,Protección Civil,,"Municipio de María Teresa, Departamento General López, Santa Fe, Argentina","-34.036499, -61.916279",County/City/town/Village/Woreda (ADM3),Origin,Displacement without preventive evacuations reported,2025-09-23T13:25:59.916152Z,"Argentina: 25 displacements (evacuated), 30 August - 31 August. Storm resulted in a total of 25 people being evacuated in Municipio de María Teresa, Departamento General López, Santa Fe, Argentina between 30 and 31 August, according to government. Local Media - 01 September 2025",,Storm
193075,Argentina,ARG,-34.787201,-68.438072,"[-34.787201, -68.438072]",Recommended figure,Disaster,more than or equal to,100,2025-08-31,2025-08-30,2025-08-31,2025,33272,Argentina: Storm - 5 Provinces - 29/08/2025,,,2025-08-29,2025-08-31,Weather related,Meteorological,Storm,Storm,,Protección Civil,,"Mendoza, Argentina","-34.787201, -68.438072",State/Region/Province (ADM1),Origin,Displacement without preventive evacuations reported,2025-09-23T13:50:50.607320Z,"Argentina: 100 displacements (evacuated), 30 August - 31 August. More than or equal to 100 people were evacuated due to storm between 30 - 31 August in Mendoza, Argentina, according to government. Clarín - 01 September 2025",,Storm
193077,Argentina,ARG,-32.985641,-62.016361,"[-32.985641, -62.016361]",Recommended figure,Disaster,total,11,2025-08-31,2025-08-30,2025-08-31,2025,33272,Argentina: Storm - 5 Provinces - 29/08/2025,,,2025-08-29,2025-08-31,Weather related,Meteorological,Storm,Storm,,Protección Civil,,"Municipio de Los Surgentes, Departamento Marcos Juárez, Córdoba, Argentina","-32.985641, -62.016361",County/City/town/Village/Woreda (ADM3),Origin,Displacement without preventive evacuations reported,2025-09-23T13:50:50.690524Z,"Argentina: 11 displacements (evacuated), 30 August - 31 August. According to government, a total of 11 people were evacuated in Municipio de Los Surgentes, Departamento Marcos Juárez, Córdoba, Argentina due to storm between 30 - 31 August. Clarín - 01 September 2025",,Storm
193079,Argentina,ARG,-32.694691,-62.104389,"[-32.694691, -62.104389]",Recommended figure,Disaster,total,9,2025-08-31,2025-08-30,2025-08-31,2025,33272,Argentina: Storm - 5 Provinces - 29/08/2025,,,2025-08-29,2025-08-31,Weather related,Meteorological,Storm,Storm,,Protección Civil,,"Marcos Juárez, Municipio de Marcos Juárez, Pedanía Espinillos, Departamento Marcos Juárez, Córdoba, Argentina","-32.694691, -62.104389",County/City/town/Village/Woreda (ADM3),Origin,Displacement without preventive evacuations reported,2025-09-23T13:50:50.771903Z,"Argentina: 9 displacements (evacuated), 30 August - 31 August. A total of 9 people were evacuated due to storm between 30 - 31 August in Marcos Juárez, Municipio de Marcos Juárez, Córdoba, Argentina, according to government. Clarín - 01 September 2025",,Storm
193095,Argentina,ARG,-31.82896,-68.246811,"[-31.82896, -68.246811]",Recommended figure,Disaster,total,3,2025-08-30,2025-08-30,2025-08-30,2025,33272,Argentina: Storm - 5 Provinces - 29/08/2025,,,2025-08-29,2025-08-31,Weather related,Meteorological,Storm,Storm,,Civil Defence; Police,,"La Chimbera, Veinticinco de Mayo, San Juan, Argentina","-31.82896, -68.246811",County/City/town/Village/Woreda (ADM3),Origin,Displacement without preventive evacuations reported,2025-09-23T21:21:08.251501Z,"Argentina: 3 displacements (evacuated), 30 August - 30 August. A total of 3 people were evacuated due to storm on 30 August in La Chimbera, Veinticinco de Mayo, San Juan, Argentina, according to local authority, government. Local Media - 30 August 2025",,Storm
