country,fatalities_latest,fatalities_avg_3yr,fatalities_total,years_with_conflict,civilian_events_latest,civilian_events_avg_3yr,civilian_events_total,violence_events_latest,violence_events_avg_3yr,violence_events_total,civilian_deaths_latest,civilian_deaths_avg_3yr,civilian_deaths_total,has_active_conflict,conflict_intensity_score,civilian_targeting_score,conflict_score,acled_latest_year
Afghanistan,824,1112.6666666666667,201662,9,352,512,8172,712,947.3333333333334,64128,201,356.6666666666667,11445,TRUE,75,75,75,2025
Akrotiri and Dhekelia,0,0,0,0,1,0.33333333333333337,1,1,0.33333333333333337,1,0,0,0,FALSE,0,0,0,2025
Albania,0,0.6666666666666666,4,4,3,4.666666666666667,37,3,5.666666666666667,75,0,0.6666666666666666,2,FALSE,25,0,12.5,2025
Algeria,32,26.666666666666668,13800,29,12,9.666666666666666,891,23,19,3100,10,14,7024,TRUE,50,50,50,2025
American Samoa,0,0,0,0,0,0,0,0,0,0,0,0,0,FALSE,0,0,0,2025
Andorra,0,0,0,0,0,0.5,1,0,0.5,1,0,0,0,FALSE,0,0,0,2025
Angola,188,117.33333333333333,144208,28,39,42.666666666666664,892,52,53.333333333333336,3150,38,43,23056,TRUE,50,50,50,2025
Anguilla,0,0,0,0,1,0.5,1,1,0.5,1,0,0,0,FALSE,0,0,0,2024
Antarctica,0,0,0,0,0,0,0,0,0,0,0,0,0,FALSE,0,0,0,2024
Antigua and Barbuda,1,1.6666666666666667,7,4,1,2,13,1,2,13,1,1.6666666666666667,7,TRUE,25,25,25,2025
Argentina,2,4,122,8,8,17,336,14,28.333333333333332,473,2,3.6666666666666665,89,TRUE,50,25,37.5,2025
Armenia,1,9.666666666666666,298,8,3,6.666666666666667,81,134,94.66666666666667,4511,1,0.6666666666666666,21,TRUE,50,0,25,2025
Aruba,1,0.33333333333333337,1,1,1,1,1,1,1,1,1,1,1,TRUE,0,0,0,2025
Australia,0,0,7,1,1,2,8,1,3,21,0,0,1,FALSE,25,0,12.5,2025
Austria,1,0.33333333333333337,7,2,1,2,19,1,2.3333333333333335,24,1,0.33333333333333337,7,TRUE,25,0,12.5,2025
Azerbaijan,6,192.66666666666669,7797,8,15,41.333333333333336,340,25,222.33333333333331,18078,5,10.666666666666666,224,TRUE,75,50,62.5,2025
Bahamas,0,0,6,2,1,3.666666666666667,17,1,3.666666666666667,19,0,0,3,FALSE,25,0,12.5,2025
Bahrain,0,0,22,3,9,6.333333333333333,91,11,8.666666666666666,121,0,0,6,FALSE,25,0,12.5,2025
Bailiwick of Guernsey,0,0,0,0,0,0,0,0,0,0,0,0,0,FALSE,0,0,0,2025
Bailiwick of Jersey,0,0,0,0,0,0,0,0,0,0,0,0,0,FALSE,0,0,0,2025
Bangladesh,327,854,8167,16,553,592,7433,998,1053,14482,218,308,3730,TRUE,100,75,87.5,2025
Barbados,0,0,2,1,0,0.6666666666666667,2,0,0.6666666666666667,3,0,0.6666666666666667,2,FALSE,0,0,0,2024
Belarus,1,1.6666666666666667,20,6,6,15.333333333333334,226,12,19,250,1,1.3333333333333333,14,TRUE,50,25,37.5,2025
Belgium,0,1.3333333333333335,9,3,5,5,24,8,9.333333333333334,65,0,1,5,FALSE,25,0,12.5,2025
Belize,27,29.333333333333332,473,8,36,40,626,56,55,820,16,20,370,TRUE,50,50,50,2025
Benin,414,305,1359,17,114,177.33333333333334,854,173,249,1230,107,126.33333333333333,609,TRUE,75,75,75,2025
Bermuda,0,0,0,0,0,0,0,0,0,0,0,0,0,FALSE,0,0,0,2025
Bhutan,0,0,0,0,1,1,4,1,1.5,6,0,0,0,FALSE,25,0,12.5,2024
Bolivia,33,22.333333333333332,149,8,60,48,251,105,93.33333333333333,517,24,14.666666666666666,79,TRUE,50,50,50,2025
Bosnia and Herzegovina,0,0.6666666666666667,5,4,13,12.333333333333334,77,15,13.666666666666666,118,0,0,3,FALSE,50,25,37.5,2025
Botswana,4,4.333333333333333,30,10,5,6.666666666666667,56,5,7,66,4,4.333333333333333,29,TRUE,25,25,25,2025
Brazil,6965,7617,55760,8,4269,4683,32759,8950,9443.666666666666,73060,3660,4065,29075,TRUE,100,100,100,2025
British Indian Ocean Territory,0,0,0,0,0,0,0,0,0,0,0,0,0,FALSE,0,0,0,2021
British Virgin Islands,0,0,0,0,0,0,0,0,0,0,0,0,0,FALSE,0,0,0,2025
Brunei,0,0,0,0,0,0,0,0,0,0,0,0,0,FALSE,0,0,0,2023
Bulgaria,1,0.33333333333333337,1,1,3,3,20,3,3,33,1,0.5,1,TRUE,25,0,12.5,2025
Burkina Faso,4811,6932.333333333333,32679,24,153,429.3333333333333,3670,1180,1404.6666666666667,8985,773,1841.3333333333333,10553,TRUE,100,100,100,2025
Burundi,202,182.66666666666666,24587,29,181,232.33333333333334,6725,192,253.33333333333334,9081,90,110.66666666666667,11252,TRUE,75,75,75,2025
Cambodia,0,0,124,13,2,1.3333333333333333,224,4,2,306,0,0,80,FALSE,25,0,12.5,2025
Cameroon,972,1787.6666666666667,18071,29,1308,1577,8184,1833,2485,13746,359,686,6832,TRUE,100,75,87.5,2025
Canada,0,1.3333333333333335,12,2,3,5,39,3,6,51,0,1.3333333333333335,12,FALSE,25,25,25,2025
Cape Verde,0,0,0,0,1,1,4,1,2,11,0,0,0,FALSE,25,0,12.5,2025
Caribbean Netherlands,0,0,0,0,0,0,0,0,0,0,0,0,0,FALSE,0,0,0,2025
Cayman Islands,0,0,0,0,0,0,0,0,0,0,0,0,0,FALSE,0,0,0,2025
Central African Republic,873,749.3333333333334,19293,29,324,242.33333333333334,3676,463,390.6666666666667,6130,474,367,9476,TRUE,75,75,75,2025
Chad,292,378.3333333333333,11272,29,80,69.66666666666667,689,120,115.66666666666667,1499,147,123,2208,TRUE,75,75,75,2025
Chile,12,26.666666666666668,197,8,91,98,871,138,158.66666666666666,1483,11,16.333333333333332,112,TRUE,75,50,62.5,2025
China,1,7,106,8,143,168,2624,143,169.66666666666666,2707,1,6.333333333333333,93,TRUE,75,25,50,2025
Christmas Island,0,0,0,0,0,0,0,0,0,0,0,0,0,FALSE,0,0,0,2022
Cocos (Keeling) Islands,0,0,0,0,0,0,0,0,0,0,0,0,0,FALSE,0,0,0,2021
Colombia,2085,1951.6666666666667,14971,8,1368,1583.6666666666667,11374,2580,2592.3333333333335,18490,1241,1322.6666666666667,10504,TRUE,100,100,100,2025
Comoros,2,2,10,5,4,6,36,9,10.333333333333334,58,0,1,7,TRUE,50,0,25,2025
Cook Islands,0,0,0,0,0,0,0,0,0,0,0,0,0,FALSE,0,0,0,2025
Costa Rica,5,7.666666666666667,50,8,13,10.333333333333334,79,16,17,123,5,5,38,TRUE,50,25,37.5,2025
Croatia,0,0,3,1,7,7.666666666666667,63,7,8,79,0,0,3,FALSE,25,0,12.5,2025
Cuba,5,4.666666666666667,22,7,44,48.666666666666664,375,44,50,399,5,4.666666666666667,19,TRUE,50,25,37.5,2025
Curacao,0,0,0,0,0,0,0,1,0.6666666666666666,2,0,0,0,FALSE,0,0,0,2025
Cyprus,1,0.33333333333333337,3,3,21,23.333333333333332,105,31,36.666666666666664,188,1,0.33333333333333337,3,TRUE,50,25,37.5,2025
Czech Republic,0,0,1,1,4,5,21,4,6.666666666666667,30,0,0,1,FALSE,25,0,12.5,2025
Democratic Republic of Congo,6475,5466.666666666667,91301,29,1133,1090.6666666666667,13354,2926,2490,28804,3491,3318.3333333333335,42181,TRUE,100,100,100,2025
Denmark,0,0,1,1,3,2.5,16,4,2.3333333333333335,34,0,0,1,FALSE,25,0,12.5,2025
Djibouti,1,8.333333333333334,118,16,1,2,62,2,5,109,1,1.6666666666666665,29,TRUE,25,25,25,2024
Dominica,0,0,1,1,1,0.6666666666666666,2,1,1,3,0,0.33333333333333337,1,FALSE,0,0,0,2025
Dominican Republic,23,16.666666666666668,126,8,12,18.666666666666668,135,18,26.333333333333332,198,11,10,85,TRUE,50,25,37.5,2025
East Timor,0,0,4,2,1,1.6666666666666667,11,1,1.6666666666666667,15,0,0,4,FALSE,25,0,12.5,2025
Ecuador,3619,3101.3333333333335,9393,8,2282,2061.3333333333335,6313,2948,2695,8287,2795,2406.3333333333335,7272,TRUE,100,100,100,2025
Egypt,51,32.333333333333336,15389,27,26,25,1634,42,31.333333333333332,5853,31,22.333333333333332,2946,TRUE,50,50,50,2025
El Salvador,9,29.333333333333332,3053,8,9,17.666666666666668,1597,18,37.333333333333336,2811,7,14,1739,TRUE,50,50,50,2025
Equatorial Guinea,0,1.3333333333333335,48,12,1,2,36,1,1.6666666666666667,46,1,0.6666666666666666,25,FALSE,25,0,12.5,2024
Eritrea,0,0.33333333333333337,54417,23,1,1,97,3,2.6666666666666665,322,0,0,5251,FALSE,25,0,12.5,2024
Estonia,0,0,1,1,1,0.5,1,1,0.5,1,1,0.5,1,FALSE,0,0,0,2025
Ethiopia,5563,5619.333333333333,80938,29,501,615,4528,2010,1993,12820,1123,1564,19626,TRUE,100,100,100,2025
Falkland Islands,0,0,0,0,0,0,0,0,0,0,0,0,0,FALSE,0,0,0,2025
Faroe Islands,0,0,0,0,0,0.5,1,0,0.5,1,0,0,0,FALSE,0,0,0,2025
Fiji,0,0,0,0,2,1.5,3,2,2,5,0,0,0,FALSE,25,0,12.5,2025
Finland,0,0,2,2,3,2,10,3,2,18,0,0,2,FALSE,25,0,12.5,2025
France,10,8.666666666666666,52,6,51,46.333333333333336,281,92,74.33333333333333,632,10,8,47,TRUE,50,25,37.5,2025
French Guiana,0,1,3,2,1,1,5,1,2,11,1,1,2,FALSE,25,0,12.5,2025
French Polynesia,0,0,0,0,1,1,1,1,1.5,5,0,0,0,FALSE,25,0,12.5,2025
French Southern and Antarctic Lands,0,0,0,0,0,0,0,0,0,0,0,0,0,FALSE,0,0,0,2021
Gabon,1,1.3333333333333333,44,12,3,6,54,6,8.333333333333334,79,1,1,14,TRUE,25,0,12.5,2025
Gambia,0,1,155,19,3,3.3333333333333335,103,5,5.333333333333333,155,0,1,122,FALSE,25,0,12.5,2025
Georgia,0,1,10,5,20,18,157,22,21,220,0,1,8,FALSE,50,25,37.5,2025
Germany,7,10.666666666666666,56,6,57,52.333333333333336,291,66,61.333333333333336,377,7,10.333333333333334,54,TRUE,50,50,50,2025
Ghana,258,194.33333333333334,1421,28,123,151,966,231,253.66666666666666,1640,133,113,791,TRUE,75,75,75,2025
Gibraltar,0,0,0,0,0,0,0,0,0,0,0,0,0,FALSE,0,0,0,2025
Greece,6,4.666666666666667,54,8,57,54.333333333333336,377,92,104.33333333333333,943,5,4.333333333333333,43,TRUE,75,25,50,2025
Greenland,0,0,0,0,0,0,0,0,0,0,0,0,0,FALSE,0,0,0,2025
Grenada,0,0,0,0,0,0,0,0,0,0,0,0,0,FALSE,0,0,0,2025
Guadeloupe,0,0,2,2,1,0.6666666666666666,5,9,4,20,0,0,2,FALSE,25,0,12.5,2025
Guam,0,0,0,0,0,0,0,0,0,0,0,0,0,FALSE,0,0,0,2025
Guatemala,424,519.6666666666666,5464,8,304,418.6666666666667,3292,426,529.6666666666666,5810,307,420.6666666666667,3089,TRUE,75,75,75,2025
Guinea,28,54.666666666666664,3620,28,35,44.666666666666664,559,71,86.33333333333333,1118,14,19.666666666666668,1770,TRUE,50,50,50,2025
Guinea-Bissau,0,4.666666666666667,983,21,3,5.666666666666667,69,3,6.333333333333333,188,0,4,67,FALSE,25,25,25,2025
Guyana,10,4.333333333333333,23,7,5,6.333333333333333,50,10,9.666666666666666,74,4,2.3333333333333335,14,TRUE,25,25,25,2025
Haiti,2480,2682.3333333333335,12004,8,493,580.3333333333334,3354,1089,1185.3333333333333,6237,909,1089.6666666666667,4922,TRUE,100,100,100,2025
Heard Island and McDonald Islands,0,0,0,0,0,0,0,0,0,0,0,0,0,FALSE,0,0,0,2021
Honduras,489,546,5578,8,365,394.6666666666667,4072,437,469,4830,410,457.6666666666667,4711,TRUE,75,75,75,2025
Hungary,1,0.33333333333333337,1,1,8,7.333333333333333,35,8,8,38,1,0.33333333333333337,1,TRUE,25,0,12.5,2025
Iceland,0,0,3,1,1,1,5,1,1,5,0,0,3,FALSE,0,0,0,2025
India,1060,1153.6666666666667,13366,10,1479,1842.3333333333333,15448,2622,3196.6666666666665,32439,450,583.6666666666666,5430,TRUE,100,75,87.5,2025
Indonesia,236,205.66666666666666,1738,11,305,239,1546,544,454,2957,104,102.33333333333333,776,TRUE,75,75,75,2025
Iran,702,418,3711,10,133,102.33333333333333,994,554,306.6666666666667,2050,297,191,1323,TRUE,75,75,75,2025
Iraq,527,979.3333333333334,107005,10,299,418.3333333333333,7747,2502,4778.333333333333,48539,171,276,21630,TRUE,100,75,87.5,2025
Ireland,0,0,0,0,2,2.6666666666666665,22,2,3,24,0,0,0,FALSE,25,0,12.5,2025
Isle of Man,0,0,0,0,0,0,0,0,0,0,0,0,0,FALSE,0,0,0,2025
Israel,47,639.3333333333333,2020,10,51,146.66666666666666,863,193,1613,6279,46,323.66666666666663,1049,TRUE,100,75,87.5,2025
Italy,0,0,2,2,23,21.333333333333332,220,46,60,449,0,0,1,FALSE,50,25,37.5,2025
Ivory Coast,36,27.666666666666668,4317,29,37,42.333333333333336,745,84,78.33333333333333,1728,14,14,2656,TRUE,50,50,50,2025
Jamaica,257,342,2484,8,125,223,1657,249,339.6666666666667,2383,109,218.66666666666666,1770,TRUE,75,75,75,2025
Japan,0,0,1,1,1,0.6666666666666666,3,2,1,4,0,0.33333333333333337,1,FALSE,0,0,0,2025
Jordan,7,5.666666666666667,196,10,3,2,41,8,13.333333333333334,341,2,1.5,41,TRUE,50,25,37.5,2025
Kazakhstan,4,4.333333333333333,273,8,54,61.666666666666664,446,56,62.666666666666664,484,4,4.333333333333333,65,TRUE,50,25,37.5,2025
Kenya,868,887,15052,29,823,741,5849,1195,1128,9366,538,499.6666666666667,8369,TRUE,100,75,87.5,2025
Kiribati,0,0,0,0,0,0,0,0,0,0,0,0,0,FALSE,0,0,0,2021
Kosovo,1,2,10,3,9,16,116,10,23.666666666666668,156,1,0.33333333333333337,5,TRUE,50,25,37.5,2025
Kuwait,0,0,1,1,0,0,1,0,0.6666666666666667,4,0,0,0,FALSE,0,0,0,2024
Kyrgyzstan,5,2.6666666666666665,122,8,34,35,288,37,40,394,5,2.3333333333333335,16,TRUE,50,25,37.5,2025
Laos,0,0,37,8,2,1,22,1,1.5,36,0,0,16,FALSE,25,0,12.5,2025
Latvia,3,1.3333333333333333,4,2,3,2,5,3,2,5,3,2,4,TRUE,25,25,25,2025
Lebanon,391,1569.3333333333335,5499,10,284,424,1696,1792,5768,18855,82,755.6666666666667,2356,TRUE,100,75,87.5,2025
Lesotho,0,5,240,19,8,10.666666666666666,101,8,11.333333333333334,135,3,9.333333333333334,140,FALSE,50,25,37.5,2025
Liberia,20,11.666666666666666,1270,25,16,11.666666666666666,381,24,21.333333333333332,1070,17,7.666666666666666,290,TRUE,50,25,37.5,2025
Libya,264,173,24000,22,152,99.33333333333333,2732,337,213,9350,77,57.333333333333336,6548,TRUE,75,50,62.5,2025
Liechtenstein,0,0,0,0,0,0,0,0,0,0,0,0,0,FALSE,0,0,0,2024
Lithuania,0,0,0,0,1,1,3,1,1,3,0,0,0,FALSE,0,0,0,2025
Luxembourg,0,0,0,0,0,0,0,0,0,0,0,0,0,FALSE,0,0,0,2025
Madagascar,256,413.3333333333333,4433,25,127,196.66666666666666,1366,273,412.6666666666667,2793,56,93,1099,TRUE,75,50,62.5,2025
Malawi,39,47.333333333333336,435,20,55,63.333333333333336,585,75,81,775,35,44.666666666666664,386,TRUE,50,50,50,2025
Malaysia,3,2,54,7,4,3,71,6,4,101,1,0.33333333333333337,29,TRUE,25,0,12.5,2025
Maldives,0,0.33333333333333337,1,1,3,2.5,9,6,4.333333333333333,19,1,0.5,1,FALSE,25,0,12.5,2025
Mali,3566,3971.3333333333335,29222,28,535,713.6666666666666,4882,1357,1475.6666666666667,10351,1119,1634,11210,TRUE,100,100,100,2025
Malta,2,0.6666666666666667,2,1,2,2,8,2,2,13,2,1,2,TRUE,25,0,12.5,2025
Marshall Islands,0,0,0,0,0,0,0,0,0,0,0,0,0,FALSE,0,0,0,2024
Martinique,0,0.33333333333333337,1,1,1,1,2,2,1.5,10,0,0,0,FALSE,25,0,12.5,2025
Mauritania,0,5.333333333333333,166,21,6,6.666666666666667,79,11,10.666666666666666,147,0,2,34,FALSE,50,25,37.5,2025
Mauritius,0,1.3333333333333333,11,5,10,14,91,14,19,127,0,1.3333333333333333,11,FALSE,50,25,37.5,2025
Mayotte,0,0.33333333333333337,5,3,3,6,29,22,37.666666666666664,149,0,0,2,FALSE,50,0,25,2025
Mexico,7366,7658.666666666667,66297,8,5673,5645.666666666667,47080,7310,7196,59252,5948,6153.666666666667,53578,TRUE,100,100,100,2025
Micronesia,0,0,0,0,0,0,0,0,0,0,0,0,0,FALSE,0,0,0,2021
Moldova,0,0.33333333333333337,1,1,6,4.666666666666667,48,7,6.666666666666667,69,0,0.33333333333333337,1,FALSE,25,0,12.5,2025
Monaco,0,0,0,0,0,0,0,0,0,0,0,0,0,FALSE,0,0,0,2025
Mongolia,0,0,1,1,1,0.33333333333333337,4,1,1,6,0,0,1,FALSE,0,0,0,2025
Montenegro,0,0.33333333333333337,3,2,8,3.666666666666667,38,9,4.333333333333333,66,0,0.33333333333333337,3,FALSE,25,0,12.5,2025
Montserrat,0,0,0,0,0,0,0,0,0,0,0,0,0,FALSE,0,0,0,2022
Morocco,54,44.666666666666664,411,23,19,22.666666666666668,394,47,51.333333333333336,673,12,10,171,TRUE,50,25,37.5,2025
Mozambique,568,517,7522,22,234,204,2197,378,339,3423,291,215.33333333333334,3205,TRUE,75,75,75,2025
Myanmar,13411,18248,99461,16,3290,3554.3333333333335,19015,9663,11707,61714,2980,3469.3333333333335,18982,TRUE,100,100,100,2025
Namibia,1,3.6666666666666665,284,18,2,5.333333333333333,155,3,5.666666666666667,241,1,3.6666666666666665,185,TRUE,25,25,25,2025
Nauru,0,0,0,0,0,0,0,0,0,0,0,0,0,FALSE,0,0,0,2021
Nepal,81,31.666666666666664,387,16,75,90.66666666666667,1659,140,155.33333333333334,3372,1,2.6666666666666665,165,TRUE,75,25,50,2025
Netherlands,1,0.6666666666666666,4,4,9,8.666666666666666,53,9,10.666666666666666,88,1,0.6666666666666666,4,TRUE,50,0,25,2025
New Caledonia,0,6.333333333333334,19,1,1,1,1,3,3,4,0,0,0,FALSE,25,0,12.5,2025
New Zealand,0,0,1,1,2,2,2,3,3,3,1,1,1,FALSE,25,0,12.5,2025
Nicaragua,7,12,491,8,7,8.666666666666666,406,9,13,438,5,8,334,TRUE,50,25,37.5,2025
Niger,1790,1600,11961,26,227,232,1964,477,457.3333333333333,3465,782,535.6666666666666,4015,TRUE,75,75,75,2025
Nigeria,10579,9728.333333333334,133323,29,2337,2268.3333333333335,18169,3929,3959.6666666666665,32615,3773,3495.6666666666665,59174,TRUE,100,100,100,2025
Niue,0,0,0,0,0,0,0,0,0,0,0,0,0,FALSE,0,0,0,2021
Norfolk Island,0,0,0,0,0,0,0,0,0,0,0,0,0,FALSE,0,0,0,2021
North Korea,1,14.333333333333334,113,7,1,2.3333333333333335,55,1,3,61,1,12.666666666666668,107,TRUE,25,50,37.5,2025
North Macedonia,0,0,1,1,3,5.333333333333333,27,3,5.333333333333333,29,0,0,0,FALSE,25,0,12.5,2025
Northern Mariana Islands,0,0,0,0,0,0,0,0,0,0,0,0,0,FALSE,0,0,0,2025
Norway,1,0.33333333333333337,4,3,2,1.6666666666666667,15,2,2.6666666666666665,24,1,0.33333333333333337,4,TRUE,25,0,12.5,2025
Oman,10,5,12,2,4,4,7,5,5,8,6,6,8,TRUE,25,25,25,2024
Pakistan,4688,3361,53651,16,1429,1032,9673,3222,2464.3333333333335,24185,892,814.6666666666666,14433,TRUE,100,75,87.5,2025
Palau,0,0,0,0,0,0,0,0,0,0,0,0,0,FALSE,0,0,0,2025
Palestine,16679,23335,71540,10,7199,6117,25793,13544,14323,63971,14224,18020,54544,TRUE,100,100,100,2025
Panama,2,4.333333333333333,28,8,6,7.333333333333333,60,7,11.333333333333334,95,0,2.666666666666667,21,TRUE,50,25,37.5,2025
Papua New Guinea,123,265.3333333333333,1291,5,61,80,376,155,192.66666666666666,859,51,104.33333333333333,494,TRUE,75,75,75,2025
Paraguay,0,5.666666666666667,144,7,3,11.666666666666666,175,6,20,278,0,2,73,FALSE,50,25,37.5,2025
Peru,40,55,334,8,170,144.33333333333334,756,238,204,1187,37,39,173,TRUE,75,50,62.5,2025
Philippines,473,660.6666666666666,18330,10,289,356,9673,481,632.3333333333334,14098,259,347.3333333333333,11679,TRUE,75,75,75,2025
Pitcairn,0,0,0,0,0,0,0,0,0,0,0,0,0,FALSE,0,0,0,2021
Poland,0,0.6666666666666666,3,3,6,8.666666666666666,38,72,55.666666666666664,338,0,0.33333333333333337,2,FALSE,50,0,25,2025
Portugal,0,0.33333333333333337,3,2,3,3,10,3,3.5,17,0,0.5,3,FALSE,25,0,12.5,2025
Puerto Rico,153,185.66666666666666,1340,8,139,167.66666666666666,1226,181,218.33333333333334,1546,107,138.66666666666666,1028,TRUE,75,75,75,2025
Qatar,6,3,6,1,0,0,0,2,2,2,0,0,0,TRUE,25,0,12.5,2025
Republic of Congo,17,8,692,25,3,3.3333333333333335,141,6,5,362,4,3.6666666666666665,169,TRUE,25,25,25,2025
Reunion,0,0,0,0,1,2.6666666666666665,10,4,3,29,0,0,0,FALSE,25,0,12.5,2025
Romania,0,0.33333333333333337,5,3,6,7,41,6,7.666666666666667,57,0,0.33333333333333337,2,FALSE,25,0,12.5,2025
Russia,1770,2264.6666666666665,7139,8,1488,961,3519,15416,10523.333333333334,32581,339,372,1218,TRUE,100,75,87.5,2025
Rwanda,19,12.666666666666666,7558,29,7,10,532,8,12.333333333333334,728,19,11.666666666666666,3114,TRUE,50,50,50,2025
"Saint Helena, Ascension and Tristan da Cunha",0,0,0,0,0,0,0,0,0,0,0,0,0,FALSE,0,0,0,2021
Saint Kitts and Nevis,0,0,1,1,0,0,2,0,0,2,0,0,1,FALSE,0,0,0,2025
Saint Lucia,0,0.33333333333333337,1,1,3,1.3333333333333333,5,2,2.3333333333333335,11,0,0,0,FALSE,25,0,12.5,2025
Saint Pierre and Miquelon,0,0,0,0,0,0,0,0,0,0,0,0,0,FALSE,0,0,0,2024
Saint Vincent and the Grenadines,0,0,2,1,1,1,1,1,1,2,0,0,0,FALSE,0,0,0,2024
Saint-Barthelemy,0,0,0,0,0,0,0,0,0,0,0,0,0,FALSE,0,0,0,2022
Saint-Martin,0,0,0,0,0,0,0,1,0.5,1,0,0,0,FALSE,0,0,0,2025
Samoa,0,0,0,0,1,2,4,1,2,4,0,0,0,FALSE,25,0,12.5,2024
San Marino,0,0,0,0,0,0,0,0,0,0,0,0,0,FALSE,0,0,0,2025
Sao Tome and Principe,0,0,6,2,1,1,4,1,1.3333333333333333,6,0,0,1,FALSE,25,0,12.5,2025
Saudi Arabia,1,66.33333333333333,6322,11,1,2.3333333333333335,169,5,4.666666666666667,3049,1,63.66666666666667,363,TRUE,25,50,37.5,2025
Senegal,6,24.333333333333332,1551,28,13,14.666666666666666,305,25,35.666666666666664,761,4,6.666666666666667,436,TRUE,50,25,37.5,2025
Serbia,0,1,10,4,104,46,196,112,50.333333333333336,238,0,0.33333333333333337,7,FALSE,50,25,37.5,2025
Seychelles,2,0.6666666666666667,2,1,0,0,0,0,0,0,0,0,0,TRUE,0,0,0,2024
Sierra Leone,6,14,326,23,7,16,1289,11,20.333333333333332,2430,6,6.666666666666667,216,TRUE,50,25,37.5,2025
Singapore,0,0,0,0,0,0,0,0,0,0,0,0,0,FALSE,0,0,0,2025
Sint Maarten,1,0.33333333333333337,1,1,1,1.5,4,2,2,5,1,0.5,1,TRUE,25,0,12.5,2024
Slovakia,0,0.33333333333333337,3,2,4,2.6666666666666665,13,5,3,20,0,0.33333333333333337,3,FALSE,25,0,12.5,2025
Slovenia,0,0,0,0,5,3.3333333333333335,13,6,5,18,0,0,0,FALSE,25,0,12.5,2025
Solomon Islands,1,2.3333333333333335,7,3,1,3,9,2,5,15,1,2.3333333333333335,7,TRUE,25,25,25,2023
Somalia,9004,7905,89817,29,676,589.3333333333334,11793,3898,3306.3333333333335,45975,488,598.6666666666666,15064,TRUE,100,75,87.5,2025
South Africa,145,247.66666666666666,3484,29,155,292.6666666666667,3562,175,333,4335,141,237.66666666666666,2934,TRUE,75,75,75,2025
South Georgia and the South Sandwich Islands,0,0,0,0,0,0,0,0,0,0,0,0,0,FALSE,0,0,0,2021
South Korea,0,0,0,0,1,2.5,16,3,4.5,39,0,0,0,FALSE,25,0,12.5,2025
South Sudan,2849,2703,50427,15,781,788.6666666666666,7325,1553,1395,14077,922,1134,22699,TRUE,100,100,100,2025
Spain,2,1,7,3,18,10.333333333333334,117,30,15.666666666666666,208,2,1,7,TRUE,50,25,37.5,2025
Sri Lanka,8,6.666666666666667,526,16,43,40.333333333333336,760,59,54.666666666666664,1180,6,4.666666666666667,397,TRUE,50,25,37.5,2025
Sudan,17018,16890,143641,29,1495,1784.3333333333333,12790,3559,4797.666666666667,26764,5724,5206.666666666667,45493,TRUE,100,100,100,2025
Suriname,0,0.6666666666666667,12,5,2,4,35,2,5,44,0,0,9,FALSE,25,0,12.5,2025
Sweden,1,0.33333333333333337,2,2,3,3.3333333333333335,26,3,3.6666666666666665,45,1,0.33333333333333337,2,TRUE,25,0,12.5,2025
Switzerland,0,0,2,1,1,1.5,8,2,2,16,0,0,0,FALSE,25,0,12.5,2025
Syria,7354,6922.333333333333,141337,9,3431,3007,32721,6050,9556.333333333334,126950,4371,2588.6666666666665,46700,TRUE,100,100,100,2025
Taiwan,0,0,0,0,3,1.3333333333333333,9,8,4,26,0,0,0,FALSE,25,0,12.5,2025
Tajikistan,4,3.3333333333333335,233,7,1,2,57,2,3.5,91,1,1,84,TRUE,25,0,12.5,2025
Tanzania,73,43.333333333333336,1414,29,116,76,749,133,89,953,53,35.666666666666664,991,TRUE,50,50,50,2025
Thailand,78,61.666666666666664,3385,16,38,31,2355,152,134,6187,33,20,1729,TRUE,75,50,62.5,2025
Togo,29,93.33333333333333,570,22,11,14.333333333333334,154,17,25.666666666666668,238,10,41.333333333333336,225,TRUE,50,50,50,2025
Tokelau,0,0,0,0,0,0,0,0,0,0,0,0,0,FALSE,0,0,0,2021
Tonga,0,0,0,0,0,0,0,0,0,0,0,0,0,FALSE,0,0,0,2024
Trinidad and Tobago,160,274,1879,8,185,291.3333333333333,1894,236,347.3333333333333,2323,110,223,1506,TRUE,75,75,75,2025
Tunisia,2,4.666666666666667,883,21,9,9.666666666666666,345,15,23.666666666666668,1015,2,1.3333333333333333,249,TRUE,50,25,37.5,2025
Turkey,6,68.33333333333333,9660,10,28,106,1553,46,224,6915,3,13,811,TRUE,75,50,62.5,2025
Turkmenistan,0,0.5,35,4,2,1.5,13,2,1.5,21,0,0.5,9,FALSE,25,0,12.5,2025
Turks and Caicos Islands,0,0,0,0,0,0,0,0,0.33333333333333337,1,0,0,0,FALSE,0,0,0,2021
Tuvalu,0,0,0,0,0,0,0,0,0,0,0,0,0,FALSE,0,0,0,2021
Uganda,164,258,16503,29,169,242.33333333333334,3886,228,293.6666666666667,6485,122,208,8101,TRUE,75,75,75,2025
Ukraine,67407,60245.666666666664,222858,8,4800,4029,17181,65637,57806,257214,2309,2187,12637,TRUE,100,100,100,2025
United Arab Emirates,0,0.33333333333333337,6,3,3,2,11,3,2,18,0,0.5,6,FALSE,25,0,12.5,2025
United Kingdom,3,1.3333333333333333,14,4,9,14.333333333333334,181,13,19.333333333333332,256,3,1.3333333333333333,14,TRUE,50,25,37.5,2025
United States,49,49.333333333333336,407,6,82,116.66666666666667,920,97,128.33333333333334,1017,42,45,353,TRUE,75,50,62.5,2025
United States Minor Outlying Islands,0,0,0,0,0,0,0,0,0,0,0,0,0,FALSE,0,0,0,2021
Uruguay,0,0.33333333333333337,7,4,1,1.6666666666666665,15,1,2.6666666666666665,28,1,0.6666666666666666,7,FALSE,25,0,12.5,2025
Uzbekistan,5,3.3333333333333335,52,8,24,25.666666666666668,211,25,26.333333333333332,230,4,3,30,TRUE,50,25,37.5,2025
Vanuatu,0,0.33333333333333337,1,1,1,0.5,1,1,0.6666666666666666,2,1,0.5,1,FALSE,0,0,0,2024
Vatican City,0,0,0,0,0,0,0,0,0,0,0,0,0,FALSE,0,0,0,2024
Venezuela,397,581,13393,8,119,203.33333333333334,4541,321,518,10061,87,175,5024,TRUE,75,75,75,2025
Vietnam,0,3.666666666666667,141,13,1,1,178,1,2,202,1,0.5,119,FALSE,25,0,12.5,2025
"Virgin Islands, U.S.",0,0,0,0,0,0.33333333333333337,1,0,0.33333333333333337,1,0,0,0,FALSE,0,0,0,2021
Wallis and Futuna,0,0,0,0,0,0,0,0,0,0,0,0,0,FALSE,0,0,0,2024
Yemen,2597,2567.6666666666665,165121,11,957,1049.6666666666667,11683,3441,3462,80208,550,566.6666666666666,17598,TRUE,100,75,87.5,2025
Zambia,17,14,356,26,20,19,517,33,26.666666666666668,705,13,12.666666666666666,270,TRUE,50,50,50,2025
Zimbabwe,6,21.333333333333332,633,29,11,70,4616,12,78,4995,6,20.333333333333332,559,TRUE,50,50,50,2025
eSwatini,2,14.666666666666668,148,16,6,21.333333333333332,262,6,23.666666666666668,341,2,14.333333333333332,110,TRUE,50,50,50,2025
