country,iso3,climate_vulnerability_index,Year,child_stunting_rate,child_wasting_rate,child_underweight_rate,infant_mortality,under5_mortality,child_mortality,who_stunting_rate,food_supply_kcal,poverty_below_3usd,tfp_index
Afghanistan,AFG,76.8,NA,NA,NA,NA,NA,NA,NA,41.4,2273.8936,NA,131.8512
Afghanistan,AFG,76.8,NA,NA,NA,NA,NA,NA,NA,42.7,2273.8936,NA,131.8512
Afghanistan,AFG,76.8,NA,NA,NA,NA,NA,NA,NA,42,2273.8936,NA,131.8512
Algeria,DZA,43.5,NA,NA,NA,NA,NA,NA,NA,8.4,3424.5012,0,106.8146
Algeria,DZA,43.5,NA,NA,NA,NA,NA,NA,NA,9.5,3424.5012,0,106.8146
Algeria,DZA,43.5,NA,NA,NA,NA,NA,NA,NA,8.9,3424.5012,0,106.8146
Angola,AGO,69,NA,NA,NA,NA,NA,NA,NA,44.8,2431.6443,39.294704,96.8475
Angola,AGO,69,NA,NA,NA,NA,NA,NA,NA,50.5,2431.6443,39.294704,96.8475
Angola,AGO,69,NA,NA,NA,NA,NA,NA,NA,47.7,2431.6443,39.294704,96.8475
Argentina urban,ARG,31.2,NA,NA,NA,NA,NA,NA,NA,NA,NA,NA,NA
Bangladesh,BGD,45.6,2023,21.6,10.9,21.1,32.4,36.2,5.46,24.4,2608.2378,5.9090796,89.147
Bangladesh,BGD,45.6,2023,21.6,10.9,21.1,32.4,36.2,5.46,25.7,2608.2378,5.9090796,89.147
Bangladesh,BGD,45.6,2023,21.6,10.9,21.1,32.4,36.2,5.46,25.1,2608.2378,5.9090796,89.147
Barbados,BRB,33.3,NA,NA,NA,NA,NA,NA,NA,5,3189.6501,1.6773976,NA
Barbados,BRB,33.3,NA,NA,NA,NA,NA,NA,NA,6.5,3189.6501,1.6773976,NA
Barbados,BRB,33.3,NA,NA,NA,NA,NA,NA,NA,5.8,3189.6501,1.6773976,NA
Belize,BLZ,40.7,NA,NA,NA,NA,NA,NA,NA,10.5,2833.099,1.0364783,86.5328
Belize,BLZ,40.7,NA,NA,NA,NA,NA,NA,NA,12.8,2833.099,1.0364783,86.5328
Belize,BLZ,40.7,NA,NA,NA,NA,NA,NA,NA,11.7,2833.099,1.0364783,86.5328
Benin,BEN,67.2,2023,39,10.3,23.3,64.5,63.9,NA,30.4,2703.3135,27.223417,95.4957
Benin,BEN,67.2,2023,39,10.3,23.3,64.5,63.9,NA,35.9,2703.3135,27.223417,95.4957
Benin,BEN,67.2,2023,39,10.3,23.3,64.5,63.9,NA,33.2,2703.3135,27.223417,95.4957
Bhutan,BTN,38.4,NA,NA,NA,NA,NA,NA,NA,17.2,3221.6367,0.013378284,87.3668
Bhutan,BTN,38.4,NA,NA,NA,NA,NA,NA,NA,18.6,3221.6367,0.013378284,87.3668
Bhutan,BTN,38.4,NA,NA,NA,NA,NA,NA,NA,17.9,3221.6367,0.013378284,87.3668
Bolivia,BOL,41.2,NA,NA,NA,NA,NA,NA,NA,NA,2359.748,2.8174872,98.3896
Botswana,BWA,39.4,NA,NA,NA,NA,NA,NA,NA,18.6,2826.39,21.36526,80.9307
Botswana,BWA,39.4,NA,NA,NA,NA,NA,NA,NA,23.3,2826.39,21.36526,80.9307
Botswana,BWA,39.4,NA,NA,NA,NA,NA,NA,NA,21,2826.39,21.36526,80.9307
Brazil,BRA,33.4,NA,NA,NA,NA,NA,NA,NA,8.1,3383.5542,3.8155887,96.5941
Brazil,BRA,33.4,NA,NA,NA,NA,NA,NA,NA,9.7,3383.5542,3.8155887,96.5941
Brazil,BRA,33.4,NA,NA,NA,NA,NA,NA,NA,8.9,3383.5542,3.8155887,96.5941
Burkina Faso,BFA,77.6,2023,19.8,9.44,15.3,25.7,38.3,12.4,17.5,2694.6262,42.061634,84.8302
Burkina Faso,BFA,77.6,2023,19.8,9.44,15.3,25.7,38.3,12.4,21.5,2694.6262,42.061634,84.8302
Burkina Faso,BFA,77.6,2023,19.8,9.44,15.3,25.7,38.3,12.4,19.5,2694.6262,42.061634,84.8302
Burundi,BDI,83.5,NA,NA,NA,NA,NA,NA,NA,52,1697.9843,74.19917,92.458
Burundi,BDI,83.5,NA,NA,NA,NA,NA,NA,NA,58.5,1697.9843,74.19917,92.458
Burundi,BDI,83.5,NA,NA,NA,NA,NA,NA,NA,55.3,1697.9843,74.19917,92.458
Cambodia,KHM,54.4,2023,18.4,9.77,13.9,8.37,11,2.65,20.5,2655.5457,NA,115.71
Cambodia,KHM,54.4,2023,18.4,9.77,13.9,8.37,11,2.65,23.3,2655.5457,NA,115.71
Cambodia,KHM,54.4,2023,18.4,9.77,13.9,8.37,11,2.65,22,2655.5457,NA,115.71
Cameroon,CMR,62.7,NA,NA,NA,NA,NA,NA,NA,24.7,2868.8884,26.691801,91.9318
Cameroon,CMR,62.7,NA,NA,NA,NA,NA,NA,NA,29.7,2868.8884,26.691801,91.9318
Cameroon,CMR,62.7,NA,NA,NA,NA,NA,NA,NA,27.2,2868.8884,26.691801,91.9318
Cape Verde,CPV,40.1,NA,NA,NA,NA,NA,NA,NA,NA,3014.697,14.604078,NA
Central African Republic CAR,CAF,91.8,NA,NA,NA,NA,NA,NA,NA,NA,NA,NA,NA
Chad,TCD,89.4,NA,NA,NA,NA,NA,NA,NA,29.3,2097.067,39.475376,102.8072
Chad,TCD,89.4,NA,NA,NA,NA,NA,NA,NA,33.7,2097.067,39.475376,102.8072
Chad,TCD,89.4,NA,NA,NA,NA,NA,NA,NA,31.5,2097.067,39.475376,102.8072
Chili,CHL,24.8,NA,NA,NA,NA,NA,NA,NA,NA,NA,NA,NA
China,CHN,33.4,NA,NA,NA,NA,NA,NA,NA,4.2,3453.9045,0,113.7766
China,CHN,33.4,NA,NA,NA,NA,NA,NA,NA,4.8,3453.9045,0,113.7766
China,CHN,33.4,NA,NA,NA,NA,NA,NA,NA,4.5,3453.9045,0,113.7766
Colombia,COL,32.1,NA,NA,NA,NA,NA,NA,NA,10.5,3120.596,7.6869564,101.6134
Colombia,COL,32.1,NA,NA,NA,NA,NA,NA,NA,12.6,3120.596,7.6869564,101.6134
Colombia,COL,32.1,NA,NA,NA,NA,NA,NA,NA,11.6,3120.596,7.6869564,101.6134
Comoros,COM,61.2,2023,17,4.25,8.42,27.9,33.7,NA,15.5,2423.7202,31.356964,87.8921
Comoros,COM,61.2,2023,17,4.25,8.42,27.9,33.7,NA,19.3,2423.7202,31.356964,87.8921
Comoros,COM,61.2,2023,17,4.25,8.42,27.9,33.7,NA,17.4,2423.7202,31.356964,87.8921
Congo Brazzaville,COG,59.7,NA,NA,NA,NA,NA,NA,NA,NA,NA,NA,NA
Congo Democratic Republic,COD,84,NA,NA,NA,NA,NA,NA,NA,NA,NA,NA,NA
Costa Rica,CRI,27.8,NA,NA,NA,NA,NA,NA,NA,9.7,2999.108,1.2837076,94.4122
Costa Rica,CRI,27.8,NA,NA,NA,NA,NA,NA,NA,11.5,2999.108,1.2837076,94.4122
Costa Rica,CRI,27.8,NA,NA,NA,NA,NA,NA,NA,10.6,2999.108,1.2837076,94.4122
Cote d'Ivoire,CIV,60.1,2023,21.8,8.54,12.9,48.1,69.7,22.5,NA,2736.1533,20.902609000000002,NA
Cuba,CUB,29,2023,7.1,2,2.3,NA,NA,NA,6.6,3315.2122,NA,76.6831
Cuba,CUB,29,2023,7.1,2,2.3,NA,NA,NA,8,3315.2122,NA,76.6831
Cuba,CUB,29,2023,7.1,2,2.3,NA,NA,NA,7.3,3315.2122,NA,76.6831
Djibouti,DJI,63,NA,NA,NA,NA,NA,NA,NA,18.9,2726.3806,25.36088,101.1889
Djibouti,DJI,63,NA,NA,NA,NA,NA,NA,NA,22.9,2726.3806,25.36088,101.1889
Djibouti,DJI,63,NA,NA,NA,NA,NA,NA,NA,20.9,2726.3806,25.36088,101.1889
Dominican Republic,DOM,33.7,NA,NA,NA,NA,NA,NA,NA,5,3227.89,0.77533007,117.2417
Dominican Republic,DOM,33.7,NA,NA,NA,NA,NA,NA,NA,6.2,3227.89,0.77533007,117.2417
Dominican Republic,DOM,33.7,NA,NA,NA,NA,NA,NA,NA,5.6,3227.89,0.77533007,117.2417
Ecuador,ECU,39.4,NA,NA,NA,NA,NA,NA,NA,16.1,2574.2866,7.3132634,113.3468
Ecuador,ECU,39.4,NA,NA,NA,NA,NA,NA,NA,19.3,2574.2866,7.3132634,113.3468
Ecuador,ECU,39.4,NA,NA,NA,NA,NA,NA,NA,17.7,2574.2866,7.3132634,113.3468
Egypt,EGY,44.1,NA,NA,NA,NA,NA,NA,NA,12.2,3071.079,1.3737847,111.912
Egypt,EGY,44.1,NA,NA,NA,NA,NA,NA,NA,13.6,3071.079,1.3737847,111.912
Egypt,EGY,44.1,NA,NA,NA,NA,NA,NA,NA,12.9,3071.079,1.3737847,111.912
El Salvador,SLV,37.2,NA,NA,NA,NA,NA,NA,NA,8.5,2861.1096,4.6368394,110.3545
El Salvador,SLV,37.2,NA,NA,NA,NA,NA,NA,NA,10.3,2861.1096,4.6368394,110.3545
El Salvador,SLV,37.2,NA,NA,NA,NA,NA,NA,NA,9.4,2861.1096,4.6368394,110.3545
Equatorial Guinea,GNQ,64.9,NA,NA,NA,NA,NA,NA,NA,15.4,NA,8.794199,91.6472
Equatorial Guinea,GNQ,64.9,NA,NA,NA,NA,NA,NA,NA,18.8,NA,8.794199,91.6472
Equatorial Guinea,GNQ,64.9,NA,NA,NA,NA,NA,NA,NA,17.1,NA,8.794199,91.6472
Eritrea,ERI,70,NA,NA,NA,NA,NA,NA,NA,44.7,NA,NA,95.0413
Eritrea,ERI,70,NA,NA,NA,NA,NA,NA,NA,51.1,NA,NA,95.0413
Eritrea,ERI,70,NA,NA,NA,NA,NA,NA,NA,48,NA,NA,95.0413
Eswatini,SWZ,56.1,2023,NA,NA,NA,35.1,40.4,NA,16.6,2517.1543,44.53093,89.3791
Eswatini,SWZ,56.1,2023,NA,NA,NA,35.1,40.4,NA,21.1,2517.1543,44.53093,89.3791
Eswatini,SWZ,56.1,2023,NA,NA,NA,35.1,40.4,NA,18.9,2517.1543,44.53093,89.3791
Ethiopia,ETH,76.3,NA,NA,NA,NA,NA,NA,NA,33,2441.0837,38.636116,83.9374
Ethiopia,ETH,76.3,NA,NA,NA,NA,NA,NA,NA,38,2441.0837,38.636116,83.9374
Ethiopia,ETH,76.3,NA,NA,NA,NA,NA,NA,NA,35.5,2441.0837,38.636116,83.9374
Fiji,FJI,39.2,2023,7.2,4.5,4.6,11.7,15.1,NA,6.7,2982.4546,4.6530714,116.4997
Fiji,FJI,39.2,2023,7.2,4.5,4.6,11.7,15.1,NA,7.7,2982.4546,4.6530714,116.4997
Fiji,FJI,39.2,2023,7.2,4.5,4.6,11.7,15.1,NA,7.2,2982.4546,4.6530714,116.4997
Gabon,GAB,40.4,2023,13.3,3.43,5.22,24.4,33.7,9.51,12.1,2507.9507,3.8104873,84.4798
Gabon,GAB,40.4,2023,13.3,3.43,5.22,24.4,33.7,9.51,15.3,2507.9507,3.8104873,84.4798
Gabon,GAB,40.4,2023,13.3,3.43,5.22,24.4,33.7,9.51,13.7,2507.9507,3.8104873,84.4798
Gambia,GMB,56.5,2023,14.2,3.7,8.05,47.2,54,12.5,12.4,2516.9207,22.001888,63.7096
Gambia,GMB,56.5,2023,14.2,3.7,8.05,47.2,54,12.5,15.6,2516.9207,22.001888,63.7096
Gambia,GMB,56.5,2023,14.2,3.7,8.05,47.2,54,12.5,14,2516.9207,22.001888,63.7096
Ghana,GHA,52.9,2023,16.9,5.78,11.6,26.8,39.1,12.7,13.8,3132.9773,39.02579,104.6562
Ghana,GHA,52.9,2023,16.9,5.78,11.6,26.8,39.1,12.7,17.3,3132.9773,39.02579,104.6562
Ghana,GHA,52.9,2023,16.9,5.78,11.6,26.8,39.1,12.7,15.6,3132.9773,39.02579,104.6562
Guatemala,GTM,45.4,NA,NA,NA,NA,NA,NA,NA,41.9,2790.4397,9.66095,94.6222
Guatemala,GTM,45.4,NA,NA,NA,NA,NA,NA,NA,47.2,2790.4397,9.66095,94.6222
Guatemala,GTM,45.4,NA,NA,NA,NA,NA,NA,NA,44.6,2790.4397,9.66095,94.6222
Guinea,GIN,69.8,NA,NA,NA,NA,NA,NA,NA,24.5,2872.6372,11.650445,98.8363
Guinea,GIN,69.8,NA,NA,NA,NA,NA,NA,NA,28.7,2872.6372,11.650445,98.8363
Guinea,GIN,69.8,NA,NA,NA,NA,NA,NA,NA,26.6,2872.6372,11.650445,98.8363
Guinea Bissau,GNB,69.6,NA,NA,NA,NA,NA,NA,NA,NA,NA,NA,NA
Guyana,GUY,40.4,NA,NA,NA,NA,NA,NA,NA,6.4,3202.082,13.011032,97.3463
Guyana,GUY,40.4,NA,NA,NA,NA,NA,NA,NA,7.8,3202.082,13.011032,97.3463
Guyana,GUY,40.4,NA,NA,NA,NA,NA,NA,NA,7.1,3202.082,13.011032,97.3463
Haiti,HTI,67.1,NA,NA,NA,NA,NA,NA,NA,20,1991.8953,65.09744,87.6722
Haiti,HTI,67.1,NA,NA,NA,NA,NA,NA,NA,23.1,1991.8953,65.09744,87.6722
Haiti,HTI,67.1,NA,NA,NA,NA,NA,NA,NA,21.6,1991.8953,65.09744,87.6722
Honduras,HND,46.7,NA,NA,NA,NA,NA,NA,NA,16.2,2646.4614,15.717371,91.1348
Honduras,HND,46.7,NA,NA,NA,NA,NA,NA,NA,19.5,2646.4614,15.717371,91.1348
Honduras,HND,46.7,NA,NA,NA,NA,NA,NA,NA,17.9,2646.4614,15.717371,91.1348
India,IND,48.3,NA,NA,NA,NA,NA,NA,NA,31.8,2573.6377,5.2516403,112.3424
India,IND,48.3,NA,NA,NA,NA,NA,NA,NA,34,2573.6377,5.2516403,112.3424
India,IND,48.3,NA,NA,NA,NA,NA,NA,NA,32.9,2573.6377,5.2516403,112.3424
Indonesia,IDN,39.5,NA,NA,NA,NA,NA,NA,NA,21.2,2796.1113,5.438113,107.3516
Indonesia,IDN,39.5,NA,NA,NA,NA,NA,NA,NA,24,2796.1113,5.438113,107.3516
Indonesia,IDN,39.5,NA,NA,NA,NA,NA,NA,NA,22.6,2796.1113,5.438113,107.3516
Iran,IRN,36.7,NA,NA,NA,NA,NA,NA,NA,NA,2847.2524,2.4873052,77.9848
Iraq,IRQ,48.9,NA,NA,NA,NA,NA,NA,NA,8.9,2325.3887,0.54943144,92.5069
Iraq,IRQ,48.9,NA,NA,NA,NA,NA,NA,NA,10,2325.3887,0.54943144,92.5069
Iraq,IRQ,48.9,NA,NA,NA,NA,NA,NA,NA,9.4,2325.3887,0.54943144,92.5069
Jamaica,JAM,36.8,NA,NA,NA,NA,NA,NA,NA,6.2,2915.9214,1.3869244,102.9037
Jamaica,JAM,36.8,NA,NA,NA,NA,NA,NA,NA,7.5,2915.9214,1.3869244,102.9037
Jamaica,JAM,36.8,NA,NA,NA,NA,NA,NA,NA,6.9,2915.9214,1.3869244,102.9037
Jordan,JOR,40.7,2023,16.3,9.4,14.4,31.1,40.9,10.2,7.2,2563.9648,0.10412249,110.272
Jordan,JOR,40.7,2023,16.3,9.4,14.4,31.1,40.9,10.2,8.1,2563.9648,0.10412249,110.272
Jordan,JOR,40.7,2023,16.3,9.4,14.4,31.1,40.9,10.2,7.7,2563.9648,0.10412249,110.272
Kazakhstan,KAZ,32.6,NA,NA,NA,NA,NA,NA,NA,4.2,3330.2756,0.040175647,131.5922
Kazakhstan,KAZ,32.6,NA,NA,NA,NA,NA,NA,NA,4.7,3330.2756,0.040175647,131.5922
Kazakhstan,KAZ,32.6,NA,NA,NA,NA,NA,NA,NA,4.4,3330.2756,0.040175647,131.5922
Kenya,KEN,61,2023,16.3,4.55,9.56,34.3,41.8,7.75,16,2090.8738,46.879227,88.1706
Kenya,KEN,61,2023,16.3,4.55,9.56,34.3,41.8,7.75,19.8,2090.8738,46.879227,88.1706
Kenya,KEN,61,2023,16.3,4.55,9.56,34.3,41.8,7.75,17.9,2090.8738,46.879227,88.1706
Kiribati,KIR,52.9,NA,NA,NA,NA,NA,NA,NA,13.8,3113.4526,6.133309,NA
Kiribati,KIR,52.9,NA,NA,NA,NA,NA,NA,NA,15.5,3113.4526,6.133309,NA
Kiribati,KIR,52.9,NA,NA,NA,NA,NA,NA,NA,14.7,3113.4526,6.133309,NA
Kyrgyzstan,KGZ,44.7,NA,NA,NA,NA,NA,NA,NA,10.3,2632.252,2.7435172,101.5319
Kyrgyzstan,KGZ,44.7,NA,NA,NA,NA,NA,NA,NA,11.7,2632.252,2.7435172,101.5319
Kyrgyzstan,KGZ,44.7,NA,NA,NA,NA,NA,NA,NA,11,2632.252,2.7435172,101.5319
Lao,LAO,54.9,NA,NA,NA,NA,NA,NA,NA,NA,NA,NA,NA
Lebanon,LBN,41,NA,NA,NA,NA,NA,NA,NA,9.5,2796.6702,5.8941355,118.8594
Lebanon,LBN,41,NA,NA,NA,NA,NA,NA,NA,10.6,2796.6702,5.8941355,118.8594
Lebanon,LBN,41,NA,NA,NA,NA,NA,NA,NA,10.1,2796.6702,5.8941355,118.8594
Lesotho,LSO,64.1,2023,33.1,2.02,10.7,46,61.8,15.3,31.7,1821.1132,41.85849,91.927
Lesotho,LSO,64.1,2023,33.1,2.02,10.7,46,61.8,15.3,38.3,1821.1132,41.85849,91.927
Lesotho,LSO,64.1,2023,33.1,2.02,10.7,46,61.8,15.3,35,1821.1132,41.85849,91.927
Liberia,LBR,72.1,2023,28,2.47,8.14,64.9,92,29,24.3,2075.7075,33.558933,88.2037
Liberia,LBR,72.1,2023,28,2.47,8.14,64.9,92,29,29.4,2075.7075,33.558933,88.2037
Liberia,LBR,72.1,2023,28,2.47,8.14,64.9,92,29,26.9,2075.7075,33.558933,88.2037
Libya,LBY,43.9,NA,NA,NA,NA,NA,NA,NA,8.6,3013.0144,NA,123.6946
Libya,LBY,43.9,NA,NA,NA,NA,NA,NA,NA,9.7,3013.0144,NA,123.6946
Libya,LBY,43.9,NA,NA,NA,NA,NA,NA,NA,9.2,3013.0144,NA,123.6946
Madagascar,MDG,71.3,2023,38.1,7.8,20.4,42.8,69.3,25.2,35.7,1924.9441,69.17264,95.0772
Madagascar,MDG,71.3,2023,38.1,7.8,20.4,42.8,69.3,25.2,41,1924.9441,69.17264,95.0772
Madagascar,MDG,71.3,2023,38.1,7.8,20.4,42.8,69.3,25.2,38.4,1924.9441,69.17264,95.0772
Malawi,MWI,75.4,2023,34.8,2.28,14,59.5,59.9,NA,30.2,2621.5164,75.43822,103.7327
Malawi,MWI,75.4,2023,34.8,2.28,14,59.5,59.9,NA,36.1,2621.5164,75.43822,103.7327
Malawi,MWI,75.4,2023,34.8,2.28,14,59.5,59.9,NA,33.2,2621.5164,75.43822,103.7327
Malaysia,MYS,27.5,NA,NA,NA,NA,NA,NA,NA,22.9,2937.749,0.013082942,95.7388
Malaysia,MYS,27.5,NA,NA,NA,NA,NA,NA,NA,25.7,2937.749,0.013082942,95.7388
Malaysia,MYS,27.5,NA,NA,NA,NA,NA,NA,NA,24.3,2937.749,0.013082942,95.7388
Maldives,MDV,32.2,NA,NA,NA,NA,NA,NA,NA,13.6,2650.8901,0,NA
Maldives,MDV,32.2,NA,NA,NA,NA,NA,NA,NA,14.7,2650.8901,0,NA
Maldives,MDV,32.2,NA,NA,NA,NA,NA,NA,NA,14.2,2650.8901,0,NA
Mali,MLI,73.3,NA,NA,NA,NA,NA,NA,NA,21.1,2734.4417,36.103077,100.0214
Mali,MLI,73.3,NA,NA,NA,NA,NA,NA,NA,25.3,2734.4417,36.103077,100.0214
Mali,MLI,73.3,NA,NA,NA,NA,NA,NA,NA,23.2,2734.4417,36.103077,100.0214
Mauritania,MRT,62.3,2023,23.9,1.06,11.6,0.01,0.01,4.79,19.4,2914.4543,10.221504,89.799
Mauritania,MRT,62.3,2023,23.9,1.06,11.6,0.01,0.01,4.79,23.6,2914.4543,10.221504,89.799
Mauritania,MRT,62.3,2023,23.9,1.06,11.6,0.01,0.01,4.79,21.5,2914.4543,10.221504,89.799
Mauritius,MUS,31.4,NA,NA,NA,NA,NA,NA,NA,6.9,3167.9912,0.5401916,100.1829
Mauritius,MUS,31.4,NA,NA,NA,NA,NA,NA,NA,8.7,3167.9912,0.5401916,100.1829
Mauritius,MUS,31.4,NA,NA,NA,NA,NA,NA,NA,7.8,3167.9912,0.5401916,100.1829
Mexico,MEX,34.1,NA,NA,NA,NA,NA,NA,NA,11.8,3297.6484,2.3303962,107.0274
Mexico,MEX,34.1,NA,NA,NA,NA,NA,NA,NA,14.3,3297.6484,2.3303962,107.0274
Mexico,MEX,34.1,NA,NA,NA,NA,NA,NA,NA,13.1,3297.6484,2.3303962,107.0274
Mongolia,MNG,37.2,NA,NA,NA,NA,NA,NA,NA,6.5,3099.3682,0.4398251,130.8476
Mongolia,MNG,37.2,NA,NA,NA,NA,NA,NA,NA,7.6,3099.3682,0.4398251,130.8476
Mongolia,MNG,37.2,NA,NA,NA,NA,NA,NA,NA,7.1,3099.3682,0.4398251,130.8476
Morocco,MAR,43.4,NA,NA,NA,NA,NA,NA,NA,12.9,3339.2712,3.675868,94.6503
Morocco,MAR,43.4,NA,NA,NA,NA,NA,NA,NA,14.4,3339.2712,3.675868,94.6503
Morocco,MAR,43.4,NA,NA,NA,NA,NA,NA,NA,13.7,3339.2712,3.675868,94.6503
Mozambique,MOZ,78.9,2023,36.5,3.8,15.2,36.2,56,20.5,34,2175.5925,81.361374,124.8353
Mozambique,MOZ,78.9,2023,36.5,3.8,15.2,36.2,56,20.5,40,2175.5925,81.361374,124.8353
Mozambique,MOZ,78.9,2023,36.5,3.8,15.2,36.2,56,20.5,37,2175.5925,81.361374,124.8353
Myanmar,MMR,54.3,NA,NA,NA,NA,NA,NA,NA,23,2829.1934,10.266229,89.3361
Myanmar,MMR,54.3,NA,NA,NA,NA,NA,NA,NA,25.8,2829.1934,10.266229,89.3361
Myanmar,MMR,54.3,NA,NA,NA,NA,NA,NA,NA,24.5,2829.1934,10.266229,89.3361
Namibia,NAM,52.1,NA,NA,NA,NA,NA,NA,NA,14.4,2297.5337,22.863062,91.6802
Namibia,NAM,52.1,NA,NA,NA,NA,NA,NA,NA,18.4,2297.5337,22.863062,91.6802
Namibia,NAM,52.1,NA,NA,NA,NA,NA,NA,NA,16.4,2297.5337,22.863062,91.6802
Nepal,NPL,50.8,2023,23.3,5.37,17,34.1,39.6,5.74,25.1,3012.8118,2.4363146,114.6608
Nepal,NPL,50.8,2023,23.3,5.37,17,34.1,39.6,5.74,27,3012.8118,2.4363146,114.6608
Nepal,NPL,50.8,2023,23.3,5.37,17,34.1,39.6,5.74,26,3012.8118,2.4363146,114.6608
Nicaragua,NIC,44.7,NA,NA,NA,NA,NA,NA,NA,NA,2781.3022,6.570378,108.7886
Niger,NER,87.9,NA,NA,NA,NA,NA,NA,NA,45.7,2724.2576,60.48987,111.4549
Niger,NER,87.9,NA,NA,NA,NA,NA,NA,NA,50.8,2724.2576,60.48987,111.4549
Niger,NER,87.9,NA,NA,NA,NA,NA,NA,NA,48.3,2724.2576,60.48987,111.4549
Nigeria,NGA,65.8,2023,NA,NA,NA,74,98.9,NA,31.4,2451.6863,41.81955,106.0952
Nigeria,NGA,65.8,2023,NA,NA,NA,74,98.9,NA,36.2,2451.6863,41.81955,106.0952
Nigeria,NGA,65.8,2023,NA,NA,NA,74,98.9,NA,33.8,2451.6863,41.81955,106.0952
Pakistan,PAK,61.1,NA,NA,NA,NA,NA,NA,NA,32.6,2364.0386,16.51617,109.4896
Pakistan,PAK,61.1,NA,NA,NA,NA,NA,NA,NA,34.5,2364.0386,16.51617,109.4896
Pakistan,PAK,61.1,NA,NA,NA,NA,NA,NA,NA,33.6,2364.0386,16.51617,109.4896
Palestine,PSE,42.5,2023,9.35,1.35,2.45,8.64,11.7,NA,NA,NA,2.0733128,NA
Panama,PAN,30,NA,NA,NA,NA,NA,NA,NA,12.7,3066.9197,3.1258318,104.4718
Panama,PAN,30,NA,NA,NA,NA,NA,NA,NA,15.3,3066.9197,3.1258318,104.4718
Panama,PAN,30,NA,NA,NA,NA,NA,NA,NA,14,3066.9197,3.1258318,104.4718
Papua New Guinea,PNG,75.1,NA,NA,NA,NA,NA,NA,NA,46.2,2209.8362,52.21029,96.1282
Papua New Guinea,PNG,75.1,NA,NA,NA,NA,NA,NA,NA,48.9,2209.8362,52.21029,96.1282
Papua New Guinea,PNG,75.1,NA,NA,NA,NA,NA,NA,NA,47.6,2209.8362,52.21029,96.1282
Paraguay,PRY,36.2,NA,NA,NA,NA,NA,NA,NA,2.9,3065.1274,2.1053329,76.9666
Paraguay,PRY,36.2,NA,NA,NA,NA,NA,NA,NA,3.5,3065.1274,2.1053329,76.9666
Paraguay,PRY,36.2,NA,NA,NA,NA,NA,NA,NA,3.2,3065.1274,2.1053329,76.9666
Peru,PER,34.7,NA,NA,NA,NA,NA,NA,NA,9.6,2853.6084,5.140564,118.0654
Peru,PER,34.7,NA,NA,NA,NA,NA,NA,NA,11.6,2853.6084,5.140564,118.0654
Peru,PER,34.7,NA,NA,NA,NA,NA,NA,NA,10.6,2853.6084,5.140564,118.0654
Philippines,PHL,40.4,2023,NA,NA,NA,16.5,21.7,5.22,26,2888.6726,11.531733,94.4095
Philippines,PHL,40.4,2023,NA,NA,NA,16.5,21.7,5.22,29.3,2888.6726,11.531733,94.4095
Philippines,PHL,40.4,2023,NA,NA,NA,16.5,21.7,5.22,27.7,2888.6726,11.531733,94.4095
Rwanda,RWA,67,2023,30,0.38,6.48,30.3,39.3,9.25,27,2336.4639,38.55049,95.6575
Rwanda,RWA,67,2023,30,0.38,6.48,30.3,39.3,9.25,32.6,2336.4639,38.55049,95.6575
Rwanda,RWA,67,2023,30,0.38,6.48,30.3,39.3,9.25,29.8,2336.4639,38.55049,95.6575
Saint Lucia,LCA,38.6,NA,NA,NA,NA,NA,NA,NA,2.5,2736.8208,6.40365,NA
Saint Lucia,LCA,38.6,NA,NA,NA,NA,NA,NA,NA,3.1,2736.8208,6.40365,NA
Saint Lucia,LCA,38.6,NA,NA,NA,NA,NA,NA,NA,2.8,2736.8208,6.40365,NA
Samoa,WSM,47,2023,7.1,3.1,3.3,15.6,19.6,NA,7.8,3164.3618,4.458564,NA
Samoa,WSM,47,2023,7.1,3.1,3.3,15.6,19.6,NA,9,3164.3618,4.458564,NA
Samoa,WSM,47,2023,7.1,3.1,3.3,15.6,19.6,NA,8.4,3164.3618,4.458564,NA
Sao Tome & Principe,STP,53.7,NA,NA,NA,NA,NA,NA,NA,NA,NA,NA,NA
Senegal,SEN,55.5,2023,17.1,10.2,15.7,32.6,42.2,9.98,15.3,2772.088,17.887472,109.9523
Senegal,SEN,55.5,2023,17.1,10.2,15.7,32.6,42.2,9.98,19,2772.088,17.887472,109.9523
Senegal,SEN,55.5,2023,17.1,10.2,15.7,32.6,42.2,9.98,17.2,2772.088,17.887472,109.9523
Sierra Leone,SLE,72,NA,NA,NA,NA,NA,NA,NA,22.7,2408.555,41.4852,113.8966
Sierra Leone,SLE,72,NA,NA,NA,NA,NA,NA,NA,27.6,2408.555,41.4852,113.8966
Sierra Leone,SLE,72,NA,NA,NA,NA,NA,NA,NA,25.2,2408.555,41.4852,113.8966
Somalia,SOM,85,NA,NA,NA,NA,NA,NA,NA,22,1812.4296,NA,74.6347
Somalia,SOM,85,NA,NA,NA,NA,NA,NA,NA,25.7,1812.4296,NA,74.6347
Somalia,SOM,85,NA,NA,NA,NA,NA,NA,NA,23.9,1812.4296,NA,74.6347
South Africa,ZAF,40.4,NA,NA,NA,NA,NA,NA,NA,21.7,2651.0393,31.210604,100.2017
South Africa,ZAF,40.4,NA,NA,NA,NA,NA,NA,NA,27,2651.0393,31.210604,100.2017
South Africa,ZAF,40.4,NA,NA,NA,NA,NA,NA,NA,24.4,2651.0393,31.210604,100.2017
South Sudan,SSD,90.8,NA,NA,NA,NA,NA,NA,NA,27.8,2391.074,76.50265,114.1029
South Sudan,SSD,90.8,NA,NA,NA,NA,NA,NA,NA,32.1,2391.074,76.50265,114.1029
South Sudan,SSD,90.8,NA,NA,NA,NA,NA,NA,NA,30,2391.074,76.50265,114.1029
Sudan,SDN,71.3,NA,NA,NA,NA,NA,NA,NA,34.1,2513.4753,10.0999565,98.4174
Sudan,SDN,71.3,NA,NA,NA,NA,NA,NA,NA,36.6,2513.4753,10.0999565,98.4174
Sudan,SDN,71.3,NA,NA,NA,NA,NA,NA,NA,35.4,2513.4753,10.0999565,98.4174
Suriname,SUR,35.3,NA,NA,NA,NA,NA,NA,NA,7.1,2630.2493,2.1780427,93.8454
Suriname,SUR,35.3,NA,NA,NA,NA,NA,NA,NA,8.7,2630.2493,2.1780427,93.8454
Suriname,SUR,35.3,NA,NA,NA,NA,NA,NA,NA,8,2630.2493,2.1780427,93.8454
Syria,SYR,51.1,NA,NA,NA,NA,NA,NA,NA,NA,2351.3835,16.470306,82.5658
Tajikistan,TJK,49.5,NA,NA,NA,NA,NA,NA,NA,12.2,2706.0093,6.1335406,126.1972
Tajikistan,TJK,49.5,NA,NA,NA,NA,NA,NA,NA,13.9,2706.0093,6.1335406,126.1972
Tajikistan,TJK,49.5,NA,NA,NA,NA,NA,NA,NA,13.1,2706.0093,6.1335406,126.1972
Tanzania,TZA,67.2,2023,29.1,2.74,10.5,31.9,42.4,10.8,NA,2386.3342,51.346867,80.1892
Thailand,THA,32.3,2023,12.5,6.9,6.53,4.36,4.93,NA,11.5,2876.504,0.004842255,108.2346
Thailand,THA,32.3,2023,12.5,6.9,6.53,4.36,4.93,NA,13.1,2876.504,0.004842255,108.2346
Thailand,THA,32.3,2023,12.5,6.9,6.53,4.36,4.93,NA,12.3,2876.504,0.004842255,108.2346
Timor Leste,TLS,54.2,NA,NA,NA,NA,NA,NA,NA,NA,NA,NA,NA
Togo,TGO,67.9,NA,NA,NA,NA,NA,NA,NA,20.8,2527.3928,34.418003,98.4532
Togo,TGO,67.9,NA,NA,NA,NA,NA,NA,NA,25.1,2527.3928,34.418003,98.4532
Togo,TGO,67.9,NA,NA,NA,NA,NA,NA,NA,23,2527.3928,34.418003,98.4532
Tonga,TON,44.3,2023,2.2,1.1,0.8,8.79,11.2,NA,1.5,3016.6616,0.40881905,NA
Tonga,TON,44.3,2023,2.2,1.1,0.8,8.79,11.2,NA,1.7,3016.6616,0.40881905,NA
Tonga,TON,44.3,2023,2.2,1.1,0.8,8.79,11.2,NA,1.6,3016.6616,0.40881905,NA
Trinidad & Tobago,TTO,33.4,2023,NA,NA,NA,13,15,NA,NA,NA,NA,NA
Tunisia,TUN,37,NA,NA,NA,NA,NA,NA,NA,8.4,3539.61,0.6540434,94.2823
Tunisia,TUN,37,NA,NA,NA,NA,NA,NA,NA,9.4,3539.61,0.6540434,94.2823
Tunisia,TUN,37,NA,NA,NA,NA,NA,NA,NA,8.9,3539.61,0.6540434,94.2823
Turkey,TUR,34.1,NA,NA,NA,NA,NA,NA,NA,NA,3784.9302,0.5295797,122.4167
Turkmenistan,TKM,43.4,NA,NA,NA,NA,NA,NA,NA,6.1,2521.2112,35.07586,112.5105
Turkmenistan,TKM,43.4,NA,NA,NA,NA,NA,NA,NA,6.8,2521.2112,35.07586,112.5105
Turkmenistan,TKM,43.4,NA,NA,NA,NA,NA,NA,NA,6.5,2521.2112,35.07586,112.5105
Tuvalu,TUV,41.9,2023,5.6,2.8,2.9,16.4,20.8,NA,4.8,3356.8516,8.9907875,NA
Tuvalu,TUV,41.9,2023,5.6,2.8,2.9,16.4,20.8,NA,5.6,3356.8516,8.9907875,NA
Tuvalu,TUV,41.9,2023,5.6,2.8,2.9,16.4,20.8,NA,5.3,3356.8516,8.9907875,NA
Uganda,UGA,72.1,NA,NA,NA,NA,NA,NA,NA,21.1,2163.469,59.784378,95.5315
Uganda,UGA,72.1,NA,NA,NA,NA,NA,NA,NA,25.8,2163.469,59.784378,95.5315
Uganda,UGA,72.1,NA,NA,NA,NA,NA,NA,NA,23.5,2163.469,59.784378,95.5315
Uruguay,URY,24.7,NA,NA,NA,NA,NA,NA,NA,5.7,3337.967,0.16715977,86.5972
Uruguay,URY,24.7,NA,NA,NA,NA,NA,NA,NA,7.3,3337.967,0.16715977,86.5972
Uruguay,URY,24.7,NA,NA,NA,NA,NA,NA,NA,6.5,3337.967,0.16715977,86.5972
Uzbekistan,UZB,42.1,NA,NA,NA,NA,NA,NA,NA,6.3,3242.6484,2.718295,91.3194
Uzbekistan,UZB,42.1,NA,NA,NA,NA,NA,NA,NA,7.1,3242.6484,2.718295,91.3194
Uzbekistan,UZB,42.1,NA,NA,NA,NA,NA,NA,NA,6.7,3242.6484,2.718295,91.3194
Vanuatu,VUT,57.4,2023,28.9,7.9,11.8,14.2,16.6,NA,29.5,2907.5132,19.495604,84.0712
Vanuatu,VUT,57.4,2023,28.9,7.9,11.8,14.2,16.6,NA,32.5,2907.5132,19.495604,84.0712
Vanuatu,VUT,57.4,2023,28.9,7.9,11.8,14.2,16.6,NA,31,2907.5132,19.495604,84.0712
Venezuela,VEN,35.5,NA,NA,NA,NA,NA,NA,NA,NA,2325.3567,9.71206,98.7276
Vietnam,VNM,37.1,2023,NA,NA,NA,10.9,12.4,NA,NA,3026.1506,1.6033597,119.5943
Yemen,YEM,80.7,2023,NA,NA,NA,40.7,48.2,NA,46.3,1836.5474,33.300495,105.58
Yemen,YEM,80.7,2023,NA,NA,NA,40.7,48.2,NA,48.4,1836.5474,33.300495,105.58
Yemen,YEM,80.7,2023,NA,NA,NA,40.7,48.2,NA,47.4,1836.5474,33.300495,105.58
Zambia,ZMB,64.7,NA,NA,NA,NA,NA,NA,NA,29.4,2143.6448,71.65615,111.9222
Zambia,ZMB,64.7,NA,NA,NA,NA,NA,NA,NA,35.3,2143.6448,71.65615,111.9222
Zambia,ZMB,64.7,NA,NA,NA,NA,NA,NA,NA,32.3,2143.6448,71.65615,111.9222
Zimbabwe,ZWE,67.6,NA,NA,NA,NA,NA,NA,NA,21.3,2072.4438,49.219894,135.0029
Zimbabwe,ZWE,67.6,NA,NA,NA,NA,NA,NA,NA,26.1,2072.4438,49.219894,135.0029
Zimbabwe,ZWE,67.6,NA,NA,NA,NA,NA,NA,NA,23.7,2072.4438,49.219894,135.0029
Azerbaijan,AZE,NA,2023,6.6,3.5,3,12.2,13.7,NA,6.4,3347.8157,0,125.015
Azerbaijan,AZE,NA,2023,6.6,3.5,3,12.2,13.7,NA,7.2,3347.8157,0,125.015
Azerbaijan,AZE,NA,2023,6.6,3.5,3,12.2,13.7,NA,6.8,3347.8157,0,125.015
Kosovo,XKO,NA,2023,4,2.2,1.7,12.5,16.9,NA,NA,NA,9.97881,NA
Turks & Caicos Islands,TCA,NA,2023,5.3,0.6,0.8,17.5,22.4,NA,NA,NA,NA,NA
Africa,NA,NA,NA,NA,NA,NA,NA,NA,NA,28,2530.9294,NA,NA
Africa,NA,NA,NA,NA,NA,NA,NA,NA,NA,32.5,2530.9294,NA,NA
Africa,NA,NA,NA,NA,NA,NA,NA,NA,NA,30.3,2530.9294,NA,NA
Albania,NA,NA,NA,NA,NA,NA,NA,NA,NA,6.9,3408.1135,0.34092245,107.0644
Albania,NA,NA,NA,NA,NA,NA,NA,NA,NA,7.9,3408.1135,0.34092245,107.0644
Albania,NA,NA,NA,NA,NA,NA,NA,NA,NA,7.4,3408.1135,0.34092245,107.0644
Argentina,NA,NA,NA,NA,NA,NA,NA,NA,NA,9.7,3354.89,NA,80.4274
Argentina,NA,NA,NA,NA,NA,NA,NA,NA,NA,11.7,3354.89,NA,80.4274
Argentina,NA,NA,NA,NA,NA,NA,NA,NA,NA,10.7,3354.89,NA,80.4274
Armenia,NA,NA,NA,NA,NA,NA,NA,NA,NA,5.8,3162.6196,1.9280258,118.1789
Armenia,NA,NA,NA,NA,NA,NA,NA,NA,NA,6.5,3162.6196,1.9280258,118.1789
Armenia,NA,NA,NA,NA,NA,NA,NA,NA,NA,6.2,3162.6196,1.9280258,118.1789
Asia,NA,NA,NA,NA,NA,NA,NA,NA,NA,22.5,2930.993,NA,NA
Asia,NA,NA,NA,NA,NA,NA,NA,NA,NA,24.2,2930.993,NA,NA
Asia,NA,NA,NA,NA,NA,NA,NA,NA,NA,23.3,2930.993,NA,NA
Australia,NA,NA,NA,NA,NA,NA,NA,NA,NA,2.7,3467.567,0.9892079,103.6886
Australia,NA,NA,NA,NA,NA,NA,NA,NA,NA,3.5,3467.567,0.9892079,103.6886
Australia,NA,NA,NA,NA,NA,NA,NA,NA,NA,3.1,3467.567,0.9892079,103.6886
Australia and New Zealand,NA,NA,NA,NA,NA,NA,NA,NA,NA,2.7,NA,NA,NA
Australia and New Zealand,NA,NA,NA,NA,NA,NA,NA,NA,NA,3.5,NA,NA,NA
Australia and New Zealand,NA,NA,NA,NA,NA,NA,NA,NA,NA,3.1,NA,NA,NA
Bahrain,NA,NA,NA,NA,NA,NA,NA,NA,NA,4.1,3365.9885,NA,105.6793
Bahrain,NA,NA,NA,NA,NA,NA,NA,NA,NA,5.2,3365.9885,NA,105.6793
Bahrain,NA,NA,NA,NA,NA,NA,NA,NA,NA,4.6,3365.9885,NA,105.6793
Belarus,NA,NA,NA,NA,NA,NA,NA,NA,NA,1.1,3461.5132,0,110.8682
Belarus,NA,NA,NA,NA,NA,NA,NA,NA,NA,1.2,3461.5132,0,110.8682
Belarus,NA,NA,NA,NA,NA,NA,NA,NA,NA,1.1,3461.5132,0,110.8682
Belgium,NA,NA,NA,NA,NA,NA,NA,NA,NA,2.3,3913.8599,0.08690045,104.489
Belgium,NA,NA,NA,NA,NA,NA,NA,NA,NA,2.9,3913.8599,0.08690045,104.489
Belgium,NA,NA,NA,NA,NA,NA,NA,NA,NA,2.6,3913.8599,0.08690045,104.489
Bolivia (Plurinational State of),NA,NA,NA,NA,NA,NA,NA,NA,NA,9.7,NA,NA,NA
Bolivia (Plurinational State of),NA,NA,NA,NA,NA,NA,NA,NA,NA,11.8,NA,NA,NA
Bolivia (Plurinational State of),NA,NA,NA,NA,NA,NA,NA,NA,NA,10.7,NA,NA,NA
Bosnia and Herzegovina,NA,NA,NA,NA,NA,NA,NA,NA,NA,7.4,3398.2314,0.23511446,109.7922
Bosnia and Herzegovina,NA,NA,NA,NA,NA,NA,NA,NA,NA,8.4,3398.2314,0.23511446,109.7922
Bosnia and Herzegovina,NA,NA,NA,NA,NA,NA,NA,NA,NA,7.9,3398.2314,0.23511446,109.7922
Brunei Darussalam,NA,NA,NA,NA,NA,NA,NA,NA,NA,8.8,NA,NA,144.2765
Brunei Darussalam,NA,NA,NA,NA,NA,NA,NA,NA,NA,11,NA,NA,144.2765
Brunei Darussalam,NA,NA,NA,NA,NA,NA,NA,NA,NA,9.9,NA,NA,144.2765
Bulgaria,NA,NA,NA,NA,NA,NA,NA,NA,NA,5.2,3035.3965,1.0110016,89.283
Bulgaria,NA,NA,NA,NA,NA,NA,NA,NA,NA,5.9,3035.3965,1.0110016,89.283
Bulgaria,NA,NA,NA,NA,NA,NA,NA,NA,NA,5.5,3035.3965,1.0110016,89.283
Cabo Verde,NA,NA,NA,NA,NA,NA,NA,NA,NA,4.7,NA,NA,82.8945
Cabo Verde,NA,NA,NA,NA,NA,NA,NA,NA,NA,5.9,NA,NA,82.8945
Cabo Verde,NA,NA,NA,NA,NA,NA,NA,NA,NA,5.3,NA,NA,82.8945
Caribbean,NA,NA,NA,NA,NA,NA,NA,NA,NA,11.2,NA,NA,101.6986
Caribbean,NA,NA,NA,NA,NA,NA,NA,NA,NA,13.1,NA,NA,101.6986
Caribbean,NA,NA,NA,NA,NA,NA,NA,NA,NA,12.2,NA,NA,101.6986
Central African Republic,NA,NA,NA,NA,NA,NA,NA,NA,NA,36.3,2418.7656,71.61735,120.5326
Central African Republic,NA,NA,NA,NA,NA,NA,NA,NA,NA,41.5,2418.7656,71.61735,120.5326
Central African Republic,NA,NA,NA,NA,NA,NA,NA,NA,NA,38.9,2418.7656,71.61735,120.5326
Central America,NA,NA,NA,NA,NA,NA,NA,NA,NA,15.8,NA,NA,105.5948
Central America,NA,NA,NA,NA,NA,NA,NA,NA,NA,18.6,NA,NA,105.5948
Central America,NA,NA,NA,NA,NA,NA,NA,NA,NA,17.2,NA,NA,105.5948
Central Asia,NA,NA,NA,NA,NA,NA,NA,NA,NA,7,NA,NA,103.5359
Central Asia,NA,NA,NA,NA,NA,NA,NA,NA,NA,7.9,NA,NA,103.5359
Central Asia,NA,NA,NA,NA,NA,NA,NA,NA,NA,7.4,NA,NA,103.5359
Central and Southern Asia,NA,NA,NA,NA,NA,NA,NA,NA,NA,29.2,NA,NA,NA
Central and Southern Asia,NA,NA,NA,NA,NA,NA,NA,NA,NA,31.1,NA,NA,NA
Central and Southern Asia,NA,NA,NA,NA,NA,NA,NA,NA,NA,30.2,NA,NA,NA
Chile,NA,NA,NA,NA,NA,NA,NA,NA,NA,1.5,3113.6423,0.51983565,127.615
Chile,NA,NA,NA,NA,NA,NA,NA,NA,NA,1.9,3113.6423,0.51983565,127.615
Chile,NA,NA,NA,NA,NA,NA,NA,NA,NA,1.7,3113.6423,0.51983565,127.615
Congo,NA,NA,NA,NA,NA,NA,NA,NA,NA,14.4,2167.062,39.21688,NA
Congo,NA,NA,NA,NA,NA,NA,NA,NA,NA,18.1,2167.062,39.21688,NA
Congo,NA,NA,NA,NA,NA,NA,NA,NA,NA,16.3,2167.062,39.21688,NA
Czechia,NA,NA,NA,NA,NA,NA,NA,NA,NA,2.1,3368.2048,0,100.115
Czechia,NA,NA,NA,NA,NA,NA,NA,NA,NA,2.7,3368.2048,0,100.115
Czechia,NA,NA,NA,NA,NA,NA,NA,NA,NA,2.4,3368.2048,0,100.115
Côte d'Ivoire,NA,NA,NA,NA,NA,NA,NA,NA,NA,18.3,NA,NA,86.2146
Côte d'Ivoire,NA,NA,NA,NA,NA,NA,NA,NA,NA,22.3,NA,NA,86.2146
Côte d'Ivoire,NA,NA,NA,NA,NA,NA,NA,NA,NA,20.3,NA,NA,86.2146
Democratic People's Republic of Korea,NA,NA,NA,NA,NA,NA,NA,NA,NA,15.6,NA,NA,NA
Democratic People's Republic of Korea,NA,NA,NA,NA,NA,NA,NA,NA,NA,17.5,NA,NA,NA
Democratic People's Republic of Korea,NA,NA,NA,NA,NA,NA,NA,NA,NA,16.6,NA,NA,NA
Democratic Republic of the Congo,NA,NA,NA,NA,NA,NA,NA,NA,NA,41.1,NA,NA,NA
Democratic Republic of the Congo,NA,NA,NA,NA,NA,NA,NA,NA,NA,47,NA,NA,NA
Democratic Republic of the Congo,NA,NA,NA,NA,NA,NA,NA,NA,NA,44.1,NA,NA,NA
Eastern Africa,NA,NA,NA,NA,NA,NA,NA,NA,NA,28.6,NA,NA,NA
Eastern Africa,NA,NA,NA,NA,NA,NA,NA,NA,NA,33.7,NA,NA,NA
Eastern Africa,NA,NA,NA,NA,NA,NA,NA,NA,NA,31.2,NA,NA,NA
Eastern Asia,NA,NA,NA,NA,NA,NA,NA,NA,NA,4.5,NA,NA,NA
Eastern Asia,NA,NA,NA,NA,NA,NA,NA,NA,NA,5.2,NA,NA,NA
Eastern Asia,NA,NA,NA,NA,NA,NA,NA,NA,NA,4.8,NA,NA,NA
Eastern Europe,NA,NA,NA,NA,NA,NA,NA,NA,NA,4.3,NA,NA,NA
Eastern Europe,NA,NA,NA,NA,NA,NA,NA,NA,NA,4.9,NA,NA,NA
Eastern Europe,NA,NA,NA,NA,NA,NA,NA,NA,NA,4.6,NA,NA,NA
Eastern and South-Eastern Asia,NA,NA,NA,NA,NA,NA,NA,NA,NA,12.3,NA,NA,NA
Eastern and South-Eastern Asia,NA,NA,NA,NA,NA,NA,NA,NA,NA,13.8,NA,NA,NA
Eastern and South-Eastern Asia,NA,NA,NA,NA,NA,NA,NA,NA,NA,13.1,NA,NA,NA
Estonia,NA,NA,NA,NA,NA,NA,NA,NA,NA,1.1,3238.8308,0.316949,99.2585
Estonia,NA,NA,NA,NA,NA,NA,NA,NA,NA,1.5,3238.8308,0.316949,99.2585
Estonia,NA,NA,NA,NA,NA,NA,NA,NA,NA,1.3,3238.8308,0.316949,99.2585
Europe,NA,NA,NA,NA,NA,NA,NA,NA,NA,3.2,3452.4268,NA,NA
Europe,NA,NA,NA,NA,NA,NA,NA,NA,NA,3.9,3452.4268,NA,NA
Europe,NA,NA,NA,NA,NA,NA,NA,NA,NA,3.6,3452.4268,NA,NA
Europe and Northern America,NA,NA,NA,NA,NA,NA,NA,NA,NA,3.4,NA,NA,NA
Europe and Northern America,NA,NA,NA,NA,NA,NA,NA,NA,NA,4.2,NA,NA,NA
Europe and Northern America,NA,NA,NA,NA,NA,NA,NA,NA,NA,3.8,NA,NA,NA
Finland,NA,NA,NA,NA,NA,NA,NA,NA,NA,1.5,3360.3848,0.19506416,112.658
Finland,NA,NA,NA,NA,NA,NA,NA,NA,NA,1.9,3360.3848,0.19506416,112.658
Finland,NA,NA,NA,NA,NA,NA,NA,NA,NA,1.7,3360.3848,0.19506416,112.658
Georgia,NA,NA,NA,NA,NA,NA,NA,NA,NA,4.4,3064.7148,4.229261,128.2164
Georgia,NA,NA,NA,NA,NA,NA,NA,NA,NA,5,3064.7148,4.229261,128.2164
Georgia,NA,NA,NA,NA,NA,NA,NA,NA,NA,4.7,3064.7148,4.229261,128.2164
Germany,NA,NA,NA,NA,NA,NA,NA,NA,NA,1.9,3573.1267,0.24379632,109.5487
Germany,NA,NA,NA,NA,NA,NA,NA,NA,NA,2.5,3573.1267,0.24379632,109.5487
Germany,NA,NA,NA,NA,NA,NA,NA,NA,NA,2.2,3573.1267,0.24379632,109.5487
Greece,NA,NA,NA,NA,NA,NA,NA,NA,NA,1.7,3389.062,0.5942829,91.4334
Greece,NA,NA,NA,NA,NA,NA,NA,NA,NA,2.2,3389.062,0.5942829,91.4334
Greece,NA,NA,NA,NA,NA,NA,NA,NA,NA,2,3389.062,0.5942829,91.4334
Guinea-Bissau,NA,NA,NA,NA,NA,NA,NA,NA,NA,25.9,2291.1282,39.86111,99.1125
Guinea-Bissau,NA,NA,NA,NA,NA,NA,NA,NA,NA,30.7,2291.1282,39.86111,99.1125
Guinea-Bissau,NA,NA,NA,NA,NA,NA,NA,NA,NA,28.3,2291.1282,39.86111,99.1125
Iran (Islamic Republic of),NA,NA,NA,NA,NA,NA,NA,NA,NA,4.6,NA,NA,NA
Iran (Islamic Republic of),NA,NA,NA,NA,NA,NA,NA,NA,NA,5,NA,NA,NA
Iran (Islamic Republic of),NA,NA,NA,NA,NA,NA,NA,NA,NA,4.8,NA,NA,NA
Ireland,NA,NA,NA,NA,NA,NA,NA,NA,NA,1.9,3844.27,0.08230577,109.2785
Ireland,NA,NA,NA,NA,NA,NA,NA,NA,NA,2.4,3844.27,0.08230577,109.2785
Ireland,NA,NA,NA,NA,NA,NA,NA,NA,NA,2.2,3844.27,0.08230577,109.2785
Japan,NA,NA,NA,NA,NA,NA,NA,NA,NA,4.5,2670.09,1.2131146,105.7584
Japan,NA,NA,NA,NA,NA,NA,NA,NA,NA,5.8,2670.09,1.2131146,105.7584
Japan,NA,NA,NA,NA,NA,NA,NA,NA,NA,5.2,2670.09,1.2131146,105.7584
Kuwait,NA,NA,NA,NA,NA,NA,NA,NA,NA,3.9,3262.841,NA,114.0495
Kuwait,NA,NA,NA,NA,NA,NA,NA,NA,NA,5,3262.841,NA,114.0495
Kuwait,NA,NA,NA,NA,NA,NA,NA,NA,NA,4.5,3262.841,NA,114.0495
Lao People's Democratic Republic,NA,NA,NA,NA,NA,NA,NA,NA,NA,28.4,NA,NA,NA
Lao People's Democratic Republic,NA,NA,NA,NA,NA,NA,NA,NA,NA,31.2,NA,NA,NA
Lao People's Democratic Republic,NA,NA,NA,NA,NA,NA,NA,NA,NA,29.9,NA,NA,NA
Latin America and the Caribbean,NA,NA,NA,NA,NA,NA,NA,NA,NA,11.3,NA,NA,NA
Latin America and the Caribbean,NA,NA,NA,NA,NA,NA,NA,NA,NA,13.4,NA,NA,NA
Latin America and the Caribbean,NA,NA,NA,NA,NA,NA,NA,NA,NA,12.4,NA,NA,NA
Latvia,NA,NA,NA,NA,NA,NA,NA,NA,NA,1.5,3259.167,0.44409683,95.6175
Latvia,NA,NA,NA,NA,NA,NA,NA,NA,NA,1.9,3259.167,0.44409683,95.6175
Latvia,NA,NA,NA,NA,NA,NA,NA,NA,NA,1.7,3259.167,0.44409683,95.6175
Lithuania,NA,NA,NA,NA,NA,NA,NA,NA,NA,1.4,3326.0994,1.097914,96.1278
Lithuania,NA,NA,NA,NA,NA,NA,NA,NA,NA,1.7,3326.0994,1.097914,96.1278
Lithuania,NA,NA,NA,NA,NA,NA,NA,NA,NA,1.6,3326.0994,1.097914,96.1278
Malta,NA,NA,NA,NA,NA,NA,NA,NA,NA,3.1,3329.8694,0.110051446,115.8772
Malta,NA,NA,NA,NA,NA,NA,NA,NA,NA,3.9,3329.8694,0.110051446,115.8772
Malta,NA,NA,NA,NA,NA,NA,NA,NA,NA,3.5,3329.8694,0.110051446,115.8772
Marshall Islands,NA,NA,NA,NA,NA,NA,NA,NA,NA,28.2,3389.8928,2.1009586,NA
Marshall Islands,NA,NA,NA,NA,NA,NA,NA,NA,NA,31.6,3389.8928,2.1009586,NA
Marshall Islands,NA,NA,NA,NA,NA,NA,NA,NA,NA,30,3389.8928,2.1009586,NA
Melanesia,NA,NA,NA,NA,NA,NA,NA,NA,NA,42.2,NA,NA,NA
Melanesia,NA,NA,NA,NA,NA,NA,NA,NA,NA,44.9,NA,NA,NA
Melanesia,NA,NA,NA,NA,NA,NA,NA,NA,NA,43.6,NA,NA,NA
Micronesia,NA,NA,NA,NA,NA,NA,NA,NA,NA,12.7,NA,NA,96.6157
Micronesia,NA,NA,NA,NA,NA,NA,NA,NA,NA,14.4,NA,NA,96.6157
Micronesia,NA,NA,NA,NA,NA,NA,NA,NA,NA,13.6,NA,NA,96.6157
Middle Africa,NA,NA,NA,NA,NA,NA,NA,NA,NA,37.3,NA,NA,NA
Middle Africa,NA,NA,NA,NA,NA,NA,NA,NA,NA,42.8,NA,NA,NA
Middle Africa,NA,NA,NA,NA,NA,NA,NA,NA,NA,40.1,NA,NA,NA
Montenegro,NA,NA,NA,NA,NA,NA,NA,NA,NA,7.4,3645.8337,2.493799,99.3447
Montenegro,NA,NA,NA,NA,NA,NA,NA,NA,NA,8.5,3645.8337,2.493799,99.3447
Montenegro,NA,NA,NA,NA,NA,NA,NA,NA,NA,8,3645.8337,2.493799,99.3447
Nauru,NA,NA,NA,NA,NA,NA,NA,NA,NA,14.9,3208.1829,9.718575,NA
Nauru,NA,NA,NA,NA,NA,NA,NA,NA,NA,17.1,3208.1829,9.718575,NA
Nauru,NA,NA,NA,NA,NA,NA,NA,NA,NA,16,3208.1829,9.718575,NA
Netherlands (Kingdom of the),NA,NA,NA,NA,NA,NA,NA,NA,NA,1.4,NA,NA,NA
Netherlands (Kingdom of the),NA,NA,NA,NA,NA,NA,NA,NA,NA,1.8,NA,NA,NA
Netherlands (Kingdom of the),NA,NA,NA,NA,NA,NA,NA,NA,NA,1.6,NA,NA,NA
North Macedonia,NA,NA,NA,NA,NA,NA,NA,NA,NA,3.5,3581.5764,3.9403512,114.7372
North Macedonia,NA,NA,NA,NA,NA,NA,NA,NA,NA,4,3581.5764,3.9403512,114.7372
North Macedonia,NA,NA,NA,NA,NA,NA,NA,NA,NA,3.8,3581.5764,3.9403512,114.7372
Northern Africa,NA,NA,NA,NA,NA,NA,NA,NA,NA,17.3,NA,NA,NA
Northern Africa,NA,NA,NA,NA,NA,NA,NA,NA,NA,18.9,NA,NA,NA
Northern Africa,NA,NA,NA,NA,NA,NA,NA,NA,NA,18.1,NA,NA,NA
Northern Africa and Western Asia,NA,NA,NA,NA,NA,NA,NA,NA,NA,17.3,NA,NA,NA
Northern Africa and Western Asia,NA,NA,NA,NA,NA,NA,NA,NA,NA,18.8,NA,NA,NA
Northern Africa and Western Asia,NA,NA,NA,NA,NA,NA,NA,NA,NA,18.1,NA,NA,NA
Northern America,NA,NA,NA,NA,NA,NA,NA,NA,NA,3.6,NA,NA,NA
Northern America,NA,NA,NA,NA,NA,NA,NA,NA,NA,4.6,NA,NA,NA
Northern America,NA,NA,NA,NA,NA,NA,NA,NA,NA,4.1,NA,NA,NA
Northern Europe,NA,NA,NA,NA,NA,NA,NA,NA,NA,2.6,NA,NA,NA
Northern Europe,NA,NA,NA,NA,NA,NA,NA,NA,NA,3.4,NA,NA,NA
Northern Europe,NA,NA,NA,NA,NA,NA,NA,NA,NA,3,NA,NA,NA
Oceania (exc. Australia and New Zealand),NA,NA,NA,NA,NA,NA,NA,NA,NA,40.1,NA,NA,NA
Oceania (exc. Australia and New Zealand),NA,NA,NA,NA,NA,NA,NA,NA,NA,42.8,NA,NA,NA
Oceania (exc. Australia and New Zealand),NA,NA,NA,NA,NA,NA,NA,NA,NA,41.5,NA,NA,NA
Oman,NA,NA,NA,NA,NA,NA,NA,NA,NA,11.4,2964.2441,NA,137.5291
Oman,NA,NA,NA,NA,NA,NA,NA,NA,NA,14.4,2964.2441,NA,137.5291
Oman,NA,NA,NA,NA,NA,NA,NA,NA,NA,12.9,2964.2441,NA,137.5291
Poland,NA,NA,NA,NA,NA,NA,NA,NA,NA,0.9,3754.5994,0.24412745,120.8274
Poland,NA,NA,NA,NA,NA,NA,NA,NA,NA,1.1,3754.5994,0.24412745,120.8274
Poland,NA,NA,NA,NA,NA,NA,NA,NA,NA,1,3754.5994,0.24412745,120.8274
Polynesia,NA,NA,NA,NA,NA,NA,NA,NA,NA,6.5,NA,NA,97.1516
Polynesia,NA,NA,NA,NA,NA,NA,NA,NA,NA,7.4,NA,NA,97.1516
Polynesia,NA,NA,NA,NA,NA,NA,NA,NA,NA,7,NA,NA,97.1516
Portugal,NA,NA,NA,NA,NA,NA,NA,NA,NA,2.8,3461.207,0.41326326,147.1647
Portugal,NA,NA,NA,NA,NA,NA,NA,NA,NA,3.5,3461.207,0.41326326,147.1647
Portugal,NA,NA,NA,NA,NA,NA,NA,NA,NA,3.2,3461.207,0.41326326,147.1647
Qatar,NA,NA,NA,NA,NA,NA,NA,NA,NA,4.7,3298.6794,0,95.6198
Qatar,NA,NA,NA,NA,NA,NA,NA,NA,NA,6.1,3298.6794,0,95.6198
Qatar,NA,NA,NA,NA,NA,NA,NA,NA,NA,5.4,3298.6794,0,95.6198
Republic of Korea,NA,NA,NA,NA,NA,NA,NA,NA,NA,1.6,NA,NA,NA
Republic of Korea,NA,NA,NA,NA,NA,NA,NA,NA,NA,2,NA,NA,NA
Republic of Korea,NA,NA,NA,NA,NA,NA,NA,NA,NA,1.8,NA,NA,NA
Republic of Moldova,NA,NA,NA,NA,NA,NA,NA,NA,NA,3.9,NA,NA,NA
Republic of Moldova,NA,NA,NA,NA,NA,NA,NA,NA,NA,4.5,NA,NA,NA
Republic of Moldova,NA,NA,NA,NA,NA,NA,NA,NA,NA,4.2,NA,NA,NA
Romania,NA,NA,NA,NA,NA,NA,NA,NA,NA,6.5,3716.5142,0.70015216,104.8981
Romania,NA,NA,NA,NA,NA,NA,NA,NA,NA,7.4,3716.5142,0.70015216,104.8981
Romania,NA,NA,NA,NA,NA,NA,NA,NA,NA,7,3716.5142,0.70015216,104.8981
Sao Tome and Principe,NA,NA,NA,NA,NA,NA,NA,NA,NA,8.8,2387.8955,13.006117,104.9518
Sao Tome and Principe,NA,NA,NA,NA,NA,NA,NA,NA,NA,11.1,2387.8955,13.006117,104.9518
Sao Tome and Principe,NA,NA,NA,NA,NA,NA,NA,NA,NA,10,2387.8955,13.006117,104.9518
Saudi Arabia,NA,NA,NA,NA,NA,NA,NA,NA,NA,9.9,3707.277,NA,175.3819
Saudi Arabia,NA,NA,NA,NA,NA,NA,NA,NA,NA,12.4,3707.277,NA,175.3819
Saudi Arabia,NA,NA,NA,NA,NA,NA,NA,NA,NA,11.1,3707.277,NA,175.3819
Serbia,NA,NA,NA,NA,NA,NA,NA,NA,NA,4.3,3840.8477,2.039072,107.1933
Serbia,NA,NA,NA,NA,NA,NA,NA,NA,NA,4.8,3840.8477,2.039072,107.1933
Serbia,NA,NA,NA,NA,NA,NA,NA,NA,NA,4.6,3840.8477,2.039072,107.1933
Seychelles,NA,NA,NA,NA,NA,NA,NA,NA,NA,5.4,2749.6492,0.6736329,NA
Seychelles,NA,NA,NA,NA,NA,NA,NA,NA,NA,7,2749.6492,0.6736329,NA
Seychelles,NA,NA,NA,NA,NA,NA,NA,NA,NA,6.2,2749.6492,0.6736329,NA
Singapore,NA,NA,NA,NA,NA,NA,NA,NA,NA,2.4,NA,NA,NA
Singapore,NA,NA,NA,NA,NA,NA,NA,NA,NA,3.1,NA,NA,NA
Singapore,NA,NA,NA,NA,NA,NA,NA,NA,NA,2.8,NA,NA,NA
Solomon Islands,NA,NA,NA,NA,NA,NA,NA,NA,NA,28.1,2138.691,40.301487,92.3423
Solomon Islands,NA,NA,NA,NA,NA,NA,NA,NA,NA,31.4,2138.691,40.301487,92.3423
Solomon Islands,NA,NA,NA,NA,NA,NA,NA,NA,NA,29.8,2138.691,40.301487,92.3423
South America,NA,NA,NA,NA,NA,NA,NA,NA,NA,8.9,3156.9246,NA,NA
South America,NA,NA,NA,NA,NA,NA,NA,NA,NA,10.8,3156.9246,NA,NA
South America,NA,NA,NA,NA,NA,NA,NA,NA,NA,9.9,3156.9246,NA,NA
South-eastern Asia,NA,NA,NA,NA,NA,NA,NA,NA,NA,21.3,NA,NA,NA
South-eastern Asia,NA,NA,NA,NA,NA,NA,NA,NA,NA,24.1,NA,NA,NA
South-eastern Asia,NA,NA,NA,NA,NA,NA,NA,NA,NA,22.7,NA,NA,NA
Southern Africa,NA,NA,NA,NA,NA,NA,NA,NA,NA,21.4,NA,NA,NA
Southern Africa,NA,NA,NA,NA,NA,NA,NA,NA,NA,26.7,NA,NA,NA
Southern Africa,NA,NA,NA,NA,NA,NA,NA,NA,NA,24.1,NA,NA,NA
Southern Asia,NA,NA,NA,NA,NA,NA,NA,NA,NA,30.4,NA,NA,NA
Southern Asia,NA,NA,NA,NA,NA,NA,NA,NA,NA,32.3,NA,NA,NA
Southern Asia,NA,NA,NA,NA,NA,NA,NA,NA,NA,31.4,NA,NA,NA
Southern Europe,NA,NA,NA,NA,NA,NA,NA,NA,NA,3.2,NA,NA,NA
Southern Europe,NA,NA,NA,NA,NA,NA,NA,NA,NA,4,NA,NA,NA
Southern Europe,NA,NA,NA,NA,NA,NA,NA,NA,NA,3.6,NA,NA,NA
Sri Lanka,NA,NA,NA,NA,NA,NA,NA,NA,NA,9.7,2678.9468,2.705454,94.2674
Sri Lanka,NA,NA,NA,NA,NA,NA,NA,NA,NA,10.5,2678.9468,2.705454,94.2674
Sri Lanka,NA,NA,NA,NA,NA,NA,NA,NA,NA,10.1,2678.9468,2.705454,94.2674
Sub-Saharan Africa,NA,NA,NA,NA,NA,NA,NA,NA,NA,29.6,NA,NA,NA
Sub-Saharan Africa,NA,NA,NA,NA,NA,NA,NA,NA,NA,34.6,NA,NA,NA
Sub-Saharan Africa,NA,NA,NA,NA,NA,NA,NA,NA,NA,32.2,NA,NA,NA
Syrian Arab Republic,NA,NA,NA,NA,NA,NA,NA,NA,NA,22.5,NA,NA,NA
Syrian Arab Republic,NA,NA,NA,NA,NA,NA,NA,NA,NA,24.4,NA,NA,NA
Syrian Arab Republic,NA,NA,NA,NA,NA,NA,NA,NA,NA,23.5,NA,NA,NA
Timor-Leste,NA,NA,NA,NA,NA,NA,NA,NA,NA,43.8,NA,NA,75.9231
Timor-Leste,NA,NA,NA,NA,NA,NA,NA,NA,NA,47,NA,NA,75.9231
Timor-Leste,NA,NA,NA,NA,NA,NA,NA,NA,NA,45.4,NA,NA,75.9231
Trinidad and Tobago,NA,NA,NA,NA,NA,NA,NA,NA,NA,6.8,2984.954,3.238,84.5946
Trinidad and Tobago,NA,NA,NA,NA,NA,NA,NA,NA,NA,8.8,2984.954,3.238,84.5946
Trinidad and Tobago,NA,NA,NA,NA,NA,NA,NA,NA,NA,7.8,2984.954,3.238,84.5946
Türkiye,NA,NA,NA,NA,NA,NA,NA,NA,NA,5.2,NA,NA,NA
Türkiye,NA,NA,NA,NA,NA,NA,NA,NA,NA,5.8,NA,NA,NA
Türkiye,NA,NA,NA,NA,NA,NA,NA,NA,NA,5.5,NA,NA,NA
Ukraine,NA,NA,NA,NA,NA,NA,NA,NA,NA,10.9,2757.9172,0.033767752,101.9724
Ukraine,NA,NA,NA,NA,NA,NA,NA,NA,NA,12.4,2757.9172,0.033767752,101.9724
Ukraine,NA,NA,NA,NA,NA,NA,NA,NA,NA,11.7,2757.9172,0.033767752,101.9724
United Kingdom of Great Britain and Northern Ireland,NA,NA,NA,NA,NA,NA,NA,NA,NA,3.1,NA,NA,NA
United Kingdom of Great Britain and Northern Ireland,NA,NA,NA,NA,NA,NA,NA,NA,NA,3.9,NA,NA,NA
United Kingdom of Great Britain and Northern Ireland,NA,NA,NA,NA,NA,NA,NA,NA,NA,3.5,NA,NA,NA
United Republic of Tanzania,NA,NA,NA,NA,NA,NA,NA,NA,NA,27.2,NA,NA,NA
United Republic of Tanzania,NA,NA,NA,NA,NA,NA,NA,NA,NA,32.6,NA,NA,NA
United Republic of Tanzania,NA,NA,NA,NA,NA,NA,NA,NA,NA,29.9,NA,NA,NA
United States of America,NA,NA,NA,NA,NA,NA,NA,NA,NA,3.7,NA,NA,NA
United States of America,NA,NA,NA,NA,NA,NA,NA,NA,NA,4.7,NA,NA,NA
United States of America,NA,NA,NA,NA,NA,NA,NA,NA,NA,4.2,NA,NA,NA
Venezuela (Bolivarian Republic of),NA,NA,NA,NA,NA,NA,NA,NA,NA,10.6,NA,NA,NA
Venezuela (Bolivarian Republic of),NA,NA,NA,NA,NA,NA,NA,NA,NA,12.7,NA,NA,NA
Venezuela (Bolivarian Republic of),NA,NA,NA,NA,NA,NA,NA,NA,NA,11.7,NA,NA,NA
Viet Nam,NA,NA,NA,NA,NA,NA,NA,NA,NA,17.9,NA,NA,NA
Viet Nam,NA,NA,NA,NA,NA,NA,NA,NA,NA,20.3,NA,NA,NA
Viet Nam,NA,NA,NA,NA,NA,NA,NA,NA,NA,19.2,NA,NA,NA
Western Africa,NA,NA,NA,NA,NA,NA,NA,NA,NA,27.4,NA,NA,NA
Western Africa,NA,NA,NA,NA,NA,NA,NA,NA,NA,32,NA,NA,NA
Western Africa,NA,NA,NA,NA,NA,NA,NA,NA,NA,29.7,NA,NA,NA
Western Asia,NA,NA,NA,NA,NA,NA,NA,NA,NA,17.3,NA,NA,NA
Western Asia,NA,NA,NA,NA,NA,NA,NA,NA,NA,18.7,NA,NA,NA
Western Asia,NA,NA,NA,NA,NA,NA,NA,NA,NA,18,NA,NA,NA
Western Europe,NA,NA,NA,NA,NA,NA,NA,NA,NA,2.2,NA,NA,NA
Western Europe,NA,NA,NA,NA,NA,NA,NA,NA,NA,2.8,NA,NA,NA
Western Europe,NA,NA,NA,NA,NA,NA,NA,NA,NA,2.5,NA,NA,NA
Africa (FAO),NA,NA,NA,NA,NA,NA,NA,NA,NA,NA,2567.35,NA,NA
Americas (FAO),NA,NA,NA,NA,NA,NA,NA,NA,NA,NA,3392.05,NA,NA
Antigua and Barbuda,NA,NA,NA,NA,NA,NA,NA,NA,NA,NA,2482.4941,NA,NA
Asia (FAO),NA,NA,NA,NA,NA,NA,NA,NA,NA,NA,2943.82,NA,NA
Austria,NA,NA,NA,NA,NA,NA,NA,NA,NA,NA,3759.5864,0.5282233,109.955
Bahamas,NA,NA,NA,NA,NA,NA,NA,NA,NA,NA,2701.8284,NA,98.5586
Belgium-Luxembourg (FAO),NA,NA,NA,NA,NA,NA,NA,NA,NA,NA,3670,NA,NA
Bermuda,NA,NA,NA,NA,NA,NA,NA,NA,NA,NA,2776.3538,NA,NA
Brunei,NA,NA,NA,NA,NA,NA,NA,NA,NA,NA,2959.8743,NA,NA
Canada,NA,NA,NA,NA,NA,NA,NA,NA,NA,NA,3572.0554,0.24990198,103.6279
Caribbean (FAO),NA,NA,NA,NA,NA,NA,NA,NA,NA,NA,2827.78,NA,NA
Central America (FAO),NA,NA,NA,NA,NA,NA,NA,NA,NA,NA,3173.14,NA,NA
Central Asia (FAO),NA,NA,NA,NA,NA,NA,NA,NA,NA,NA,3168.58,NA,NA
China (FAO),NA,NA,NA,NA,NA,NA,NA,NA,NA,NA,3441.48,NA,NA
Croatia,NA,NA,NA,NA,NA,NA,NA,NA,NA,NA,3421.4875,0.26276088,102.9723
Cyprus,NA,NA,NA,NA,NA,NA,NA,NA,NA,NA,2855.2139,0.013168177999999999,108.775
Czechoslovakia,NA,NA,NA,NA,NA,NA,NA,NA,NA,NA,3161.6072,NA,NA
Democratic Republic of Congo,NA,NA,NA,NA,NA,NA,NA,NA,NA,NA,2078.9473,85.31767,NA
Denmark,NA,NA,NA,NA,NA,NA,NA,NA,NA,NA,3579.619,0.35922468,103.0098
Dominica,NA,NA,NA,NA,NA,NA,NA,NA,NA,NA,3278.3,NA,NA
East Timor,NA,NA,NA,NA,NA,NA,NA,NA,NA,NA,2222.32,43.935608,NA
Eastern Africa (FAO),NA,NA,NA,NA,NA,NA,NA,NA,NA,NA,2262.71,NA,NA
Eastern Asia (FAO),NA,NA,NA,NA,NA,NA,NA,NA,NA,NA,3361.15,NA,NA
Eastern Europe (FAO),NA,NA,NA,NA,NA,NA,NA,NA,NA,NA,3375.2,NA,NA
Ethiopia (former),NA,NA,NA,NA,NA,NA,NA,NA,NA,NA,1616.6896,NA,NA
Europe (FAO),NA,NA,NA,NA,NA,NA,NA,NA,NA,NA,3471.44,NA,NA
European Union (27),NA,NA,NA,NA,NA,NA,NA,NA,NA,NA,3540.9702,NA,NA
France,NA,NA,NA,NA,NA,NA,NA,NA,NA,NA,3505.4783,0.069723465,105.7477
French Polynesia,NA,NA,NA,NA,NA,NA,NA,NA,NA,NA,3146.0803,NA,NA
Grenada,NA,NA,NA,NA,NA,NA,NA,NA,NA,NA,2803.1863,0.76735455,NA
High-income countries,NA,NA,NA,NA,NA,NA,NA,NA,NA,NA,3492.284,NA,NA
Hong Kong,NA,NA,NA,NA,NA,NA,NA,NA,NA,NA,3004.8472,NA,NA
Hungary,NA,NA,NA,NA,NA,NA,NA,NA,NA,NA,3530.3574,0.91795725,77.2525
Iceland,NA,NA,NA,NA,NA,NA,NA,NA,NA,NA,3604.709,0.079942025,190.9965
Israel,NA,NA,NA,NA,NA,NA,NA,NA,NA,NA,3894.7224,0.72074586,99.6843
Italy,NA,NA,NA,NA,NA,NA,NA,NA,NA,NA,3667.3591,0.9272269,94.2355
Land Locked Developing Countries (FAO),NA,NA,NA,NA,NA,NA,NA,NA,NA,NA,2570.12,NA,NA
Laos,NA,NA,NA,NA,NA,NA,NA,NA,NA,NA,3156.3718,15.656701,100.4812
Least Developed Countries (FAO),NA,NA,NA,NA,NA,NA,NA,NA,NA,NA,2435.67,NA,NA
Low Income Food Deficit Countries (FAO),NA,NA,NA,NA,NA,NA,NA,NA,NA,NA,2393.72,NA,NA
Low-income countries,NA,NA,NA,NA,NA,NA,NA,NA,NA,NA,2280.0232,NA,NA
Lower-middle-income countries,NA,NA,NA,NA,NA,NA,NA,NA,NA,NA,2617.3762,NA,NA
Luxembourg,NA,NA,NA,NA,NA,NA,NA,NA,NA,NA,3452.5415,0.085137635,112.0159
Macao,NA,NA,NA,NA,NA,NA,NA,NA,NA,NA,2899.0647,NA,NA
Micronesia (FAO),NA,NA,NA,NA,NA,NA,NA,NA,NA,NA,2937.2,NA,NA
Micronesia (country),NA,NA,NA,NA,NA,NA,NA,NA,NA,NA,2805.1277,26.14708,NA
Middle Africa (FAO),NA,NA,NA,NA,NA,NA,NA,NA,NA,NA,2312.48,NA,NA
Moldova,NA,NA,NA,NA,NA,NA,NA,NA,NA,NA,2635.0098,0.1292224,117.6555
Net Food Importing Developing Countries (FAO),NA,NA,NA,NA,NA,NA,NA,NA,NA,NA,2532.24,NA,NA
Netherlands,NA,NA,NA,NA,NA,NA,NA,NA,NA,NA,3468.3887,0.09726311,100.2049
Netherlands Antilles,NA,NA,NA,NA,NA,NA,NA,NA,NA,NA,3142.375,NA,NA
New Caledonia,NA,NA,NA,NA,NA,NA,NA,NA,NA,NA,2985.466,NA,NA
New Zealand,NA,NA,NA,NA,NA,NA,NA,NA,NA,NA,3180.148,NA,92.5993
North America,NA,NA,NA,NA,NA,NA,NA,NA,NA,NA,3573.3667,NA,NA
North Korea,NA,NA,NA,NA,NA,NA,NA,NA,NA,NA,1981.1882,NA,NA
Northern Africa (FAO),NA,NA,NA,NA,NA,NA,NA,NA,NA,NA,3142.08,NA,NA
Northern America (FAO),NA,NA,NA,NA,NA,NA,NA,NA,NA,NA,3880.91,NA,NA
Northern Europe (FAO),NA,NA,NA,NA,NA,NA,NA,NA,NA,NA,3401.75,NA,NA
Norway,NA,NA,NA,NA,NA,NA,NA,NA,NA,NA,3490.115,0.19705932,107.2682
Oceania,NA,NA,NA,NA,NA,NA,NA,NA,NA,NA,3100.213,NA,NA
Oceania (FAO),NA,NA,NA,NA,NA,NA,NA,NA,NA,NA,3101.16,NA,NA
Russia,NA,NA,NA,NA,NA,NA,NA,NA,NA,NA,3433.42,0.041680403,NA
Saint Kitts and Nevis,NA,NA,NA,NA,NA,NA,NA,NA,NA,NA,2923.6675,NA,NA
Saint Vincent and the Grenadines,NA,NA,NA,NA,NA,NA,NA,NA,NA,NA,3018.067,NA,NA
Serbia and Montenegro,NA,NA,NA,NA,NA,NA,NA,NA,NA,NA,2916.0461,NA,106.8205
Slovakia,NA,NA,NA,NA,NA,NA,NA,NA,NA,NA,3075.5967,0.45213726,89.1829
Slovenia,NA,NA,NA,NA,NA,NA,NA,NA,NA,NA,3100.331,0,111.9091
Small Island Developing States (FAO),NA,NA,NA,NA,NA,NA,NA,NA,NA,NA,2696.31,NA,NA
South America (FAO),NA,NA,NA,NA,NA,NA,NA,NA,NA,NA,3111.24,NA,NA
South Korea,NA,NA,NA,NA,NA,NA,NA,NA,NA,NA,3444.1628,0.24876492,NA
South-eastern Asia (FAO),NA,NA,NA,NA,NA,NA,NA,NA,NA,NA,2880.45,NA,NA
Southern Africa (FAO),NA,NA,NA,NA,NA,NA,NA,NA,NA,NA,2713.38,NA,NA
Southern Asia (FAO),NA,NA,NA,NA,NA,NA,NA,NA,NA,NA,2584.35,NA,NA
Southern Europe (FAO),NA,NA,NA,NA,NA,NA,NA,NA,NA,NA,3518.7,NA,NA
Spain,NA,NA,NA,NA,NA,NA,NA,NA,NA,NA,3356.253,0.8134084,89.9891
Sudan (former),NA,NA,NA,NA,NA,NA,NA,NA,NA,NA,2200.6326,NA,NA
Sweden,NA,NA,NA,NA,NA,NA,NA,NA,NA,NA,3347.428,0.8379481,102.4417
Switzerland,NA,NA,NA,NA,NA,NA,NA,NA,NA,NA,3432.2642,0.20869467,118.0625
Taiwan,NA,NA,NA,NA,NA,NA,NA,NA,NA,NA,3016.3599,0,100.6106
USSR,NA,NA,NA,NA,NA,NA,NA,NA,NA,NA,3015.039,NA,NA
United Arab Emirates,NA,NA,NA,NA,NA,NA,NA,NA,NA,NA,3061.6863,0,131.1626
United Kingdom,NA,NA,NA,NA,NA,NA,NA,NA,NA,NA,3322.3088,0.49831137,103.056
United States,NA,NA,NA,NA,NA,NA,NA,NA,NA,NA,3874.9792,1.2497342,100.6088
Upper-middle-income countries,NA,NA,NA,NA,NA,NA,NA,NA,NA,NA,3253.7686,NA,NA
Western Africa (FAO),NA,NA,NA,NA,NA,NA,NA,NA,NA,NA,2644.31,NA,NA
Western Asia (FAO),NA,NA,NA,NA,NA,NA,NA,NA,NA,NA,3128.26,NA,NA
Western Europe (FAO),NA,NA,NA,NA,NA,NA,NA,NA,NA,NA,3615.35,NA,NA
World,NA,NA,NA,NA,NA,NA,NA,NA,NA,NA,2957.1687,10.119776,104.5212
Yugoslavia,NA,NA,NA,NA,NA,NA,NA,NA,NA,NA,3414.5215,NA,NA
Argentina (urban),NA,NA,NA,NA,NA,NA,NA,NA,NA,NA,NA,0.96368045,NA
Bolivia (urban),NA,NA,NA,NA,NA,NA,NA,NA,NA,NA,NA,13.803379,NA
China (rural),NA,NA,NA,NA,NA,NA,NA,NA,NA,NA,NA,0,NA
China (urban),NA,NA,NA,NA,NA,NA,NA,NA,NA,NA,NA,0,NA
Colombia (urban),NA,NA,NA,NA,NA,NA,NA,NA,NA,NA,NA,19.303,NA
East Asia and Pacific (WB),NA,NA,NA,NA,NA,NA,NA,NA,NA,NA,NA,1.8791537,NA
Eastern and Southern Africa (WB),NA,NA,NA,NA,NA,NA,NA,NA,NA,NA,NA,52.145725,NA
Ecuador (urban),NA,NA,NA,NA,NA,NA,NA,NA,NA,NA,NA,21.136765,NA
Ethiopia (rural),NA,NA,NA,NA,NA,NA,NA,NA,NA,NA,NA,77.181,NA
Europe and Central Asia (WB),NA,NA,NA,NA,NA,NA,NA,NA,NA,NA,NA,0.50863314,NA
Honduras (urban),NA,NA,NA,NA,NA,NA,NA,NA,NA,NA,NA,59.460003,NA
Latin America and Caribbean (WB),NA,NA,NA,NA,NA,NA,NA,NA,NA,NA,NA,4.4180374,NA
Micronesia (country) (urban),NA,NA,NA,NA,NA,NA,NA,NA,NA,NA,NA,50.583076,NA
"Middle East, North Africa, Afghanistan and Pakistan (WB)",NA,NA,NA,NA,NA,NA,NA,NA,NA,NA,NA,11.757192,NA
North America (WB),NA,NA,NA,NA,NA,NA,NA,NA,NA,NA,NA,0.9924528,NA
Rwanda (rural),NA,NA,NA,NA,NA,NA,NA,NA,NA,NA,NA,73.525,NA
South Asia (WB),NA,NA,NA,NA,NA,NA,NA,NA,NA,NA,NA,3.116581,NA
Sub-Saharan Africa (WB),NA,NA,NA,NA,NA,NA,NA,NA,NA,NA,NA,45.213844,NA
Suriname (urban),NA,NA,NA,NA,NA,NA,NA,NA,NA,NA,NA,20.602125,NA
Uruguay (urban),NA,NA,NA,NA,NA,NA,NA,NA,NA,NA,NA,1.522471,NA
Western and Central Africa (WB),NA,NA,NA,NA,NA,NA,NA,NA,NA,NA,NA,34.97248,NA
World (excluding China),NA,NA,NA,NA,NA,NA,NA,NA,NA,NA,NA,12.210276,NA
World (excluding India),NA,NA,NA,NA,NA,NA,NA,NA,NA,NA,NA,11.665603,NA
"ASIA, Total",NA,NA,NA,NA,NA,NA,NA,NA,NA,NA,NA,NA,109.4118
"ASIA, Total LDC",NA,NA,NA,NA,NA,NA,NA,NA,NA,NA,NA,NA,109.0396
"Asia, Developed",NA,NA,NA,NA,NA,NA,NA,NA,NA,NA,NA,NA,103.6898
Belgium-Luxembourg,NA,NA,NA,NA,NA,NA,NA,NA,NA,NA,NA,NA,105.3562
CWANA,NA,NA,NA,NA,NA,NA,NA,NA,NA,NA,NA,NA,106.1775
Congo DR,NA,NA,NA,NA,NA,NA,NA,NA,NA,NA,NA,NA,106.8
Congo Republic,NA,NA,NA,NA,NA,NA,NA,NA,NA,NA,NA,NA,84.5633
"Czechslovakia, former",NA,NA,NA,NA,NA,NA,NA,NA,NA,NA,NA,NA,97.5634
DC,NA,NA,NA,NA,NA,NA,NA,NA,NA,NA,NA,NA,104.7788
"EUROPE, Total",NA,NA,NA,NA,NA,NA,NA,NA,NA,NA,NA,NA,107.3747
"Ethiopia, former",NA,NA,NA,NA,NA,NA,NA,NA,NA,NA,NA,NA,84.1091
"Europe, Central",NA,NA,NA,NA,NA,NA,NA,NA,NA,NA,NA,NA,108.212
"Europe, Eastern",NA,NA,NA,NA,NA,NA,NA,NA,NA,NA,NA,NA,111.6004
"Europe, Northern",NA,NA,NA,NA,NA,NA,NA,NA,NA,NA,NA,NA,108.7892
"Europe, Southern",NA,NA,NA,NA,NA,NA,NA,NA,NA,NA,NA,NA,97.3882
"Europe, Western",NA,NA,NA,NA,NA,NA,NA,NA,NA,NA,NA,NA,104.0952
FSU and Central Europe,NA,NA,NA,NA,NA,NA,NA,NA,NA,NA,NA,NA,109.2653
Former Soviet Union,NA,NA,NA,NA,NA,NA,NA,NA,NA,NA,NA,NA,108.5723
French Guiana (France),NA,NA,NA,NA,NA,NA,NA,NA,NA,NA,NA,NA,99.6855
"Korea, DPR",NA,NA,NA,NA,NA,NA,NA,NA,NA,NA,NA,NA,112.5102
"Korea, Republic",NA,NA,NA,NA,NA,NA,NA,NA,NA,NA,NA,NA,104.3713
"LAC, Total",NA,NA,NA,NA,NA,NA,NA,NA,NA,NA,NA,NA,97.1156
LDC,NA,NA,NA,NA,NA,NA,NA,NA,NA,NA,NA,NA,104.6966
Lesser Antilles,NA,NA,NA,NA,NA,NA,NA,NA,NA,NA,NA,NA,96.9547
NE Asia,NA,NA,NA,NA,NA,NA,NA,NA,NA,NA,NA,NA,113.4796
NORTH AMERICA,NA,NA,NA,NA,NA,NA,NA,NA,NA,NA,NA,NA,100.8266
New Caledonia (France),NA,NA,NA,NA,NA,NA,NA,NA,NA,NA,NA,NA,87.5199
North Africa,NA,NA,NA,NA,NA,NA,NA,NA,NA,NA,NA,NA,107.1313
OCEANIA,NA,NA,NA,NA,NA,NA,NA,NA,NA,NA,NA,NA,100.37
Pacific,NA,NA,NA,NA,NA,NA,NA,NA,NA,NA,NA,NA,94.8603
Puerto Rico (USA),NA,NA,NA,NA,NA,NA,NA,NA,NA,NA,NA,NA,99.6165
Russian Federation,NA,NA,NA,NA,NA,NA,NA,NA,NA,NA,NA,NA,113.1495
"SA, Andean",NA,NA,NA,NA,NA,NA,NA,NA,NA,NA,NA,NA,107.5732
"SA, Brazil",NA,NA,NA,NA,NA,NA,NA,NA,NA,NA,NA,NA,96.5941
"SA, Southern Cone",NA,NA,NA,NA,NA,NA,NA,NA,NA,NA,NA,NA,89.0718
SE Asia,NA,NA,NA,NA,NA,NA,NA,NA,NA,NA,NA,NA,107.0168
"SSA, Central",NA,NA,NA,NA,NA,NA,NA,NA,NA,NA,NA,NA,99.4189
"SSA, Eastern",NA,NA,NA,NA,NA,NA,NA,NA,NA,NA,NA,NA,87.5485
"SSA, Horn",NA,NA,NA,NA,NA,NA,NA,NA,NA,NA,NA,NA,89.5498
"SSA, Nigeria",NA,NA,NA,NA,NA,NA,NA,NA,NA,NA,NA,NA,106.0952
"SSA, SACU",NA,NA,NA,NA,NA,NA,NA,NA,NA,NA,NA,NA,100.7285
"SSA, Sahel",NA,NA,NA,NA,NA,NA,NA,NA,NA,NA,NA,NA,98.6968
"SSA, Southern",NA,NA,NA,NA,NA,NA,NA,NA,NA,NA,NA,NA,110.7811
"SSA, Total",NA,NA,NA,NA,NA,NA,NA,NA,NA,NA,NA,NA,101.8819
"SSA, Western",NA,NA,NA,NA,NA,NA,NA,NA,NA,NA,NA,NA,98.9599
South Asia,NA,NA,NA,NA,NA,NA,NA,NA,NA,NA,NA,NA,110.1611
"Sudan, former",NA,NA,NA,NA,NA,NA,NA,NA,NA,NA,NA,NA,100.1368
West Asia,NA,NA,NA,NA,NA,NA,NA,NA,NA,NA,NA,NA,105.6913
West Bank and Gaza,NA,NA,NA,NA,NA,NA,NA,NA,NA,NA,NA,NA,127.2743
"Yugoslavia, former",NA,NA,NA,NA,NA,NA,NA,NA,NA,NA,NA,NA,106.9592
NA,NA,NA,NA,NA,NA,NA,NA,NA,NA,NA,NA,NA,100.8501
NA,NA,NA,NA,NA,NA,NA,NA,NA,NA,NA,NA,NA,106.7781
NA,NA,NA,NA,NA,NA,NA,NA,NA,NA,NA,NA,NA,107.9756
NA,NA,NA,NA,NA,NA,NA,NA,NA,NA,NA,NA,NA,101.4358
NA,NA,NA,NA,NA,NA,NA,NA,NA,NA,NA,NA,NA,113.7738
NA,NA,NA,NA,NA,NA,NA,NA,NA,NA,NA,NA,NA,105.297
NA,NA,NA,NA,NA,NA,NA,NA,NA,NA,NA,NA,NA,101.0327
NA,NA,NA,NA,NA,NA,NA,NA,NA,NA,NA,NA,NA,105.9763
NA,NA,NA,NA,NA,NA,NA,NA,NA,NA,NA,NA,NA,103.9509
NA,NA,NA,NA,NA,NA,NA,NA,NA,NA,NA,NA,NA,107.9065
