country,refugee_latest_year,refugees_latest,idps_latest,total_displaced_latest,import_latest_year,food_import_dependency,food_import_max,food_import_commodities,water_latest_year,water_stress_index
Afghanistan,2025,20861,3199648,3220882,NA,NA,NA,NA,2022,54.76
Albania,2025,10895,0,12974,NA,NA,NA,NA,NA,NA
Algeria,2025,181964,0,185882,NA,NA,NA,NA,2022,144.81
Angola,2025,25879,0,56146,NA,NA,NA,NA,2022,1.87
Anguilla,2022,0,0,0,NA,NA,NA,NA,NA,NA
Antigua and Barbuda,2025,0,0,5,NA,NA,NA,NA,2022,8.46
Argentina,2025,4611,0,9850,2021,0.2949707049180328,1,61,2022,10.46
Armenia,2025,138054,0,139238,NA,NA,NA,NA,2022,61.97
Aruba,2025,0,0,0,NA,NA,NA,NA,NA,NA
Australia,2025,34562,0,125647,2021,0.12902540322580644,1,186,2022,4.67
Austria,2025,281337,0,311479,NA,NA,NA,NA,2022,8.68
Azerbaijan,2025,6389,655212,662041,NA,NA,NA,NA,2022,57.53
Bahamas,2025,10,0,30,NA,NA,NA,NA,NA,NA
Bahrain,2025,240,0,362,2021,0.13142857714285713,1,175,2022,133.71
Bangladesh,2025,1143178,0,2286309,2021,0.3387096935483871,1,62,2022,5.72
Barbados,2025,5,0,13,NA,NA,NA,NA,2022,87.5
Belarus,2025,41807,0,48641,2021,0.18320545801526716,1,131,2022,4.66
Belgium,2025,186406,0,244016,NA,NA,NA,NA,2022,51.88
Belize,2025,358,0,2351,2021,0.4857142857142857,1,35,2022,1.26
Benin,2025,16243,12501,35757,NA,NA,NA,NA,2022,0.98
Bolivia (Plurinational State of),2025,1117,0,1182,2021,0.37735850943396226,1,53,NA,NA
Bosnia and Herzegovina,2025,532,94796,95518,2021,0.16129033064516132,1,124,2022,2.07
Botswana,2025,841,0,862,2021,0.38888880555555555,1,36,2022,2.23
Brazil,2025,267381,0,357486,2021,0.19999999166666665,0.999843,120,2022,1.5
British Virgin Islands,2025,5,0,48,NA,NA,NA,NA,NA,NA
Brunei Darussalam,2025,0,0,20863,2021,0.27118650847457626,1,59,NA,NA
Bulgaria,2025,102596,0,106279,NA,NA,NA,NA,2022,40.24
Burkina Faso,2025,40301,2062534,2104293,NA,NA,NA,NA,2022,7.82
Burundi,2025,104253,6930,113628,NA,NA,NA,NA,2022,10.19
Cabo Verde,2025,0,0,115,NA,NA,NA,NA,NA,NA
Cambodia,2025,23,0,75028,NA,NA,NA,NA,2022,1.04
Cameroon,2025,412118,969273,1400551,NA,NA,NA,NA,2022,1.56
Canada,2025,389250,0,701307,2021,0.062015232558139566,1,387,2022,3.72
Cayman Islands,2025,56,0,69,NA,NA,NA,NA,NA,NA
Central African Rep.,2025,54376,447089,509791,NA,NA,NA,NA,NA,NA
Chad,2025,1430067,225689,1664547,NA,NA,NA,NA,2022,4.29
Chile,2025,2496,0,16004,2021,0.11426383333333333,0.999921,210,2022,8.98
China,2025,251,0,739,2021,0.11594201449275364,0.977078,207,2022,41.52
"China, Hong Kong SAR",2025,253,0,253,NA,NA,NA,NA,NA,NA
Colombia,2025,1412,7080977,7107223,2021,0.28169015492957744,1,71,2022,3.63
Comoros,2025,5,0,18,NA,NA,NA,NA,2022,0.83
Congo,2025,62471,0,70338,NA,NA,NA,NA,2022,0.03
Costa Rica,2025,32238,0,228070,2021,0.30769225641025644,1,78,2022,5.88
Cote d'Ivoire,2025,2384,0,1003909,NA,NA,NA,NA,2022,5.09
Croatia,2025,28218,0,30099,NA,NA,NA,NA,2022,1.51
Cuba,2025,129,0,166,NA,NA,NA,NA,2022,23.94
Curacao,2025,0,0,0,NA,NA,NA,NA,NA,NA
Cyprus,2025,47249,0,71971,NA,NA,NA,NA,2022,30.48
Czechia,2025,381013,0,382585,NA,NA,NA,NA,2022,21.97
Dem. Rep. of the Congo,2025,515083,5165240,5681869,NA,NA,NA,NA,NA,NA
Denmark,2025,87562,0,98850,NA,NA,NA,NA,2022,25.27
Djibouti,2025,24576,0,33730,NA,NA,NA,NA,2022,6.33
Dominica,2025,0,0,5,NA,NA,NA,NA,2022,10
Dominican Rep.,2025,18,0,1004,NA,NA,NA,NA,NA,NA
Ecuador,2025,25453,0,30820,2021,0.3333333148148148,1,54,2022,6.78
Egypt,2025,226310,0,1002501,2021,0.2068965632183908,1,87,2022,141.17
El Salvador,2025,128,71500,71928,2021,0.23300968932038832,1,103,2022,12.09
Equatorial Guinea,2025,0,0,5,NA,NA,NA,NA,2022,0.18
Eritrea,2025,119,0,119,NA,NA,NA,NA,2022,11.18
Estonia,2025,41409,0,104617,NA,NA,NA,NA,2022,13.05
Eswatini,2025,1404,0,4673,NA,NA,NA,NA,2022,77.56
Ethiopia,2025,1015145,1838334,2918153,2021,0.4210526140350877,1,57,2022,32.26
Fiji,2025,15,0,30,NA,NA,NA,NA,2022,0.3
Finland,2025,96872,0,101657,NA,NA,NA,NA,2022,7.11
France,2025,751218,0,831355,NA,NA,NA,NA,2022,21.38
Gabon,2025,165,0,244,NA,NA,NA,NA,2022,0.5
Gambia,2025,4063,0,4552,NA,NA,NA,NA,2022,2.21
Georgia,2025,29783,299498,330375,2021,0.19642857142857142,1,112,2022,4.21
Germany,2025,2703856,0,3052121,NA,NA,NA,NA,2022,35.35
Ghana,2025,18351,0,18900,2021,0.10979224277456648,1,173,2022,6.31
Greece,2025,126390,0,160287,NA,NA,NA,NA,2022,20.33
Grenada,2022,0,0,0,NA,NA,NA,NA,2022,7.05
Guatemala,2025,1527,573000,577898,2021,0.186046488372093,1,129,2022,5.74
Guinea,2025,2171,0,2343,NA,NA,NA,NA,2022,1.37
Guinea-Bissau,2025,24,0,54,NA,NA,NA,NA,2022,1.5
Guyana,2025,35,0,64,NA,NA,NA,NA,2022,3.3
Haiti,2025,0,1280841,1280841,NA,NA,NA,NA,2022,13.38
Honduras,2025,202,247090,247431,2021,0.32726716363636366,1,55,2022,4.62
Hungary,2025,72663,0,72789,NA,NA,NA,NA,2022,8.11
Iceland,2025,8231,0,9030,NA,NA,NA,NA,2022,0.39
India,2025,236878,0,274446,2021,0.13735598000000002,1,100,2022,66.49
Indonesia,2025,7557,0,14595,2021,0.14035086549707604,0.994208,171,2022,29.7
Iran (Islamic Rep. of),2025,2497514,0,2497514,NA,NA,NA,NA,NA,NA
Iraq,2025,315885,1031475,1369777,NA,NA,NA,NA,2022,59.58
Ireland,2025,130375,0,162784,NA,NA,NA,NA,2022,8.05
Israel,2025,1266,0,27448,NA,NA,NA,NA,2022,129.67
Italy,2025,314167,0,537967,NA,NA,NA,NA,2022,29.77
Jamaica,2022,31,0,31,NA,NA,NA,NA,2022,12.38
Japan,2025,29068,0,60866,2021,0.13953490697674417,0.999507,172,2022,36.64
Jordan,2025,541165,0,560443,2021,0.16470589411764705,1,85,2022,105.2
Kazakhstan,2025,65028,0,72640,2021,0.17518249635036495,1,137,2022,34.63
Kenya,2025,626546,0,864651,2021,0.14615382307692307,0.986058,130,2022,33.24
Kuwait,2025,418,0,93105,NA,NA,NA,NA,2022,3850.5
Kyrgyzstan,2025,22817,0,25665,NA,NA,NA,NA,2022,50.04
Latvia,2025,33086,0,204240,NA,NA,NA,NA,2022,1.02
Lebanon,2025,719482,82632,849543,NA,NA,NA,NA,2022,58.79
Lesotho,2025,479,0,680,NA,NA,NA,NA,2022,2.57
Liberia,2025,1167,0,1854,NA,NA,NA,NA,2022,0.26
Libya,2025,315661,32791,439477,NA,NA,NA,NA,2022,817.14
Liechtenstein,2025,874,0,889,NA,NA,NA,NA,NA,NA
Lithuania,2025,52242,0,54633,NA,NA,NA,NA,2022,1.83
Luxembourg,2025,10046,0,14636,NA,NA,NA,NA,2022,3.96
Madagascar,2025,82,0,1321,2021,0.27419348387096776,1,62,2022,11.26
Malawi,2025,35228,0,58619,NA,NA,NA,NA,2022,17.5
Malaysia,2025,144448,0,329908,2021,0.13422823489932886,0.940744,149,2022,3.44
Mali,2025,138530,402167,540993,NA,NA,NA,NA,2022,8
Malta,2025,8556,0,10152,NA,NA,NA,NA,2022,72.6
Mauritania,2025,170357,0,176931,NA,NA,NA,NA,2022,13.25
Mauritius,2025,23,0,179,2021,0.31372550980392155,1,51,2022,22.97
Mexico,2025,168489,262411,603138,2021,0.1882352588235294,1,85,2022,44.95
Monaco,2025,17,0,17,NA,NA,NA,NA,NA,NA
Mongolia,2025,11,0,43,NA,NA,NA,NA,2022,3.4
Montenegro,2025,19073,0,19605,2021,0.18650075471698113,1,106,NA,NA
Morocco,2025,6942,0,19354,2021,0.12738852229299363,1,157,2022,50.75
Mozambique,2025,5336,461639,486195,NA,NA,NA,NA,2022,1.75
Myanmar,2025,0,3509780,4060304,2020,0.3265618518518518,1,135,2022,5.8
Namibia,2025,5334,0,21407,2021,0.3384606615384615,1,65,2022,0.31
Nauru,2025,5,0,96,NA,NA,NA,NA,NA,NA
Nepal,2025,19597,0,20389,NA,NA,NA,NA,2022,8.31
Netherlands (Kingdom of the),2025,262974,0,313446,NA,NA,NA,NA,NA,NA
New Zealand,2025,2051,0,6199,2021,0.13953488372093023,1,172,2022,8.05
Nicaragua,2023,311,0,435,NA,NA,NA,NA,2022,2.22
Niger,2025,391862,459585,893142,NA,NA,NA,NA,2022,11.02
Nigeria,2025,123923,3575114,3714152,NA,NA,NA,NA,2022,9.67
North Macedonia,2025,20881,0,21073,NA,NA,NA,NA,2022,52.55
Norway,2025,122399,0,130387,2021,0.06798865722379603,0.999528,353,2022,2.01
Oman,2025,289,0,704,NA,NA,NA,NA,2022,116.71
Pakistan,2025,1547260,0,1767860,NA,NA,NA,NA,2022,109.99
Palau,2025,5,0,5,NA,NA,NA,NA,NA,NA
Panama,2025,2658,0,11777,2021,0.44897961224489796,1,49,2022,0.9
Papua New Guinea,2025,7731,84000,94852,NA,NA,NA,NA,2022,0.13
Paraguay,2025,6424,0,7849,2021,0.5277777777777778,1,36,2022,1.84
Peru,2025,6779,0,555044,2021,0.21238933628318582,0.980388,113,2022,4.83
Philippines,2025,1023,92409,95072,2021,0.168067243697479,0.982411,119,2022,27.83
Poland,2025,1013082,0,1027826,NA,NA,NA,NA,2022,32.49
Portugal,2025,66541,0,69505,NA,NA,NA,NA,2022,12.32
Qatar,2025,197,0,1691,2021,0.1764705980392157,1,102,2022,431.03
Rep. of Korea,2025,4311,0,41057,NA,NA,NA,NA,NA,NA
Rep. of Moldova,2025,133256,0,138690,NA,NA,NA,NA,NA,NA
Romania,2025,192949,0,193330,NA,NA,NA,NA,2022,7.63
Russia,2025,11147,0,101453,2021,0.1043478347826087,0.998527,230,2022,4.12
Rwanda,2025,115244,0,144764,NA,NA,NA,NA,2022,20.2
Saint Kitts and Nevis,2025,5,0,5,NA,NA,NA,NA,2022,50.83
Saint Lucia,2025,5,0,5,NA,NA,NA,NA,2022,14.3
Saint Vincent and the Grenadines,2022,0,0,0,NA,NA,NA,NA,2022,7.9
Saudi Arabia,2025,385,0,74300,2021,0.0977011091954023,1,174,2022,974.17
Senegal,2025,11886,0,13371,2021,0.19220364220183486,1,109,2022,16.28
Serbia and Kosovo: S/RES/1244 (1999),2025,39403,209704,250943,NA,NA,NA,NA,NA,NA
Sierra Leone,2025,0,0,0,NA,NA,NA,NA,2022,0.5
Singapore,2025,0,0,1109,2021,0.08275863448275861,0.911425,290,2022,33.26
Sint Maarten (Dutch part),2025,17,0,159,NA,NA,NA,NA,NA,NA
Slovakia,2025,146004,0,146152,NA,NA,NA,NA,2022,2.43
Slovenia,2025,11881,0,12610,NA,NA,NA,NA,2022,5.59
Solomon Islands,2025,0,11,11,NA,NA,NA,NA,NA,NA
Somalia,2025,20005,3499201,3543763,NA,NA,NA,NA,2022,24.53
South Africa,2025,68918,0,167547,2021,0.08209587328767126,0.999834,292,2022,67.6
South Sudan,2025,580926,818352,1421824,NA,NA,NA,NA,2022,4.23
Spain,2025,471081,0,758225,NA,NA,NA,NA,2022,43.25
Sri Lanka,2025,224,4099,4821,2021,0.26136363636363635,1,88,2022,90.79
Sudan,2025,832566,10065329,10946893,NA,NA,NA,NA,2022,118.66
Suriname,2025,24,0,3287,NA,NA,NA,NA,2022,3.95
Sweden,2025,155223,0,166621,NA,NA,NA,NA,2022,3.58
Switzerland,2025,203506,0,221426,2021,0.05161287741935484,0.785776,465,2022,6.5
Syrian Arab Rep.,2025,10983,6468575,6644013,NA,NA,NA,NA,NA,NA
Tajikistan,2025,11790,0,19540,NA,NA,NA,NA,2022,69.94
Thailand,2025,84489,0,699238,2021,0.11538459134615385,0.9943,208,2022,23.01
Togo,2025,51458,10171,65192,NA,NA,NA,NA,2022,3.39
Trinidad and Tobago,2025,2040,0,25076,NA,NA,NA,NA,2022,20.33
Tunisia,2025,2616,0,10757,NA,NA,NA,NA,2022,98.11
Turkmenistan,2025,3309,0,3309,NA,NA,NA,NA,2022,135.21
Turks and Caicos Islands,2025,8,0,8,NA,NA,NA,NA,NA,NA
Türkiye,2025,2680658,0,2813461,NA,NA,NA,NA,NA,NA
Uganda,2025,1887594,0,1937868,NA,NA,NA,NA,2022,5.83
Ukraine,2025,2397,3757000,3771490,2021,0.09677420967741936,0.999989,186,2022,6.3
United Arab Emirates,2025,1350,0,7460,NA,NA,NA,NA,2022,1509.93
United Kingdom of Great Britain and Northern Ireland,2025,548427,0,695383,NA,NA,NA,NA,NA,NA
United Rep. of Tanzania,2025,176229,0,219361,NA,NA,NA,NA,NA,NA
United States of America,2025,435333,0,3619495,2021,0.06265059791122714,0.999646,383,NA,NA
Uruguay,2025,1437,0,33397,2021,0.5348836976744186,1,43,2022,12.05
Uzbekistan,2025,8005,0,28005,NA,NA,NA,NA,2022,121.84
Vanuatu,2023,0,0,5,NA,NA,NA,NA,NA,NA
Venezuela (Bolivarian Republic of),2025,19333,0,20911,NA,NA,NA,NA,NA,NA
Viet Nam,2025,19,0,20609,NA,NA,NA,NA,NA,NA
Yemen,2025,46827,4795983,4856904,NA,NA,NA,NA,2022,169.76
Zambia,2025,82007,0,93164,2021,0.22336582954545453,1,88,2022,2.84
Zimbabwe,2025,9284,0,22790,NA,NA,NA,NA,2022,46.09
"China, Macao SAR",NA,NA,NA,NA,2021,0.10734785950413223,0.992063,121,NA,NA
Côte d'Ivoire,NA,NA,NA,NA,2021,0.16393236885245902,0.973154,122,NA,NA
EU 27,NA,NA,NA,NA,2021,0.027904843023255823,0.953567,860,NA,NA
Republic of Korea,NA,NA,NA,NA,2021,0.08633092446043164,0.958897,278,NA,NA
Serbia,NA,NA,NA,NA,2021,0.13872831791907514,1,173,2022,5.74
Taiwan,NA,NA,NA,NA,2021,0.17849485714285715,0.998232,112,NA,NA
The former Yugoslav Republic of Macedonia,NA,NA,NA,NA,2021,0.2317073658536585,1,82,NA,NA
Turkey,NA,NA,NA,NA,2021,0.07547167924528302,0.9956,318,2022,44.1
United Kingdom,NA,NA,NA,NA,2021,0.04651163720930233,0.967496,430,2022,14.35
Australia and New Zealand (UN SDG),NA,NA,NA,NA,NA,NA,NA,NA,2022,5.9
Bermuda,NA,NA,NA,NA,NA,NA,NA,NA,2022,4.24
Bhutan,NA,NA,NA,NA,NA,NA,NA,NA,2022,1.41
Bolivia,NA,NA,NA,NA,NA,NA,NA,NA,2022,0.2
Brunei,NA,NA,NA,NA,NA,NA,NA,NA,2022,3.47
Cape Verde,NA,NA,NA,NA,NA,NA,NA,NA,2022,59.68
Central African Republic,NA,NA,NA,NA,NA,NA,NA,NA,2022,0.34
Central and Southern Asia (UN SDG),NA,NA,NA,NA,NA,NA,NA,NA,2022,69.48
Democratic Republic of Congo,NA,NA,NA,NA,NA,NA,NA,NA,2022,0.23
Dominican Republic,NA,NA,NA,NA,NA,NA,NA,NA,2022,39.55
East Timor,NA,NA,NA,NA,NA,NA,NA,NA,2022,28.27
Eastern and South-Eastern Asia (UN SDG),NA,NA,NA,NA,NA,NA,NA,NA,2022,30.51
Europe (UN),NA,NA,NA,NA,NA,NA,NA,NA,2022,8.21
Europe and Northern America (UN SDG),NA,NA,NA,NA,NA,NA,NA,NA,2022,12.25
Iran,NA,NA,NA,NA,NA,NA,NA,NA,2022,81.29
Laos,NA,NA,NA,NA,NA,NA,NA,NA,2022,4.79
Latin America and the Caribbean (UN SDG),NA,NA,NA,NA,NA,NA,NA,NA,2022,5.73
Latin America and the Caribbean (UN),NA,NA,NA,NA,NA,NA,NA,NA,2022,5.73
Least Developed Countries (LDCs),NA,NA,NA,NA,NA,NA,NA,NA,2022,7.06
Maldives,NA,NA,NA,NA,NA,NA,NA,NA,2022,15.67
Moldova,NA,NA,NA,NA,NA,NA,NA,NA,2022,12.56
Netherlands,NA,NA,NA,NA,NA,NA,NA,NA,2022,16.66
North Korea,NA,NA,NA,NA,NA,NA,NA,NA,2022,27.74
Northern Africa and Western Asia (UN SDG),NA,NA,NA,NA,NA,NA,NA,NA,2022,80.07
Northern America (UN),NA,NA,NA,NA,NA,NA,NA,NA,2022,20.18
Oceania (UN SDG),NA,NA,NA,NA,NA,NA,NA,NA,2022,0.16
Oceania (UN),NA,NA,NA,NA,NA,NA,NA,NA,2022,3.17
Palestine,NA,NA,NA,NA,NA,NA,NA,NA,2022,48.11
Puerto Rico,NA,NA,NA,NA,NA,NA,NA,NA,2022,19.54
Reunion,NA,NA,NA,NA,NA,NA,NA,NA,2022,4.3
Sao Tome and Principe,NA,NA,NA,NA,NA,NA,NA,NA,2022,1.88
Small Island Developing States (SIDS),NA,NA,NA,NA,NA,NA,NA,NA,2022,3.63
South Korea,NA,NA,NA,NA,NA,NA,NA,NA,2022,85.22
Sub-Saharan Africa (UN SDG),NA,NA,NA,NA,NA,NA,NA,NA,2022,6.3
Syria,NA,NA,NA,NA,NA,NA,NA,NA,2022,124.36
Tanzania,NA,NA,NA,NA,NA,NA,NA,NA,2022,12.96
United States,NA,NA,NA,NA,NA,NA,NA,NA,2022,28.16
Venezuela,NA,NA,NA,NA,NA,NA,NA,NA,2022,7.54
Vietnam,NA,NA,NA,NA,NA,NA,NA,NA,2022,18.13
World,NA,NA,NA,NA,NA,NA,NA,NA,2022,18.01
