Country,hunger_vulnerability_rating,undernourishment_rate,undernourished_population,latest_fao_year,gdp_per_capita,life_expectancy,population,poverty_rate,region,income,poverty_headcount,gini_coefficient,poverty_gap,total_markets,total_population_served,climate_vulnerability_index,who_stunting_rate,child_stunting_rate,child_wasting_rate,child_underweight_rate,infant_mortality,under5_mortality,child_mortality,food_supply_kcal,tfp_index,poverty_below_3usd,major_hunger_outbreak_21st,outbreak_years
Afghanistan,89.5,28.1,11.7,2022-2024,413.76,66.03,41454761,NA,South Asia,Low income,NA,NA,NA,40,4373720,76.8,41.4,NA,NA,NA,NA,NA,NA,2273.89,131.85,NA,TRUE,"2001-2002, 2018-2021"
Albania,22.8,5.4,0.2,2022-2024,8575.17,79.6,2745972,NA,Europe & Central Asia,Upper middle income,0.31,0.29,0.08,NA,NA,NA,6.9,NA,NA,NA,NA,NA,NA,3408.11,107.06,0.34,FALSE,None
Algeria,34.9,2.5,NA,2022-2024,5364.03,76.26,46164219,NA,Middle East & North Africa,Upper middle income,0.58,0.28,0.18,7,897960,43.5,8.4,NA,NA,NA,NA,NA,NA,3424.5,106.81,0,FALSE,None
American Samoa,5,NA,NA,NA,NA,72.85,47521,NA,East Asia & Pacific,High income,NA,NA,NA,NA,NA,NA,NA,NA,NA,NA,NA,NA,NA,NA,NA,NA,FALSE,None
Andorra,5,NA,NA,NA,46812.45,84.04,80856,NA,Europe & Central Asia,High income,NA,NA,NA,NA,NA,NA,NA,NA,NA,NA,NA,NA,NA,NA,NA,NA,FALSE,None
Angola,80.3,22.5,8.3,2022-2024,2309.53,64.62,36749906,NA,Sub-Saharan Africa,Lower middle income,0.86,0.51,0.53,2,2788876,69,44.8,NA,NA,NA,NA,NA,NA,2431.64,96.85,39.29,FALSE,None
Antigua and Barbuda,12,NA,NA,NA,21494.55,77.6,93316,NA,Latin America & Caribbean,High income,NA,NA,NA,NA,NA,NA,NA,NA,NA,NA,NA,NA,NA,2482.49,NA,NA,FALSE,None
Arab World,13,NA,NA,NA,7479.69,72.44,482105978,NA,Aggregates,Aggregates,NA,NA,NA,NA,NA,NA,NA,NA,NA,NA,NA,NA,NA,NA,NA,NA,FALSE,None
Argentina,31.1,3.4,1.5,2022-2024,14187.48,77.39,45538401,1.2,Latin America & Caribbean,Upper middle income,NA,NA,NA,3,2193834,NA,9.7,NA,NA,NA,NA,NA,NA,3354.89,80.43,NA,FALSE,None
Argentina (urban),0.4,NA,NA,NA,NA,NA,NA,NA,NA,NA,NA,NA,NA,NA,NA,NA,NA,NA,NA,NA,NA,NA,NA,NA,NA,0.96,FALSE,None
Argentina urban,0,NA,NA,NA,NA,NA,NA,NA,NA,NA,NA,NA,NA,NA,NA,31.2,NA,NA,NA,NA,NA,NA,NA,NA,NA,NA,FALSE,None
Armenia,23.4,2.5,NA,2022-2024,8125.27,77.47,2964300,1.9,Europe & Central Asia,Upper middle income,0.72,0.27,0.25,13,1125456,NA,5.8,NA,NA,NA,NA,NA,NA,3162.62,118.18,1.93,FALSE,None
Aruba,10,NA,NA,NA,33984.79,76.35,107359,NA,Latin America & Caribbean,High income,NA,NA,NA,NA,NA,NA,NA,NA,NA,NA,NA,NA,NA,NA,NA,NA,FALSE,None
"Asia, Developed",4,NA,NA,NA,NA,NA,NA,NA,NA,NA,NA,NA,NA,NA,NA,NA,NA,NA,NA,NA,NA,NA,NA,NA,103.69,NA,FALSE,None
"ASIA, Total",4,NA,NA,NA,NA,NA,NA,NA,NA,NA,NA,NA,NA,NA,NA,NA,NA,NA,NA,NA,NA,NA,NA,NA,109.41,NA,FALSE,None
"ASIA, Total LDC",4,NA,NA,NA,NA,NA,NA,NA,NA,NA,NA,NA,NA,NA,NA,NA,NA,NA,NA,NA,NA,NA,NA,NA,109.04,NA,FALSE,None
Australia,12.5,2.5,NA,2022-2024,64835.92,83.05,26652777,NA,East Asia & Pacific,High income,0.01,0.34,0.01,NA,NA,NA,2.7,NA,NA,NA,NA,NA,NA,3467.57,103.69,0.99,FALSE,None
Australia and New Zealand,0.5,NA,NA,NA,NA,NA,NA,NA,NA,NA,NA,NA,NA,NA,NA,NA,2.7,NA,NA,NA,NA,NA,NA,NA,NA,NA,FALSE,None
Austria,11,2.5,NA,2022-2024,56033.57,81.54,9131761,0.5,Europe & Central Asia,High income,0.01,0.31,0.01,NA,NA,NA,NA,NA,NA,NA,NA,NA,NA,3759.59,109.96,0.53,FALSE,None
Azerbaijan,19.5,2.5,NA,2022-2024,7133.03,74.43,10153958,NA,Europe & Central Asia,Upper middle income,0.57,0.27,0.13,NA,NA,NA,6.4,6.6,3.5,3,12.2,13.7,NA,3347.82,125.02,0,FALSE,None
Bahamas,16,NA,NA,NA,38231.77,74.55,399440,NA,Latin America & Caribbean,High income,NA,NA,NA,NA,NA,NA,NA,NA,NA,NA,NA,NA,NA,2701.83,98.56,NA,FALSE,None
Bahrain,19.8,NA,NA,NA,29290.13,81.28,1577059,NA,Middle East & North Africa,High income,NA,NA,NA,NA,NA,NA,4.1,NA,NA,NA,NA,NA,NA,3365.99,105.68,NA,FALSE,None
Bangladesh,50.5,10.4,17.9,2022-2024,2551.02,74.67,171466990,NA,South Asia,Lower middle income,0.82,0.31,0.35,76,34239144,45.6,24.4,21.6,10.9,21.1,32.4,36.2,5.46,2608.24,89.15,5.91,FALSE,None
Barbados,14.6,4.4,NA,2022-2024,23804.02,76.18,282336,NA,Latin America & Caribbean,High income,0.24,0.34,0.07,NA,NA,33.3,5,NA,NA,NA,NA,NA,NA,3189.65,NA,1.68,FALSE,None
Belarus,24.2,2.5,NA,2022-2024,7896.75,74.18,9178298,NA,Europe & Central Asia,Upper middle income,0.06,0.24,0.01,1,924351,NA,1.1,NA,NA,NA,NA,NA,NA,3461.51,110.87,0,FALSE,None
Belgium,12.5,2.5,NA,2022-2024,54690.09,82.4,11787423,0.1,Europe & Central Asia,High income,0,0.27,0,NA,NA,NA,2.3,NA,NA,NA,NA,NA,NA,3913.86,104.49,0.09,FALSE,None
Belgium-Luxembourg,4,NA,NA,NA,NA,NA,NA,NA,NA,NA,NA,NA,NA,NA,NA,NA,NA,NA,NA,NA,NA,NA,NA,NA,105.36,NA,FALSE,None
Belize,31.8,7,NA,2022-2024,7460,73.57,411106,NA,Latin America & Caribbean,Upper middle income,0.28,0.4,0.09,NA,NA,40.7,10.5,NA,NA,NA,NA,NA,NA,2833.1,86.53,1.04,FALSE,None
Benin,64.9,14.3,2,2022-2024,1394.18,60.77,14111034,NA,Sub-Saharan Africa,Lower middle income,0.92,0.34,0.52,51,3429377,67.2,30.4,39,10.3,23.3,64.5,63.9,NA,2703.31,95.5,27.22,FALSE,None
Bermuda,0,NA,NA,NA,132604.44,82.31,64698,NA,North America,High income,NA,NA,NA,NA,NA,NA,NA,NA,NA,NA,NA,NA,NA,2776.35,NA,NA,FALSE,None
Bhutan,27.5,NA,NA,NA,3839.41,72.97,786385,NA,South Asia,Lower middle income,0.18,0.28,0.04,24,224113,38.4,17.2,NA,NA,NA,NA,NA,NA,3221.64,87.37,0.01,FALSE,None
Bolivia,56.5,21.8,2.7,2022-2024,3686.28,68.58,12244159,2.8,Latin America & Caribbean,Lower middle income,0.24,0.42,0.08,9,2467124,41.2,NA,NA,NA,NA,NA,NA,NA,2359.75,98.39,2.82,FALSE,None
Bolivia (Plurinational State of),1.9,NA,NA,NA,NA,NA,NA,NA,NA,NA,NA,NA,NA,NA,NA,NA,9.7,NA,NA,NA,NA,NA,NA,NA,NA,NA,FALSE,None
Bolivia (urban),5.5,NA,NA,NA,NA,NA,NA,NA,NA,NA,NA,NA,NA,NA,NA,NA,NA,NA,NA,NA,NA,NA,NA,NA,NA,13.8,FALSE,None
Bosnia and Herzegovina,20.5,2.5,NA,2022-2024,8663.02,77.85,3185073,NA,Europe & Central Asia,Upper middle income,0.14,0.33,0.04,NA,NA,NA,7.4,NA,NA,NA,NA,NA,NA,3398.23,109.79,0.24,FALSE,None
Botswana,63.2,24,0.6,2022-2024,7826.35,69.16,2480244,NA,Sub-Saharan Africa,Upper middle income,0.69,0.55,0.38,NA,NA,39.4,18.6,NA,NA,NA,NA,NA,NA,2826.39,80.93,21.37,FALSE,None
Brazil,34.7,2.5,NA,2022-2024,10377.59,75.85,211140729,3.8,Latin America & Caribbean,Upper middle income,0.31,0.52,0.12,NA,NA,33.4,8.1,NA,NA,NA,NA,NA,NA,3383.55,96.59,3.82,FALSE,None
British Virgin Islands,10,NA,NA,NA,NA,77.28,38985,NA,Latin America & Caribbean,High income,NA,NA,NA,NA,NA,NA,NA,NA,NA,NA,NA,NA,NA,NA,NA,NA,FALSE,None
Brunei,0,NA,NA,NA,NA,NA,NA,NA,NA,NA,NA,NA,NA,NA,NA,NA,NA,NA,NA,NA,NA,NA,NA,2959.87,NA,NA,FALSE,None
Brunei Darussalam,8.8,NA,NA,NA,32890.55,75.33,458949,NA,East Asia & Pacific,High income,NA,NA,NA,NA,NA,NA,8.8,NA,NA,NA,NA,NA,NA,NA,144.28,NA,FALSE,None
Bulgaria,18.1,2.5,NA,2022-2024,15883.86,75.71,6446596,1,Europe & Central Asia,High income,0.06,0.39,0.02,NA,NA,NA,5.2,NA,NA,NA,NA,NA,NA,3035.4,89.28,1.01,FALSE,None
Burkina Faso,84.4,13.1,3,2022-2024,882.69,61.09,23025776,NA,Sub-Saharan Africa,Low income,0.94,0.37,0.59,66,4017702,77.6,17.5,19.8,9.44,15.3,25.7,38.3,12.4,2694.63,84.83,42.06,TRUE,"2012, 2018-2020"
Burundi,60.4,NA,NA,NA,192.07,63.65,13689450,NA,Sub-Saharan Africa,Low income,0.98,0.37,0.75,73,5526137,83.5,52,NA,NA,NA,NA,NA,NA,1697.98,92.46,74.2,FALSE,None
Cabo Verde,50,13.5,NA,2022-2024,4861.29,76.06,522331,NA,Sub-Saharan Africa,Lower middle income,0.73,0.42,0.36,3,79602,NA,4.7,NA,NA,NA,NA,NA,NA,NA,82.89,NA,FALSE,None
Cambodia,30.3,5.2,0.9,2022-2024,2429.75,70.67,17423880,NA,East Asia & Pacific,Lower middle income,NA,NA,NA,86,7784476,54.4,20.5,18.4,9.77,13.9,8.37,11,2.65,2655.55,115.71,NA,FALSE,None
Cameroon,54.1,4.8,1.4,2022-2024,1736.86,63.7,28372687,NA,Sub-Saharan Africa,Lower middle income,0.81,0.42,0.44,83,11823154,62.7,24.7,NA,NA,NA,NA,NA,NA,2868.89,91.93,26.69,FALSE,None
Canada,7,2.5,NA,2022-2024,54220.33,81.65,40083484,NA,North America,High income,0,0.31,0,NA,NA,NA,NA,NA,NA,NA,NA,NA,NA,3572.06,103.63,0.25,FALSE,None
Cape Verde,5.8,NA,NA,NA,NA,NA,NA,NA,NA,NA,NA,NA,NA,NA,NA,40.1,NA,NA,NA,NA,NA,NA,NA,3014.7,NA,14.6,FALSE,None
Caribbean,6.2,NA,NA,NA,NA,NA,NA,NA,NA,NA,NA,NA,NA,NA,NA,NA,11.2,NA,NA,NA,NA,NA,NA,NA,101.7,NA,FALSE,None
Caribbean small states,4,NA,NA,NA,17582.26,73.17,4519904,NA,Aggregates,Aggregates,NA,NA,NA,NA,NA,NA,NA,NA,NA,NA,NA,NA,NA,NA,NA,NA,FALSE,None
Cayman Islands,10,NA,NA,NA,97749.51,80.36,73038,NA,Latin America & Caribbean,High income,NA,NA,NA,NA,NA,NA,NA,NA,NA,NA,NA,NA,NA,NA,NA,NA,FALSE,None
Chad,100,32,6.2,2022-2024,989.06,55.07,19319064,NA,Sub-Saharan Africa,Low income,0.93,0.37,0.58,61,1727550,89.4,29.3,NA,NA,NA,NA,NA,NA,2097.07,102.81,39.48,TRUE,"2010, 2017-2018"
Channel Islands,5,NA,NA,NA,74589.14,81.1,167691,NA,Europe & Central Asia,High income,NA,NA,NA,NA,NA,NA,NA,NA,NA,NA,NA,NA,NA,NA,NA,NA,FALSE,None
Chile,23.3,2.5,0.5,2022-2024,17067.04,81.17,19658835,NA,Latin America & Caribbean,High income,0.1,0.43,0.03,NA,NA,NA,1.5,NA,NA,NA,NA,NA,NA,3113.64,127.61,0.52,FALSE,None
Chili,0,NA,NA,NA,NA,NA,NA,NA,NA,NA,NA,NA,NA,NA,NA,24.8,NA,NA,NA,NA,NA,NA,NA,NA,NA,NA,FALSE,None
China,24,2.5,NA,2022-2024,12951.18,77.95,1410710000,NA,East Asia & Pacific,Upper middle income,0.32,0.36,0.09,11,7062201,33.4,4.2,NA,NA,NA,NA,NA,NA,3453.9,113.78,0,FALSE,None
China (rural),0,NA,NA,NA,NA,NA,NA,NA,NA,NA,NA,NA,NA,NA,NA,NA,NA,NA,NA,NA,NA,NA,NA,NA,NA,0,FALSE,None
China (urban),0,NA,NA,NA,NA,NA,NA,NA,NA,NA,NA,NA,NA,NA,NA,NA,NA,NA,NA,NA,NA,NA,NA,NA,NA,0,FALSE,None
Colombia,36.4,3.9,2,2022-2024,7000.84,77.72,52321152,7.7,Latin America & Caribbean,Upper middle income,0.46,0.54,0.2,27,10817356,32.1,10.5,NA,NA,NA,NA,NA,NA,3120.6,101.61,7.69,FALSE,None
Colombia (urban),7.7,NA,NA,NA,NA,NA,NA,NA,NA,NA,NA,NA,NA,NA,NA,NA,NA,NA,NA,NA,NA,NA,NA,NA,NA,19.3,FALSE,None
Comoros,65.8,15.4,0.1,2022-2024,1682.2,66.78,850387,NA,Sub-Saharan Africa,Lower middle income,0.84,0.45,0.48,NA,NA,61.2,15.5,17,4.25,8.42,27.9,33.7,NA,2423.72,87.89,31.36,FALSE,None
Congo,21.6,NA,NA,NA,NA,NA,NA,NA,NA,NA,NA,NA,NA,NA,NA,NA,14.4,NA,NA,NA,NA,NA,NA,2167.06,NA,39.22,FALSE,None
Congo Brazzaville,0,NA,NA,NA,NA,NA,NA,NA,NA,NA,NA,NA,NA,NA,NA,59.7,NA,NA,NA,NA,NA,NA,NA,NA,NA,NA,FALSE,None
Congo Democratic Republic,6,NA,NA,NA,NA,NA,NA,NA,NA,NA,NA,NA,NA,NA,NA,84,NA,NA,NA,NA,NA,NA,NA,NA,NA,NA,FALSE,None
Congo DR,4,NA,NA,NA,NA,NA,NA,NA,NA,NA,NA,NA,NA,NA,NA,NA,NA,NA,NA,NA,NA,NA,NA,NA,106.8,NA,FALSE,None
Congo Republic,6,NA,NA,NA,NA,NA,NA,NA,NA,NA,NA,NA,NA,NA,NA,NA,NA,NA,NA,NA,NA,NA,NA,NA,84.56,NA,FALSE,None
"Congo, Rep.",36.4,NA,NA,NA,2477.98,65.77,6182885,NA,Sub-Saharan Africa,Lower middle income,0.88,0.49,0.54,NA,NA,NA,NA,NA,NA,NA,NA,NA,NA,NA,NA,NA,FALSE,None
Costa Rica,28,2.5,NA,2022-2024,16942.03,80.8,5105525,1.5,Latin America & Caribbean,Upper middle income,0.18,0.46,0.06,NA,NA,27.8,9.7,NA,NA,NA,NA,NA,NA,2999.11,94.41,1.28,FALSE,None
Cote d'Ivoire,53.7,NA,NA,NA,2554.67,61.94,31165654,NA,Sub-Saharan Africa,Lower middle income,NA,NA,NA,NA,NA,60.1,NA,21.8,8.54,12.9,48.1,69.7,22.5,2736.15,NA,20.9,FALSE,None
Côte d'Ivoire,21.9,11.1,3.5,2022-2024,NA,NA,NA,NA,NA,NA,0.87,0.35,0.46,14,2616352,NA,18.3,NA,NA,NA,NA,NA,NA,NA,86.21,NA,FALSE,None
Croatia,11,2.5,NA,2022-2024,21865.46,78.47,3859686,0.3,Europe & Central Asia,High income,0.03,0.3,0.01,NA,NA,NA,NA,NA,NA,NA,NA,NA,NA,3421.49,102.97,0.26,FALSE,None
Cuba,18.3,NA,NA,NA,NA,78.08,11019931,NA,Latin America & Caribbean,Upper middle income,NA,NA,NA,NA,NA,29,6.6,7.1,2,2.3,NA,NA,NA,3315.21,76.68,NA,FALSE,None
Curacao,10,NA,NA,NA,21061.74,76.8,155800,NA,Latin America & Caribbean,High income,NA,NA,NA,NA,NA,NA,NA,NA,NA,NA,NA,NA,NA,NA,NA,NA,FALSE,None
CWANA,4,NA,NA,NA,NA,NA,NA,NA,NA,NA,NA,NA,NA,NA,NA,NA,NA,NA,NA,NA,NA,NA,NA,NA,106.18,NA,FALSE,None
Cyprus,11,2.5,NA,2022-2024,36551.42,81.65,1344976,0,Europe & Central Asia,High income,0,0.32,0,NA,NA,NA,NA,NA,NA,NA,NA,NA,NA,2855.21,108.78,0.01,FALSE,None
Czech Republic,8,2.5,NA,2022-2024,31591.06,79.88,10864042,0,Europe & Central Asia,High income,0.01,0.26,0,NA,NA,NA,NA,NA,NA,NA,NA,NA,NA,NA,NA,NA,FALSE,None
Czechia,4.4,NA,NA,NA,NA,NA,NA,NA,NA,NA,NA,NA,NA,NA,NA,NA,2.1,NA,NA,NA,NA,NA,NA,3368.2,100.11,0,FALSE,None
Czechoslovakia,0,NA,NA,NA,NA,NA,NA,NA,NA,NA,NA,NA,NA,NA,NA,NA,NA,NA,NA,NA,NA,NA,NA,3161.61,NA,NA,FALSE,None
"Czechslovakia, former",6,NA,NA,NA,NA,NA,NA,NA,NA,NA,NA,NA,NA,NA,NA,NA,NA,NA,NA,NA,NA,NA,NA,NA,97.56,NA,FALSE,None
DC,4,NA,NA,NA,NA,NA,NA,NA,NA,NA,NA,NA,NA,NA,NA,NA,NA,NA,NA,NA,NA,NA,NA,NA,104.78,NA,FALSE,None
Democratic People's Republic of Korea,3.1,NA,NA,NA,NA,NA,NA,NA,NA,NA,NA,NA,NA,NA,NA,NA,15.6,NA,NA,NA,NA,NA,NA,NA,NA,NA,FALSE,None
Democratic Republic of Congo,23,NA,NA,NA,NA,NA,NA,NA,NA,NA,NA,NA,NA,NA,NA,NA,NA,NA,NA,NA,NA,NA,NA,2078.95,NA,85.32,FALSE,None
Democratic Republic of the Congo,100,38.5,40.7,2022-2024,633.4,61.9,105789731,NA,Sub-Saharan Africa,Low income,0.99,0.45,0.81,176,21626333,NA,41.1,NA,NA,NA,NA,NA,NA,NA,NA,NA,TRUE,2017-2019
Denmark,11,2.5,NA,2022-2024,68453.88,81.85,5946952,0.4,Europe & Central Asia,High income,0.01,0.3,0,NA,NA,NA,NA,NA,NA,NA,NA,NA,NA,3579.62,103.01,0.36,FALSE,None
Djibouti,55.4,12.9,0.1,2022-2024,3397.52,65.99,1152944,NA,Middle East & North Africa,Lower middle income,0.86,0.42,0.48,7,534119,63,18.9,NA,NA,NA,NA,NA,NA,2726.38,101.19,25.36,FALSE,None
Dominica,20.9,3.6,NA,2022-2024,9912.96,71.13,66510,NA,Latin America & Caribbean,Upper middle income,NA,NA,NA,NA,NA,NA,NA,NA,NA,NA,NA,NA,NA,3278.3,NA,NA,FALSE,None
Dominican Republic,28,3.6,0.4,2022-2024,10630.43,73.72,11331265,1.3,Latin America & Caribbean,Upper middle income,0.2,0.39,0.06,1,740707,33.7,5,NA,NA,NA,NA,NA,NA,3227.89,117.24,0.78,FALSE,None
Early-demographic dividend,13,NA,NA,NA,4313.65,71.8,3511607650,NA,Aggregates,Aggregates,NA,NA,NA,NA,NA,NA,NA,NA,NA,NA,NA,NA,NA,NA,NA,NA,FALSE,None
East Asia & Pacific,9.9,NA,NA,NA,13117.91,76.66,2384479340,2.2,Aggregates,Aggregates,NA,NA,NA,NA,NA,NA,NA,NA,NA,NA,NA,NA,NA,NA,NA,NA,FALSE,None
East Asia & Pacific (excluding high income),9,NA,NA,NA,10125.77,75.88,2137527754,NA,Aggregates,Aggregates,NA,NA,NA,NA,NA,NA,NA,NA,NA,NA,NA,NA,NA,NA,NA,NA,FALSE,None
East Asia & Pacific (IDA & IBRD countries),9,NA,NA,NA,10239.67,75.91,2111139152,NA,Aggregates,Aggregates,NA,NA,NA,NA,NA,NA,NA,NA,NA,NA,NA,NA,NA,NA,NA,NA,FALSE,None
East Timor,19.6,NA,NA,NA,NA,NA,NA,NA,NA,NA,NA,NA,NA,NA,NA,NA,NA,NA,NA,NA,NA,NA,NA,2222.32,NA,43.94,FALSE,None
Ecuador,43.1,12.1,2.2,2022-2024,6737.85,77.39,17980083,4.7,Latin America & Caribbean,Upper middle income,0.41,0.45,0.17,6,2377247,39.4,16.1,NA,NA,NA,NA,NA,NA,2574.29,113.35,7.31,FALSE,None
Ecuador (urban),8.5,NA,NA,NA,NA,NA,NA,NA,NA,NA,NA,NA,NA,NA,NA,NA,NA,NA,NA,NA,NA,NA,NA,NA,NA,21.14,FALSE,None
Egypt,19.5,9.4,10.8,2022-2024,NA,NA,NA,NA,NA,NA,NA,NA,NA,1,2988741,44.1,12.2,NA,NA,NA,NA,NA,NA,3071.08,111.91,1.37,FALSE,None
"Egypt, Arab Rep.",28.3,NA,NA,NA,3456.79,71.63,114535772,NA,Middle East & North Africa,Lower middle income,0.73,0.28,0.25,NA,NA,NA,NA,NA,NA,NA,NA,NA,NA,NA,NA,NA,FALSE,None
El Salvador,32.2,6.7,0.4,2022-2024,5365.44,72.1,6309624,4.6,Latin America & Caribbean,Upper middle income,0.4,0.4,0.15,13,1647093,37.2,8.5,NA,NA,NA,NA,NA,NA,2861.11,110.35,4.64,FALSE,None
Equatorial Guinea,39.4,NA,NA,NA,6677.79,63.71,1847549,NA,Sub-Saharan Africa,Upper middle income,0.68,0.39,0.3,NA,NA,64.9,15.4,NA,NA,NA,NA,NA,NA,NA,91.65,8.79,FALSE,None
Eritrea,43,NA,NA,NA,NA,68.62,3470390,NA,Sub-Saharan Africa,Low income,NA,NA,NA,2,389884,70,44.7,NA,NA,NA,NA,NA,NA,NA,95.04,NA,FALSE,None
Estonia,13.2,2.5,NA,2022-2024,30133.3,78.49,1370286,0.3,Europe & Central Asia,High income,0.02,0.31,0.01,NA,NA,NA,1.1,NA,NA,NA,NA,NA,NA,3238.83,99.26,0.32,FALSE,None
Eswatini,64.4,14.7,0.2,2022-2024,3741.69,64.12,1230506,NA,Sub-Saharan Africa,Lower middle income,0.83,0.55,0.55,4,102765,56.1,16.6,NA,NA,NA,35.1,40.4,NA,2517.15,89.38,44.53,FALSE,None
Ethiopia,79.7,19.7,25.4,2022-2024,NA,67.32,128691692,NA,Sub-Saharan Africa,Low income,0.96,0.31,0.6,125,10818501,76.3,33,NA,NA,NA,NA,NA,NA,2441.08,83.94,38.64,TRUE,"2015-2016, 2020-2022"
Ethiopia (former),4,NA,NA,NA,NA,NA,NA,NA,NA,NA,NA,NA,NA,NA,NA,NA,NA,NA,NA,NA,NA,NA,NA,1616.69,NA,NA,FALSE,None
Ethiopia (rural),20,NA,NA,NA,NA,NA,NA,NA,NA,NA,NA,NA,NA,NA,NA,NA,NA,NA,NA,NA,NA,NA,NA,NA,NA,77.18,FALSE,None
"Ethiopia, former",6,NA,NA,NA,NA,NA,NA,NA,NA,NA,NA,NA,NA,NA,NA,NA,NA,NA,NA,NA,NA,NA,NA,NA,84.11,NA,FALSE,None
Euro area,5,NA,NA,NA,45068.7,82.19,350292725,NA,Aggregates,Aggregates,NA,NA,NA,NA,NA,NA,NA,NA,NA,NA,NA,NA,NA,NA,NA,NA,FALSE,None
Faroe Islands,5,NA,NA,NA,71774.35,83.14,54439,NA,Europe & Central Asia,High income,NA,NA,NA,NA,NA,NA,NA,NA,NA,NA,NA,NA,NA,NA,NA,NA,FALSE,None
Fiji,32.1,6.8,NA,2022-2024,5888.74,67.32,924145,NA,East Asia & Pacific,Upper middle income,0.73,0.31,0.29,10,275589,39.2,6.7,7.2,4.5,4.6,11.7,15.1,NA,2982.45,116.5,4.65,FALSE,None
Finland,11.3,2.5,NA,2022-2024,52821.51,81.69,5583911,0.2,Europe & Central Asia,High income,0,0.27,0,NA,NA,NA,1.5,NA,NA,NA,NA,NA,NA,3360.38,112.66,0.2,FALSE,None
Former Soviet Union,4,NA,NA,NA,NA,NA,NA,NA,NA,NA,NA,NA,NA,NA,NA,NA,NA,NA,NA,NA,NA,NA,NA,NA,108.57,NA,FALSE,None
Fragile and conflict affected situations,38.6,NA,NA,NA,1722.02,63.35,1057033168,41.5,Aggregates,Aggregates,NA,NA,NA,NA,NA,NA,NA,NA,NA,NA,NA,NA,NA,NA,NA,NA,FALSE,None
France,14,2.5,NA,2022-2024,44690.93,82.93,68287487,0.1,Europe & Central Asia,High income,0,0.32,0,NA,NA,NA,NA,NA,NA,NA,NA,NA,NA,3505.48,105.75,0.07,FALSE,None
French Guiana (France),6,NA,NA,NA,NA,NA,NA,NA,NA,NA,NA,NA,NA,NA,NA,NA,NA,NA,NA,NA,NA,NA,NA,NA,99.69,NA,FALSE,None
French Polynesia,8,3.8,NA,2022-2024,22774.14,84.07,281118,NA,East Asia & Pacific,High income,NA,NA,NA,NA,NA,NA,NA,NA,NA,NA,NA,NA,NA,3146.08,NA,NA,FALSE,None
Gabon,65.8,25.3,0.6,2022-2024,8071.4,68.34,2484789,NA,Sub-Saharan Africa,Upper middle income,0.43,0.38,0.16,1,229876,40.4,12.1,13.3,3.43,5.22,24.4,33.7,9.51,2507.95,84.48,3.81,FALSE,None
Gambia,36.7,16.8,0.5,2022-2024,NA,NA,NA,NA,NA,NA,NA,NA,NA,28,1845413,56.5,12.4,14.2,3.7,8.05,47.2,54,12.5,2516.92,63.71,22,FALSE,None
"Gambia, The",35.3,NA,NA,NA,888.16,65.86,2697845,NA,Sub-Saharan Africa,Low income,0.86,0.39,0.45,NA,NA,NA,NA,NA,NA,NA,NA,NA,NA,NA,NA,NA,FALSE,None
Gaza,5,NA,NA,NA,NA,NA,NA,NA,NA,NA,NA,NA,NA,4,2316113,NA,NA,NA,NA,NA,NA,NA,NA,NA,NA,NA,FALSE,None
Georgia,23.1,2.5,NA,2022-2024,8283.67,74.5,3715483,5.8,Europe & Central Asia,Upper middle income,0.58,0.34,0.21,1,682695,NA,4.4,NA,NA,NA,NA,NA,NA,3064.71,128.22,4.23,FALSE,None
Germany,14.4,2.5,NA,2022-2024,53940.41,80.54,83901923,NA,Europe & Central Asia,High income,0.01,0.32,0,NA,NA,NA,1.9,NA,NA,NA,NA,NA,NA,3573.13,109.55,0.24,FALSE,None
Ghana,53.2,6.3,2.1,2022-2024,2383.9,65.5,33787914,NA,Sub-Saharan Africa,Lower middle income,0.9,0.44,0.56,44,4819969,52.9,13.8,16.9,5.78,11.6,26.8,39.1,12.7,3132.98,104.66,39.03,FALSE,None
Gibraltar,5,NA,NA,NA,NA,83.55,38471,NA,Europe & Central Asia,High income,NA,NA,NA,NA,NA,NA,NA,NA,NA,NA,NA,NA,NA,NA,NA,NA,FALSE,None
Greece,14.4,2.5,NA,2022-2024,23400.73,81.54,10405588,0.6,Europe & Central Asia,High income,0.05,0.33,0.02,NA,NA,NA,1.7,NA,NA,NA,NA,NA,NA,3389.06,91.43,0.59,FALSE,None
Greenland,5,NA,NA,NA,58498.97,71.55,56865,NA,Europe & Central Asia,High income,NA,NA,NA,NA,NA,NA,NA,NA,NA,NA,NA,NA,NA,NA,NA,NA,FALSE,None
Grenada,18.1,NA,NA,NA,11308.29,75.2,117081,NA,Latin America & Caribbean,Upper middle income,0.29,0.44,0.09,NA,NA,NA,NA,NA,NA,NA,NA,NA,NA,2803.19,NA,0.77,FALSE,None
Guam,5,NA,NA,NA,NA,77.21,166506,NA,East Asia & Pacific,High income,NA,NA,NA,NA,NA,NA,NA,NA,NA,NA,NA,NA,NA,NA,NA,NA,FALSE,None
Guatemala,51.7,11.8,2.1,2022-2024,5758.31,72.6,18124838,9.7,Latin America & Caribbean,Upper middle income,0.57,0.45,0.25,3,1569772,45.4,41.9,NA,NA,NA,NA,NA,NA,2790.44,94.62,9.66,FALSE,None
Guinea,58.4,11.4,1.6,2022-2024,1555.49,60.74,14405468,NA,Sub-Saharan Africa,Lower middle income,0.86,0.3,0.4,19,3159960,69.8,24.5,NA,NA,NA,NA,NA,NA,2872.64,98.84,11.65,FALSE,None
Guinea Bissau,2,NA,NA,NA,NA,NA,NA,NA,NA,NA,NA,NA,NA,NA,NA,69.6,NA,NA,NA,NA,NA,NA,NA,NA,NA,NA,FALSE,None
Guinea-Bissau,66.2,22.1,0.5,2022-2024,964.93,64.08,2153339,NA,Sub-Saharan Africa,Low income,0.95,0.33,0.59,45,2920813,NA,25.9,NA,NA,NA,NA,NA,NA,2291.13,99.11,39.86,FALSE,None
Guyana,23.5,2.5,NA,2022-2024,20473.7,70.18,826353,NA,Latin America & Caribbean,High income,0.64,0.45,0.3,NA,NA,40.4,6.4,NA,NA,NA,NA,NA,NA,3202.08,97.35,13.01,FALSE,None
Haiti,100,54.2,6.3,2022-2024,1705.76,64.94,11637398,NA,Latin America & Caribbean,Lower middle income,0.92,0.6,0.7,11,2594416,67.1,20,NA,NA,NA,NA,NA,NA,1991.9,87.67,65.1,TRUE,"2008, 2010, 2016"
Heavily indebted poor countries (HIPC),22,NA,NA,NA,1140.2,64.72,917304254,NA,Aggregates,Aggregates,NA,NA,NA,NA,NA,NA,NA,NA,NA,NA,NA,NA,NA,NA,NA,NA,FALSE,None
High income,5.2,NA,NA,NA,48708.46,80.15,1408764584,0.6,NA,NA,NA,NA,NA,NA,NA,NA,NA,NA,NA,NA,NA,NA,NA,NA,NA,NA,FALSE,None
High-income countries,0,NA,NA,NA,NA,NA,NA,NA,NA,NA,NA,NA,NA,NA,NA,NA,NA,NA,NA,NA,NA,NA,NA,3492.28,NA,NA,FALSE,None
Honduras,49.3,14.8,1.6,2022-2024,3227.46,72.88,10644851,17,Latin America & Caribbean,Lower middle income,0.59,0.46,0.29,2,966229,46.7,16.2,NA,NA,NA,NA,NA,NA,2646.46,91.13,15.72,FALSE,None
Honduras (urban),20,NA,NA,NA,NA,NA,NA,NA,NA,NA,NA,NA,NA,NA,NA,NA,NA,NA,NA,NA,NA,NA,NA,NA,NA,59.46,FALSE,None
Hong Kong,7.5,3.1,0.2,2022-2024,50565.46,85.25,7536100,NA,East Asia & Pacific,High income,NA,NA,NA,NA,NA,NA,NA,NA,NA,NA,NA,NA,NA,3004.85,NA,NA,FALSE,None
Hungary,13,2.5,NA,2022-2024,22312.18,76.77,9592186,NA,Europe & Central Asia,High income,0.08,0.31,0.03,NA,NA,NA,NA,NA,NA,NA,NA,NA,NA,3530.36,77.25,0.92,FALSE,None
IBRD only,13,NA,NA,NA,7964.74,74.52,4952554878,NA,Aggregates,Aggregates,NA,NA,NA,NA,NA,NA,NA,NA,NA,NA,NA,NA,NA,NA,NA,NA,FALSE,None
Iceland,7,2.5,NA,2022-2024,79960.1,82.61,393349,NA,Europe & Central Asia,High income,0.01,0.27,0,NA,NA,NA,NA,NA,NA,NA,NA,NA,NA,3604.71,191,0.08,FALSE,None
IDA & IBRD total,13,NA,NA,NA,6157.4,72,6858864199,NA,Aggregates,Aggregates,NA,NA,NA,NA,NA,NA,NA,NA,NA,NA,NA,NA,NA,NA,NA,NA,FALSE,None
IDA blend,22,NA,NA,NA,1729.92,62.46,664395892,NA,Aggregates,Aggregates,NA,NA,NA,NA,NA,NA,NA,NA,NA,NA,NA,NA,NA,NA,NA,NA,FALSE,None
IDA only,22,NA,NA,NA,1319.43,67.05,1241913429,NA,Aggregates,Aggregates,NA,NA,NA,NA,NA,NA,NA,NA,NA,NA,NA,NA,NA,NA,NA,NA,FALSE,None
IDA total,36.1,NA,NA,NA,1458.94,65.45,1906309321,35.2,Aggregates,Aggregates,NA,NA,NA,NA,NA,NA,NA,NA,NA,NA,NA,NA,NA,NA,NA,NA,FALSE,None
India,47.3,12,172.1,2022-2024,2530.12,72,1438069596,NA,South Asia,Lower middle income,0.9,0.26,0.41,169,74068597,48.3,31.8,NA,NA,NA,NA,NA,NA,2573.64,112.34,5.25,FALSE,None
Indonesia,31.6,6.3,17.7,2022-2024,4876.31,71.15,281190067,6.7,East Asia & Pacific,Upper middle income,0.78,0.35,0.34,214,71051843,39.5,21.2,NA,NA,NA,NA,NA,NA,2796.11,107.35,5.44,FALSE,None
Iran,17.4,6.8,6.2,2022-2024,NA,NA,NA,NA,NA,NA,NA,NA,NA,1,1464404,36.7,NA,NA,NA,NA,NA,NA,NA,2847.25,77.98,2.49,FALSE,None
Iran (Islamic Republic of),0.9,NA,NA,NA,NA,NA,NA,NA,NA,NA,NA,NA,NA,NA,NA,NA,4.6,NA,NA,NA,NA,NA,NA,NA,NA,NA,FALSE,None
"Iran, Islamic Rep.",26.2,NA,NA,NA,4465.64,77.65,90608707,2.5,Middle East & North Africa,Upper middle income,0.49,0.36,0.17,NA,NA,NA,NA,NA,NA,NA,NA,NA,NA,NA,NA,NA,FALSE,None
Iraq,48.9,14.9,6.7,2022-2024,5965.32,72.32,45074049,0.5,Middle East & North Africa,Upper middle income,0.43,0.3,0.12,19,7134759,48.9,8.9,NA,NA,NA,NA,NA,NA,2325.39,92.51,0.55,FALSE,None
Ireland,11.4,2.5,NA,2022-2024,103887.8,82.86,5307600,0.1,Europe & Central Asia,High income,0,0.29,0,NA,NA,NA,1.9,NA,NA,NA,NA,NA,NA,3844.27,109.28,0.08,FALSE,None
Isle of Man,5,NA,NA,NA,NA,81,84165,NA,Europe & Central Asia,High income,NA,NA,NA,NA,NA,NA,NA,NA,NA,NA,NA,NA,NA,NA,NA,NA,FALSE,None
Israel,23,2.5,NA,2022-2024,52003.72,83.2,9849000,NA,Middle East & North Africa,High income,0.06,0.38,0.02,NA,NA,NA,NA,NA,NA,NA,NA,NA,NA,3894.72,99.68,0.72,FALSE,None
Italy,16,2.5,NA,2022-2024,39065.42,83.7,58993475,0.9,Europe & Central Asia,High income,0.03,0.34,0.01,NA,NA,NA,NA,NA,NA,NA,NA,NA,NA,3667.36,94.24,0.93,FALSE,None
Jamaica,29.5,7.7,0.2,2022-2024,6839.73,71.48,2839786,NA,Latin America & Caribbean,Upper middle income,0.32,0.4,0.1,NA,NA,36.8,6.2,NA,NA,NA,NA,NA,NA,2915.92,102.9,1.39,FALSE,None
Japan,14.9,NA,NA,NA,33836.18,84.04,124516650,NA,East Asia & Pacific,High income,0.04,0.32,0.02,NA,NA,NA,4.5,NA,NA,NA,NA,NA,NA,2670.09,105.76,1.21,FALSE,None
Jordan,48,14.3,1.6,2022-2024,4466.08,77.81,11439213,NA,Middle East & North Africa,Lower middle income,0.27,0.34,0.06,12,2322667,40.7,7.2,16.3,9.4,14.4,31.1,40.9,10.2,2563.96,110.27,0.1,FALSE,None
Kazakhstan,20,2.5,NA,2022-2024,12879.43,74.4,20330104,NA,Europe & Central Asia,Upper middle income,0.31,0.29,0.06,4,1550021,32.6,4.2,NA,NA,NA,NA,NA,NA,3330.28,131.59,0.04,FALSE,None
Kenya,83,36.8,20.4,2022-2024,1952.3,63.65,55339003,NA,Sub-Saharan Africa,Lower middle income,0.94,0.38,0.61,187,20645773,61,16,16.3,4.55,9.56,34.3,41.8,7.75,2090.87,88.17,46.88,FALSE,None
Kiribati,28.4,4.1,NA,2022-2024,2177.7,66.47,132530,NA,East Asia & Pacific,Lower middle income,0.85,0.28,0.37,NA,NA,52.9,13.8,NA,NA,NA,NA,NA,NA,3113.45,NA,6.13,FALSE,None
"Korea, Dem. People's Rep.",6,NA,NA,NA,NA,73.64,26418204,NA,East Asia & Pacific,Low income,NA,NA,NA,NA,NA,NA,NA,NA,NA,NA,NA,NA,NA,NA,NA,NA,FALSE,None
"Korea, DPR",4,NA,NA,NA,NA,NA,NA,NA,NA,NA,NA,NA,NA,NA,NA,NA,NA,NA,NA,NA,NA,NA,NA,NA,112.51,NA,FALSE,None
"Korea, Rep.",8,NA,NA,NA,33121.37,83.43,51712619,NA,East Asia & Pacific,High income,0.01,0.33,0,NA,NA,NA,NA,NA,NA,NA,NA,NA,NA,NA,NA,NA,FALSE,None
"Korea, Republic",4,NA,NA,NA,NA,NA,NA,NA,NA,NA,NA,NA,NA,NA,NA,NA,NA,NA,NA,NA,NA,NA,NA,NA,104.37,NA,FALSE,None
Kosovo,14,NA,NA,NA,6221.2,78.03,1682668,NA,Europe & Central Asia,Upper middle income,0.49,0.38,0.22,NA,NA,NA,NA,4,2.2,1.7,12.5,16.9,NA,NA,NA,9.98,FALSE,None
Kuwait,21.8,2.5,NA,2022-2024,34075.85,83.19,4853420,NA,Middle East & North Africa,High income,NA,NA,NA,NA,NA,NA,3.9,NA,NA,NA,NA,NA,NA,3262.84,114.05,NA,FALSE,None
Kyrgyzstan,27.5,5.1,0.4,2022-2024,2138.22,72.25,7099750,2.7,Europe & Central Asia,Lower middle income,0.83,0.27,0.34,34,2500948,44.7,10.3,NA,NA,NA,NA,NA,NA,2632.25,101.53,2.74,FALSE,None
"LAC, Total",6,NA,NA,NA,NA,NA,NA,NA,NA,NA,NA,NA,NA,NA,NA,NA,NA,NA,NA,NA,NA,NA,NA,NA,97.12,NA,FALSE,None
Lao,0,NA,NA,NA,NA,NA,NA,NA,NA,NA,NA,NA,NA,NA,NA,54.9,NA,NA,NA,NA,NA,NA,NA,NA,NA,NA,FALSE,None
Lao PDR,22.3,NA,NA,NA,2066.95,68.96,7664993,NA,East Asia & Pacific,Lower middle income,0.82,0.39,0.41,NA,NA,NA,NA,NA,NA,NA,NA,NA,NA,NA,NA,NA,FALSE,None
Lao People's Democratic Republic,5.7,NA,NA,NA,NA,NA,NA,NA,NA,NA,NA,NA,NA,NA,NA,NA,28.4,NA,NA,NA,NA,NA,NA,NA,NA,NA,FALSE,None
Laos,13.3,NA,NA,NA,NA,NA,NA,NA,NA,NA,NA,NA,NA,17,490775,NA,NA,NA,NA,NA,NA,NA,NA,3156.37,100.48,15.66,FALSE,None
Late-demographic dividend,9,NA,NA,NA,12422.73,77.13,2326636900,NA,Aggregates,Aggregates,NA,NA,NA,NA,NA,NA,NA,NA,NA,NA,NA,NA,NA,NA,NA,NA,FALSE,None
Latin America & Caribbean,10.8,NA,NA,NA,10838.83,75.64,657617663,4.6,NA,NA,NA,NA,NA,NA,NA,NA,NA,NA,NA,NA,NA,NA,NA,NA,NA,NA,FALSE,None
Latin America & Caribbean (excluding high income),9,NA,NA,NA,10166.93,75.5,589889543,NA,Aggregates,Aggregates,NA,NA,NA,NA,NA,NA,NA,NA,NA,NA,NA,NA,NA,NA,NA,NA,FALSE,None
Latin America & the Caribbean (IDA & IBRD countries),9,NA,NA,NA,10593.12,75.57,642397939,NA,Aggregates,Aggregates,NA,NA,NA,NA,NA,NA,NA,NA,NA,NA,NA,NA,NA,NA,NA,NA,FALSE,None
Latin America and the Caribbean,2.3,NA,NA,NA,NA,NA,NA,NA,NA,NA,NA,NA,NA,NA,NA,NA,11.3,NA,NA,NA,NA,NA,NA,NA,NA,NA,FALSE,None
Latvia,13.3,2.5,NA,2022-2024,22675.58,75.68,1877445,0.4,Europe & Central Asia,High income,0.04,0.34,0.01,NA,NA,NA,1.5,NA,NA,NA,NA,NA,NA,3259.17,95.62,0.44,FALSE,None
LDC,4,NA,NA,NA,NA,NA,NA,NA,NA,NA,NA,NA,NA,NA,NA,NA,NA,NA,NA,NA,NA,NA,NA,NA,104.7,NA,FALSE,None
Least developed countries: UN classification,22,NA,NA,NA,1220.24,66.52,1160824674,NA,Aggregates,Aggregates,NA,NA,NA,NA,NA,NA,NA,NA,NA,NA,NA,NA,NA,NA,NA,NA,FALSE,None
Lebanon,36.1,8.7,0.5,2022-2024,3477.72,77.82,5773493,NA,Middle East & North Africa,Lower middle income,0.61,0.35,0.26,27,7380878,41,9.5,NA,NA,NA,NA,NA,NA,2796.67,118.86,5.89,FALSE,None
Lesotho,69.7,NA,NA,NA,916.28,57.38,2311472,NA,Sub-Saharan Africa,Lower middle income,0.89,0.45,0.56,10,321586,64.1,31.7,33.1,2.02,10.7,46,61.8,15.3,1821.11,91.93,41.86,FALSE,None
Lesser Antilles,6,NA,NA,NA,NA,NA,NA,NA,NA,NA,NA,NA,NA,NA,NA,NA,NA,NA,NA,NA,NA,NA,NA,NA,96.95,NA,FALSE,None
Liberia,87.6,35.5,2,2022-2024,799.19,62.16,5493031,NA,Sub-Saharan Africa,Low income,0.93,0.35,0.55,26,1293459,72.1,24.3,28,2.47,8.14,64.9,92,29,2075.71,88.2,33.56,FALSE,None
Libya,44.9,16.5,1.2,2022-2024,6172.81,69.34,7305659,NA,Middle East & North Africa,Upper middle income,NA,NA,NA,39,2567717,43.9,8.6,NA,NA,NA,NA,NA,NA,3013.01,123.69,NA,FALSE,None
Liechtenstein,5,NA,NA,NA,207973.62,84.84,39850,NA,Europe & Central Asia,High income,NA,NA,NA,NA,NA,NA,NA,NA,NA,NA,NA,NA,NA,NA,NA,NA,FALSE,None
Lithuania,13.3,2.5,NA,2022-2024,27786.01,76.99,2871585,1.1,Europe & Central Asia,High income,0.04,0.36,0.02,NA,NA,NA,1.4,NA,NA,NA,NA,NA,NA,3326.1,96.13,1.1,FALSE,None
Low & middle income,17.9,NA,NA,NA,5819.84,71.97,6499219471,12.2,Aggregates,Aggregates,NA,NA,NA,NA,NA,NA,NA,NA,NA,NA,NA,NA,NA,NA,NA,NA,FALSE,None
Low income,45,NA,NA,NA,697.17,64.52,607774703,56.3,NA,NA,NA,NA,NA,NA,NA,NA,NA,NA,NA,NA,NA,NA,NA,NA,NA,NA,FALSE,None
Low-income countries,2,NA,NA,NA,NA,NA,NA,NA,NA,NA,NA,NA,NA,NA,NA,NA,NA,NA,NA,NA,NA,NA,NA,2280.02,NA,NA,FALSE,None
Lower middle income,27,NA,NA,NA,2443.41,69.6,3082002881,12.6,NA,NA,NA,NA,NA,NA,NA,NA,NA,NA,NA,NA,NA,NA,NA,NA,NA,NA,FALSE,None
Lower-middle-income countries,0,NA,NA,NA,NA,NA,NA,NA,NA,NA,NA,NA,NA,NA,NA,NA,NA,NA,NA,NA,NA,NA,NA,2617.38,NA,NA,FALSE,None
Luxembourg,11,2.5,NA,2022-2024,131407.68,83.36,666430,0.1,Europe & Central Asia,High income,0,0.34,0,NA,NA,NA,NA,NA,NA,NA,NA,NA,NA,3452.54,112.02,0.09,FALSE,None
Macao,14,11.2,NA,2022-2024,67476.53,83.18,678800,NA,East Asia & Pacific,High income,NA,NA,NA,NA,NA,NA,NA,NA,NA,NA,NA,NA,NA,2899.06,NA,NA,FALSE,None
Macedonia,15.1,2.5,NA,2022-2024,8624.28,75.32,1827816,NA,Europe & Central Asia,Upper middle income,0.28,0.34,0.11,NA,NA,NA,NA,NA,NA,NA,NA,NA,NA,NA,NA,NA,FALSE,None
Madagascar,100,39.5,12.3,2022-2024,508.72,63.63,31195932,NA,Sub-Saharan Africa,Low income,0.98,0.37,0.72,92,2733504,71.3,35.7,38.1,7.8,20.4,42.8,69.3,25.2,1924.94,95.08,69.17,TRUE,2021-2022
Malawi,73.6,21.4,4.5,2022-2024,602.34,67.35,21104482,NA,Sub-Saharan Africa,Low income,0.98,0.39,0.75,129,5152794,75.4,30.2,34.8,2.28,14,59.5,59.9,NA,2621.52,103.73,75.44,FALSE,None
Malaysia,26.6,2.5,NA,2022-2024,11379.09,76.66,35126298,NA,East Asia & Pacific,Upper middle income,0.06,0.41,0.01,NA,NA,27.5,22.9,NA,NA,NA,NA,NA,NA,2937.75,95.74,0.01,FALSE,None
Maldives,16.8,NA,NA,NA,12530.36,81.04,525994,NA,South Asia,Upper middle income,0.2,0.29,0.04,NA,NA,32.2,13.6,NA,NA,NA,NA,NA,NA,2650.89,NA,0,FALSE,None
Mali,75.4,12.3,2.9,2022-2024,1035.86,60.44,23769127,NA,Sub-Saharan Africa,Low income,0.93,0.36,0.56,128,16037103,73.3,21.1,NA,NA,NA,NA,NA,NA,2734.44,100.02,36.1,TRUE,"2012, 2018-2020"
Malta,21.6,2.5,NA,2022-2024,40182.43,83.51,552747,NA,Middle East & North Africa,High income,0.01,0.35,0,NA,NA,NA,3.1,NA,NA,NA,NA,NA,NA,3329.87,115.88,0.11,FALSE,None
Marshall Islands,23.8,NA,NA,NA,6678.34,66.94,38827,NA,East Asia & Pacific,Upper middle income,0.48,0.35,0.16,NA,NA,NA,28.2,NA,NA,NA,NA,NA,NA,3389.89,NA,2.1,FALSE,None
Mauritania,51.2,8.7,0.4,2022-2024,2120.82,68.48,5022441,NA,Sub-Saharan Africa,Lower middle income,0.8,0.32,0.37,34,1569786,62.3,19.4,23.9,1.06,11.6,0.01,0.01,4.79,2914.45,89.8,10.22,FALSE,None
Mauritius,31.5,8.7,0.1,2022-2024,11182.19,73.41,1261041,NA,Sub-Saharan Africa,Upper middle income,0.29,0.37,0.08,NA,NA,31.4,6.9,NA,NA,NA,NA,NA,NA,3167.99,100.18,0.54,FALSE,None
Melanesia,8,NA,NA,NA,NA,NA,NA,NA,NA,NA,NA,NA,NA,NA,NA,NA,42.2,NA,NA,NA,NA,NA,NA,NA,NA,NA,FALSE,None
Mexico,34.7,2.7,3.5,2022-2024,13826.13,75.07,129739759,NA,Latin America & Caribbean,Upper middle income,0.37,0.43,0.13,5,3113161,34.1,11.8,NA,NA,NA,NA,NA,NA,3297.65,107.03,2.33,FALSE,None
Micronesia,8.5,NA,NA,NA,NA,NA,NA,NA,NA,NA,NA,NA,NA,NA,NA,NA,12.7,NA,NA,NA,NA,NA,NA,NA,96.62,NA,FALSE,None
Micronesia (country),10.5,NA,NA,NA,NA,NA,NA,NA,NA,NA,NA,NA,NA,NA,NA,NA,NA,NA,NA,NA,NA,NA,NA,2805.13,NA,26.15,FALSE,None
Micronesia (country) (urban),20,NA,NA,NA,NA,NA,NA,NA,NA,NA,NA,NA,NA,NA,NA,NA,NA,NA,NA,NA,NA,NA,NA,NA,NA,50.58,FALSE,None
"Micronesia, Fed. Sts.",22.3,NA,NA,NA,3941.37,67.2,112630,NA,East Asia & Pacific,Lower middle income,0.86,0.4,0.47,NA,NA,NA,NA,NA,NA,NA,NA,NA,NA,NA,NA,NA,FALSE,None
Middle Africa,7.5,NA,NA,NA,NA,NA,NA,NA,NA,NA,NA,NA,NA,NA,NA,NA,37.3,NA,NA,NA,NA,NA,NA,NA,NA,NA,FALSE,None
"Middle East, North Africa, Afghanistan & Pakistan",13,NA,NA,NA,6063.05,72.08,797801454,NA,NA,NA,NA,NA,NA,NA,NA,NA,NA,NA,NA,NA,NA,NA,NA,NA,NA,NA,FALSE,None
"Middle East, North Africa, Afghanistan & Pakistan (excluding high income)",17,NA,NA,NA,2797.41,71.28,729077445,NA,NA,NA,NA,NA,NA,NA,NA,NA,NA,NA,NA,NA,NA,NA,NA,NA,NA,NA,FALSE,None
"Middle East, North Africa, Afghanistan & Pakistan (IDA & IBRD)",17,NA,NA,NA,2792.71,71.32,723911670,NA,NA,NA,NA,NA,NA,NA,NA,NA,NA,NA,NA,NA,NA,NA,NA,NA,NA,NA,FALSE,None
Middle income,13,NA,NA,NA,6347.75,72.74,5891444768,NA,Aggregates,Aggregates,NA,NA,NA,NA,NA,NA,NA,NA,NA,NA,NA,NA,NA,NA,NA,NA,FALSE,None
Moldova,24.1,2.5,NA,2022-2024,6799.59,71.2,2457783,0.1,Europe & Central Asia,Upper middle income,0.35,0.27,0.08,4,584665,NA,NA,NA,NA,NA,NA,NA,NA,2635.01,117.66,0.13,FALSE,None
Monaco,5,NA,NA,NA,256580.52,86.37,38956,NA,Europe & Central Asia,High income,NA,NA,NA,NA,NA,NA,NA,NA,NA,NA,NA,NA,NA,NA,NA,NA,FALSE,None
Mongolia,21.4,2.5,NA,2022-2024,5838.63,72.12,3481145,NA,East Asia & Pacific,Upper middle income,0.37,0.31,0.1,5,689891,37.2,6.5,NA,NA,NA,NA,NA,NA,3099.37,130.85,0.44,FALSE,None
Montenegro,18.6,2.5,NA,2022-2024,12077.37,77.59,623529,NA,Europe & Central Asia,Upper middle income,0.2,0.34,0.07,NA,NA,NA,7.4,NA,NA,NA,NA,NA,NA,3645.83,99.34,2.49,FALSE,None
Morocco,38.4,7,2.6,2022-2024,3771.45,75.31,37712505,NA,Middle East & North Africa,Lower middle income,0.6,0.4,0.23,NA,NA,43.4,12.9,NA,NA,NA,NA,NA,NA,3339.27,94.65,3.68,FALSE,None
Mozambique,79.6,21.8,7.3,2022-2024,622.99,63.61,33635160,NA,Sub-Saharan Africa,Low income,0.97,0.5,0.79,98,5107229,78.9,34,36.5,3.8,15.2,36.2,56,20.5,2175.59,124.84,81.36,FALSE,None
Myanmar,40.3,5.4,2.9,2022-2024,1233.2,66.89,54133798,NA,East Asia & Pacific,Lower middle income,0.87,0.31,0.41,251,26651391,54.3,23,NA,NA,NA,NA,NA,NA,2829.19,89.34,10.27,FALSE,None
Namibia,62.6,18.1,0.5,2022-2024,4187.61,67.39,2963095,NA,Sub-Saharan Africa,Upper middle income,0.67,0.59,0.37,8,312841,52.1,14.4,NA,NA,NA,NA,NA,NA,2297.53,91.68,22.86,FALSE,None
Nauru,17.3,NA,NA,NA,12754.19,62.11,11875,NA,East Asia & Pacific,High income,0.78,0.32,0.34,NA,NA,NA,14.9,NA,NA,NA,NA,NA,NA,3208.18,NA,9.72,FALSE,None
NE Asia,4,NA,NA,NA,NA,NA,NA,NA,NA,NA,NA,NA,NA,NA,NA,NA,NA,NA,NA,NA,NA,NA,NA,NA,113.48,NA,FALSE,None
Nepal,40.5,5.3,1.6,2022-2024,1382.33,70.35,29694614,NA,South Asia,Lower middle income,0.67,0.3,0.24,42,5232322,50.8,25.1,23.3,5.37,17,34.1,39.6,5.74,3012.81,114.66,2.44,FALSE,None
Netherlands,12,2.5,NA,2022-2024,64572.01,81.91,17877117,NA,Europe & Central Asia,High income,0,0.26,0,NA,NA,NA,NA,NA,NA,NA,NA,NA,NA,3468.39,100.2,0.1,FALSE,None
Netherlands (Kingdom of the),0.3,NA,NA,NA,NA,NA,NA,NA,NA,NA,NA,NA,NA,NA,NA,NA,1.4,NA,NA,NA,NA,NA,NA,NA,NA,NA,FALSE,None
Netherlands Antilles,0,NA,NA,NA,NA,NA,NA,NA,NA,NA,NA,NA,NA,NA,NA,NA,NA,NA,NA,NA,NA,NA,NA,3142.38,NA,NA,FALSE,None
New Caledonia,8.9,4.9,NA,2022-2024,NA,78.77,289870,NA,East Asia & Pacific,High income,NA,NA,NA,NA,NA,NA,NA,NA,NA,NA,NA,NA,NA,2985.47,NA,NA,FALSE,None
New Caledonia (France),6,NA,NA,NA,NA,NA,NA,NA,NA,NA,NA,NA,NA,NA,NA,NA,NA,NA,NA,NA,NA,NA,NA,NA,87.52,NA,FALSE,None
New Zealand,13,2.5,NA,2022-2024,48654.9,83,5245000,NA,East Asia & Pacific,High income,NA,NA,NA,NA,NA,NA,NA,NA,NA,NA,NA,NA,NA,3180.15,92.6,NA,FALSE,None
Nicaragua,35.2,NA,NA,NA,2609.44,74.95,6823613,NA,Latin America & Caribbean,Lower middle income,0.57,0.46,0.24,4,913058,44.7,NA,NA,NA,NA,NA,NA,NA,2781.3,108.79,6.57,FALSE,None
Niger,84.7,12.9,3.4,2022-2024,638.34,61.18,26159867,NA,Sub-Saharan Africa,Low income,0.98,0.33,0.68,79,6114285,87.9,45.7,NA,NA,NA,NA,NA,NA,2724.26,111.45,60.49,TRUE,"2005, 2010, 2018-2020"
Nigeria,96.6,19.9,45.4,2022-2024,1596.64,54.46,227882945,NA,Sub-Saharan Africa,Lower middle income,0.96,0.34,0.6,62,12856827,65.8,31.4,NA,NA,NA,74,98.9,NA,2451.69,106.1,41.82,TRUE,2016-2018
North Africa,4,NA,NA,NA,NA,NA,NA,NA,NA,NA,NA,NA,NA,NA,NA,NA,NA,NA,NA,NA,NA,NA,NA,NA,107.13,NA,FALSE,None
North America,5.4,NA,NA,NA,79326.91,78.73,376954413,1,Aggregates,Aggregates,NA,NA,NA,NA,NA,NA,NA,NA,NA,NA,NA,NA,NA,3573.37,NA,NA,FALSE,None
NORTH AMERICA,4,NA,NA,NA,NA,NA,NA,NA,NA,NA,NA,NA,NA,NA,NA,NA,NA,NA,NA,NA,NA,NA,NA,NA,100.83,NA,FALSE,None
North Korea,4,NA,NA,NA,NA,NA,NA,NA,NA,NA,NA,NA,NA,NA,NA,NA,NA,NA,NA,NA,NA,NA,NA,1981.19,NA,NA,FALSE,None
North Macedonia,6.3,NA,NA,NA,NA,NA,NA,NA,NA,NA,NA,NA,NA,NA,NA,NA,3.5,NA,NA,NA,NA,NA,NA,3581.58,114.74,3.94,FALSE,None
Norway,11,2.5,NA,2022-2024,87497.33,83.11,5519594,0.2,Europe & Central Asia,High income,0,0.27,0,NA,NA,NA,NA,NA,NA,NA,NA,NA,NA,3490.11,107.27,0.2,FALSE,None
Not classified,0,NA,NA,NA,NA,NA,NA,NA,NA,NA,NA,NA,NA,NA,NA,NA,NA,NA,NA,NA,NA,NA,NA,NA,NA,NA,FALSE,None
OCEANIA,4,NA,NA,NA,NA,NA,NA,NA,NA,NA,NA,NA,NA,NA,NA,NA,NA,NA,NA,NA,NA,NA,NA,NA,100.37,NA,FALSE,None
Oceania (exc. Australia and New Zealand),8,NA,NA,NA,NA,NA,NA,NA,NA,NA,NA,NA,NA,NA,NA,NA,40.1,NA,NA,NA,NA,NA,NA,NA,NA,NA,FALSE,None
OECD members,5,NA,NA,NA,46672.51,80.16,1388472514,NA,Aggregates,Aggregates,NA,NA,NA,NA,NA,NA,NA,NA,NA,NA,NA,NA,NA,NA,NA,NA,FALSE,None
Oman,24,5.9,0.3,2022-2024,20972.48,80.03,5049269,NA,Middle East & North Africa,High income,NA,NA,NA,NA,NA,NA,11.4,NA,NA,NA,NA,NA,NA,2964.24,137.53,NA,FALSE,None
Other small states,5,NA,NA,NA,15151.47,73.56,12842214,NA,Aggregates,Aggregates,NA,NA,NA,NA,NA,NA,NA,NA,NA,NA,NA,NA,NA,NA,NA,NA,FALSE,None
Pacific,6,NA,NA,NA,NA,NA,NA,NA,NA,NA,NA,NA,NA,NA,NA,NA,NA,NA,NA,NA,NA,NA,NA,NA,94.86,NA,FALSE,None
Pacific island small states,13,NA,NA,NA,4153.2,69.27,2689224,NA,Aggregates,Aggregates,NA,NA,NA,NA,NA,NA,NA,NA,NA,NA,NA,NA,NA,NA,NA,NA,FALSE,None
Pakistan,63.1,16.5,40.9,2022-2024,1365.17,67.65,247504495,NA,South Asia,Lower middle income,0.93,0.3,0.5,5,6456381,61.1,32.6,NA,NA,NA,NA,NA,NA,2364.04,109.49,16.52,FALSE,None
Palau,14,NA,NA,NA,15899.42,69.27,17727,NA,East Asia & Pacific,High income,NA,NA,NA,NA,NA,NA,NA,NA,NA,NA,NA,NA,NA,NA,NA,NA,FALSE,None
Palestine,2.7,NA,NA,NA,NA,NA,NA,NA,NA,NA,NA,NA,NA,NA,NA,42.5,NA,9.35,1.35,2.45,8.64,11.7,NA,NA,NA,2.07,FALSE,None
Panama,34.2,5.7,0.3,2022-2024,18686.41,79.59,4458759,3.7,Latin America & Caribbean,High income,0.25,0.5,0.1,1,541248,30,12.7,NA,NA,NA,NA,NA,NA,3066.92,104.47,3.13,FALSE,None
Papua New Guinea,70.3,28.7,3,2022-2024,2966.07,66.13,10389635,NA,East Asia & Pacific,Lower middle income,0.95,0.42,0.64,NA,NA,75.1,46.2,NA,NA,NA,NA,NA,NA,2209.84,96.13,52.21,FALSE,None
Paraguay,37.9,5.2,0.4,2022-2024,6299.99,73.84,6844146,2.4,Latin America & Caribbean,Upper middle income,0.29,0.44,0.1,1,240266,36.2,2.9,NA,NA,NA,NA,NA,NA,3065.13,76.97,2.11,FALSE,None
Peru,39.6,6.9,2.3,2022-2024,7887.54,77.74,33845617,5.9,Latin America & Caribbean,Upper middle income,0.46,0.4,0.18,1,1217379,34.7,9.6,NA,NA,NA,NA,NA,NA,2853.61,118.07,5.14,FALSE,None
Philippines,36.9,3,3.4,2022-2024,3804.08,69.83,114891199,5.3,East Asia & Pacific,Lower middle income,0.69,0.39,0.29,108,20168747,40.4,26,NA,NA,NA,16.5,21.7,5.22,2888.67,94.41,11.53,FALSE,None
Poland,10.2,2.5,NA,2022-2024,22145.26,78.51,36687353,0.2,Europe & Central Asia,High income,0.01,0.28,0.01,NA,NA,NA,0.9,NA,NA,NA,NA,NA,NA,3754.6,120.83,0.24,FALSE,None
Polynesia,7.3,NA,NA,NA,NA,NA,NA,NA,NA,NA,NA,NA,NA,NA,NA,NA,6.5,NA,NA,NA,NA,NA,NA,NA,97.15,NA,FALSE,None
Portugal,10.6,2.5,NA,2022-2024,27386.29,82.28,10578174,0.4,Europe & Central Asia,High income,0.03,0.34,0.01,NA,NA,NA,2.8,NA,NA,NA,NA,NA,NA,3461.21,147.16,0.41,FALSE,None
Post-demographic dividend,5,NA,NA,NA,53961.34,80.82,1121892872,NA,Aggregates,Aggregates,NA,NA,NA,NA,NA,NA,NA,NA,NA,NA,NA,NA,NA,NA,NA,NA,FALSE,None
Pre-demographic dividend,22,NA,NA,NA,1416.33,62.16,1078224044,NA,Aggregates,Aggregates,NA,NA,NA,NA,NA,NA,NA,NA,NA,NA,NA,NA,NA,NA,NA,NA,FALSE,None
Puerto Rico (US),0,NA,NA,NA,36948.4,81.69,3203792,NA,NA,NA,NA,NA,NA,NA,NA,NA,NA,NA,NA,NA,NA,NA,NA,NA,NA,NA,FALSE,None
Puerto Rico (USA),6,NA,NA,NA,NA,NA,NA,NA,NA,NA,NA,NA,NA,NA,NA,NA,NA,NA,NA,NA,NA,NA,NA,NA,99.62,NA,FALSE,None
Qatar,21.9,NA,NA,NA,80195.87,82.37,2656032,NA,Middle East & North Africa,High income,0,0.35,0,NA,NA,NA,4.7,NA,NA,NA,NA,NA,NA,3298.68,95.62,0,FALSE,None
Republic of Korea,0.3,NA,NA,NA,NA,NA,NA,NA,NA,NA,NA,NA,NA,NA,NA,NA,1.6,NA,NA,NA,NA,NA,NA,NA,NA,NA,FALSE,None
Republic of Moldova,0.8,NA,NA,NA,NA,NA,NA,NA,NA,NA,NA,NA,NA,NA,NA,NA,3.9,NA,NA,NA,NA,NA,NA,NA,NA,NA,FALSE,None
Republic of the Congo,24.1,26.4,1.6,2022-2024,NA,NA,NA,NA,NA,NA,NA,NA,NA,13,6288427,NA,NA,NA,NA,NA,NA,NA,NA,NA,NA,NA,FALSE,None
Romania,17.3,2.5,NA,2022-2024,18404.27,76.61,19059479,0.7,Europe & Central Asia,High income,0.07,0.3,0.02,NA,NA,NA,6.5,NA,NA,NA,NA,NA,NA,3716.51,104.9,0.7,FALSE,None
Russia,19,2.5,NA,2022-2024,14159.39,73.25,143826130,0.1,Europe & Central Asia,High income,0.02,0.33,0,8,2662426,NA,NA,NA,NA,NA,NA,NA,NA,3433.42,NA,0.04,FALSE,None
Russian Federation,4,NA,NA,NA,NA,NA,NA,NA,NA,NA,NA,NA,NA,NA,NA,NA,NA,NA,NA,NA,NA,NA,NA,NA,113.15,NA,FALSE,None
Rwanda,72.3,24.4,3.4,2022-2024,1027.03,67.78,13954471,38.6,Sub-Saharan Africa,Low income,0.93,0.39,0.58,109,10461226,67,27,30,0.38,6.48,30.3,39.3,9.25,2336.46,95.66,38.55,FALSE,None
Rwanda (rural),20,NA,NA,NA,NA,NA,NA,NA,NA,NA,NA,NA,NA,NA,NA,NA,NA,NA,NA,NA,NA,NA,NA,NA,NA,73.53,FALSE,None
"SA, Andean",4,NA,NA,NA,NA,NA,NA,NA,NA,NA,NA,NA,NA,NA,NA,NA,NA,NA,NA,NA,NA,NA,NA,NA,107.57,NA,FALSE,None
"SA, Brazil",6,NA,NA,NA,NA,NA,NA,NA,NA,NA,NA,NA,NA,NA,NA,NA,NA,NA,NA,NA,NA,NA,NA,NA,96.59,NA,FALSE,None
Saint Kitts and Nevis,10,NA,NA,NA,22600.45,72.14,46758,NA,Latin America & Caribbean,High income,NA,NA,NA,NA,NA,NA,NA,NA,NA,NA,NA,NA,NA,2923.67,NA,NA,FALSE,None
Saint Lucia,20.6,NA,NA,NA,13554.77,72.7,179285,NA,Latin America & Caribbean,Upper middle income,0.29,0.51,0.13,NA,NA,38.6,2.5,NA,NA,NA,NA,NA,NA,2736.82,NA,6.4,FALSE,None
Saint Vincent and the Grenadines,18.9,6.1,NA,2022-2024,10582.37,71.23,101323,NA,Latin America & Caribbean,Upper middle income,NA,NA,NA,NA,NA,NA,NA,NA,NA,NA,NA,NA,NA,3018.07,NA,NA,FALSE,None
Samoa,17.7,3.6,NA,2022-2024,4330.18,71.7,216663,NA,East Asia & Pacific,Lower middle income,0.62,0.39,0.23,NA,NA,47,7.8,7.1,3.1,3.3,15.6,19.6,NA,3164.36,NA,4.46,FALSE,None
San Marino,5,NA,NA,NA,NA,85.71,33860,NA,Europe & Central Asia,High income,NA,NA,NA,NA,NA,NA,NA,NA,NA,NA,NA,NA,NA,NA,NA,NA,FALSE,None
Sao Tome & Principe,0,NA,NA,NA,NA,NA,NA,NA,NA,NA,NA,NA,NA,NA,NA,53.7,NA,NA,NA,NA,NA,NA,NA,NA,NA,NA,FALSE,None
Sao Tome and Principe,13,NA,NA,NA,NA,NA,NA,NA,NA,NA,NA,NA,NA,NA,NA,NA,8.8,NA,NA,NA,NA,NA,NA,2387.9,104.95,13.01,FALSE,None
São Tomé and Príncipe,50.2,17.4,NA,2022-2024,2940.93,69.72,230871,NA,Sub-Saharan Africa,Lower middle income,0.79,0.41,0.38,NA,NA,NA,NA,NA,NA,NA,NA,NA,NA,NA,NA,NA,FALSE,None
Saudi Arabia,20,2.5,NA,2022-2024,36156.85,78.73,33702731,NA,Middle East & North Africa,High income,NA,NA,NA,NA,NA,NA,9.9,NA,NA,NA,NA,NA,NA,3707.28,175.38,NA,FALSE,None
SE Asia,4,NA,NA,NA,NA,NA,NA,NA,NA,NA,NA,NA,NA,NA,NA,NA,NA,NA,NA,NA,NA,NA,NA,NA,107.02,NA,FALSE,None
Senegal,48.5,5.1,0.9,2022-2024,1698.03,68.68,18077573,NA,Sub-Saharan Africa,Lower middle income,0.86,0.36,0.44,64,7603399,55.5,15.3,17.1,10.2,15.7,32.6,42.2,9.98,2772.09,109.95,17.89,FALSE,None
Serbia,15.9,2.5,NA,2022-2024,12281.51,76.22,6623183,NA,Europe & Central Asia,Upper middle income,0.15,0.33,0.05,NA,NA,NA,4.3,NA,NA,NA,NA,NA,NA,3840.85,107.19,2.04,FALSE,None
Serbia and Montenegro,4,NA,NA,NA,NA,NA,NA,NA,NA,NA,NA,NA,NA,NA,NA,NA,NA,NA,NA,NA,NA,NA,NA,2916.05,106.82,NA,FALSE,None
Seychelles,22.1,2.5,NA,2022-2024,18262.71,74.96,119773,NA,Sub-Saharan Africa,High income,0.13,0.32,0.04,NA,NA,NA,5.4,NA,NA,NA,NA,NA,NA,2749.65,NA,0.67,FALSE,None
Sierra Leone,72.2,24.1,2,2022-2024,757.85,61.79,8460512,NA,Sub-Saharan Africa,Low income,0.95,0.36,0.59,13,1448558,72,22.7,NA,NA,NA,NA,NA,NA,2408.55,113.9,41.49,FALSE,None
Singapore,5.5,NA,NA,NA,85412.23,82.9,5917648,NA,East Asia & Pacific,High income,NA,NA,NA,NA,NA,NA,2.4,NA,NA,NA,NA,NA,NA,NA,NA,NA,FALSE,None
Sint Maarten (Dutch part),10,NA,NA,NA,38077.54,76.37,42749,NA,Latin America & Caribbean,High income,NA,NA,NA,NA,NA,NA,NA,NA,NA,NA,NA,NA,NA,NA,NA,NA,FALSE,None
Slovakia,13.5,3.1,0.2,2022-2024,24673.55,78.02,5426740,0.5,Europe & Central Asia,High income,0.07,0.24,0.02,NA,NA,NA,NA,NA,NA,NA,NA,NA,NA,3075.6,89.18,0.45,FALSE,None
Slovenia,11,2.5,NA,2022-2024,32610.11,81.98,2120461,0,Europe & Central Asia,High income,0,0.25,0,NA,NA,NA,NA,NA,NA,NA,NA,NA,NA,3100.33,111.91,0,FALSE,None
Small states,5,NA,NA,NA,14222.97,72.9,20051342,NA,Aggregates,Aggregates,NA,NA,NA,NA,NA,NA,NA,NA,NA,NA,NA,NA,NA,NA,NA,NA,FALSE,None
Solomon Islands,48,20,0.2,2022-2024,2076.11,70.53,800005,NA,East Asia & Pacific,Lower middle income,0.94,0.37,0.59,NA,NA,NA,28.1,NA,NA,NA,NA,NA,NA,2138.69,92.34,40.3,FALSE,None
Somalia,80.4,53.2,9.8,2022-2024,NA,NA,NA,NA,NA,NA,NA,NA,NA,44,4101247,85,22,NA,NA,NA,NA,NA,NA,1812.43,74.63,NA,TRUE,"2011-2012, 2017, 2022"
"Somalia, Fed. Rep.",24,NA,NA,NA,597.46,58.82,18358615,NA,NA,NA,NA,NA,NA,NA,NA,NA,NA,NA,NA,NA,NA,NA,NA,NA,NA,NA,FALSE,None
South Africa,60.6,10,6.3,2022-2024,6022.54,66.14,63212384,NA,Sub-Saharan Africa,Upper middle income,0.71,0.63,0.43,1,114612,40.4,21.7,NA,NA,NA,NA,NA,NA,2651.04,100.2,31.21,FALSE,None
South America,1.8,NA,NA,NA,NA,NA,NA,NA,NA,NA,NA,NA,NA,NA,NA,NA,8.9,NA,NA,NA,NA,NA,NA,3156.92,NA,NA,FALSE,None
South Asia,22.9,NA,NA,NA,2532.38,72.32,1662580579,4.7,Aggregates,Aggregates,NA,NA,NA,NA,NA,NA,NA,NA,NA,NA,NA,NA,NA,NA,110.16,NA,FALSE,None
South Asia (IDA & IBRD),17,NA,NA,NA,2532.38,72.32,1662580579,NA,Aggregates,Aggregates,NA,NA,NA,NA,NA,NA,NA,NA,NA,NA,NA,NA,NA,NA,NA,NA,FALSE,None
South Korea,2.1,2.5,NA,2022-2024,NA,NA,NA,NA,NA,NA,NA,NA,NA,NA,NA,NA,NA,NA,NA,NA,NA,NA,NA,3444.16,NA,0.25,FALSE,None
South Sudan,83.8,22.3,2.6,2022-2024,NA,57.62,11483374,NA,Sub-Saharan Africa,Low income,0.99,0.44,0.77,37,1090388,90.8,27.8,NA,NA,NA,NA,NA,NA,2391.07,114.1,76.5,TRUE,2017-2023
South-eastern Asia,4.3,NA,NA,NA,NA,NA,NA,NA,NA,NA,NA,NA,NA,NA,NA,NA,21.3,NA,NA,NA,NA,NA,NA,NA,NA,NA,FALSE,None
Spain,14,2.5,NA,2022-2024,33509.01,83.88,48347910,0.8,Europe & Central Asia,High income,0.03,0.33,0.01,NA,NA,NA,NA,NA,NA,NA,NA,NA,NA,3356.25,89.99,0.81,FALSE,None
Sri Lanka,33.1,7.4,1.7,2022-2024,3798.89,77.48,22037000,NA,South Asia,Lower middle income,0.65,0.38,0.25,43,4934408,NA,9.7,NA,NA,NA,NA,NA,NA,2678.95,94.27,2.71,FALSE,None
"SSA, Horn",6,NA,NA,NA,NA,NA,NA,NA,NA,NA,NA,NA,NA,NA,NA,NA,NA,NA,NA,NA,NA,NA,NA,NA,89.55,NA,FALSE,None
"SSA, Nigeria",4,NA,NA,NA,NA,NA,NA,NA,NA,NA,NA,NA,NA,NA,NA,NA,NA,NA,NA,NA,NA,NA,NA,NA,106.1,NA,FALSE,None
"SSA, SACU",4,NA,NA,NA,NA,NA,NA,NA,NA,NA,NA,NA,NA,NA,NA,NA,NA,NA,NA,NA,NA,NA,NA,NA,100.73,NA,FALSE,None
"SSA, Sahel",6,NA,NA,NA,NA,NA,NA,NA,NA,NA,NA,NA,NA,NA,NA,NA,NA,NA,NA,NA,NA,NA,NA,NA,98.7,NA,FALSE,None
"SSA, Total",4,NA,NA,NA,NA,NA,NA,NA,NA,NA,NA,NA,NA,NA,NA,NA,NA,NA,NA,NA,NA,NA,NA,NA,101.88,NA,FALSE,None
St. Martin (French part),10,NA,NA,NA,NA,80.22,27515,NA,Latin America & Caribbean,High income,NA,NA,NA,NA,NA,NA,NA,NA,NA,NA,NA,NA,NA,NA,NA,NA,FALSE,None
Sub-Saharan Africa,46.5,NA,NA,NA,1544.76,62.6,1259902353,46.5,NA,NA,NA,NA,NA,NA,NA,NA,29.6,NA,NA,NA,NA,NA,NA,NA,NA,NA,FALSE,None
Sub-Saharan Africa (excluding high income),22,NA,NA,NA,1614.14,62.07,1131090888,NA,Aggregates,Aggregates,NA,NA,NA,NA,NA,NA,NA,NA,NA,NA,NA,NA,NA,NA,NA,NA,FALSE,None
Sub-Saharan Africa (IDA & IBRD countries),22,NA,NA,NA,1544.76,62.6,1259902353,NA,Aggregates,Aggregates,NA,NA,NA,NA,NA,NA,NA,NA,NA,NA,NA,NA,NA,NA,NA,NA,FALSE,None
Sudan,58.2,NA,NA,NA,797.28,66.33,50042791,NA,Sub-Saharan Africa,Low income,0.83,0.34,0.38,18,2984695,71.3,34.1,NA,NA,NA,NA,NA,NA,2513.48,98.42,10.1,FALSE,None
Sudan (former),2,NA,NA,NA,NA,NA,NA,NA,NA,NA,NA,NA,NA,NA,NA,NA,NA,NA,NA,NA,NA,NA,NA,2200.63,NA,NA,FALSE,None
"Sudan, former",4,NA,NA,NA,NA,NA,NA,NA,NA,NA,NA,NA,NA,NA,NA,NA,NA,NA,NA,NA,NA,NA,NA,NA,100.14,NA,FALSE,None
Suriname,33.3,9.7,NA,2022-2024,5494.07,73.63,628886,NA,Latin America & Caribbean,Upper middle income,0.27,0.39,0.1,NA,NA,35.3,7.1,NA,NA,NA,NA,NA,NA,2630.25,93.85,2.18,FALSE,None
Suriname (urban),8.2,NA,NA,NA,NA,NA,NA,NA,NA,NA,NA,NA,NA,NA,NA,NA,NA,NA,NA,NA,NA,NA,NA,NA,NA,20.6,FALSE,None
Sweden,12,2.5,NA,2022-2024,55567.09,83.31,10536632,0.8,Europe & Central Asia,High income,0.02,0.29,0.01,NA,NA,NA,NA,NA,NA,NA,NA,NA,NA,3347.43,102.44,0.84,FALSE,None
Switzerland,11,2.5,NA,2022-2024,100631.8,84.06,8888093,NA,Europe & Central Asia,High income,0,0.34,0,NA,NA,NA,NA,NA,NA,NA,NA,NA,NA,3432.26,118.06,0.21,FALSE,None
Syria,14.6,NA,NA,NA,NA,NA,NA,NA,NA,NA,NA,NA,NA,NA,NA,51.1,NA,NA,NA,NA,NA,NA,NA,2351.38,82.57,16.47,FALSE,None
Syrian Arab Republic,67.1,39,9.2,2022-2024,847.37,72.12,23594623,NA,Middle East & North Africa,Low income,0.93,0.27,0.48,97,18308048,NA,22.5,NA,NA,NA,NA,NA,NA,NA,NA,NA,FALSE,None
Taiwan,7,3.8,0.9,2022-2024,NA,NA,NA,NA,NA,NA,NA,NA,NA,NA,NA,NA,NA,NA,NA,NA,NA,NA,NA,3016.36,100.61,0,FALSE,None
"Taiwan, China",0,NA,NA,NA,NA,NA,NA,NA,NA,NA,0,0.32,0,NA,NA,NA,NA,NA,NA,NA,NA,NA,NA,NA,NA,NA,FALSE,None
Tajikistan,32.4,8.4,0.9,2022-2024,1178.48,71.79,10389799,7.3,Europe & Central Asia,Lower middle income,0.67,0.36,0.27,15,3913600,49.5,12.2,NA,NA,NA,NA,NA,NA,2706.01,126.2,6.13,FALSE,None
Tanzania,95.4,20.2,13.4,2022-2024,1224.49,67,66617606,NA,Sub-Saharan Africa,Lower middle income,0.94,0.4,0.63,63,17050840,67.2,NA,29.1,2.74,10.5,31.9,42.4,10.8,2386.33,80.19,51.35,TRUE,2017-2019
Thailand,31.1,4.6,3.3,2022-2024,7195.1,76.41,71702435,0,East Asia & Pacific,Upper middle income,0.19,0.33,0.04,1,1190559,32.3,11.5,12.5,6.9,6.53,4.36,4.93,NA,2876.5,108.23,0,FALSE,None
Timor Leste,0,NA,NA,NA,NA,NA,NA,NA,NA,NA,NA,NA,NA,NA,NA,54.2,NA,NA,NA,NA,NA,NA,NA,NA,NA,NA,FALSE,None
Timor-Leste,51.4,18.7,0.3,2022-2024,1502.52,67.69,1384286,NA,East Asia & Pacific,Lower middle income,0.98,0.29,0.63,22,1122481,NA,43.8,NA,NA,NA,NA,NA,NA,NA,75.92,NA,FALSE,None
Togo,57.8,9.1,0.8,2022-2024,985.7,62.74,9304337,NA,Sub-Saharan Africa,Low income,0.91,0.38,0.54,6,563397,67.9,20.8,NA,NA,NA,NA,NA,NA,2527.39,98.45,34.42,FALSE,None
Tonga,13.5,NA,NA,NA,4863.76,72.89,104597,NA,East Asia & Pacific,Upper middle income,0.41,0.27,0.11,NA,NA,44.3,1.5,2.2,1.1,0.8,8.79,11.2,NA,3016.66,NA,0.41,FALSE,None
Trinidad & Tobago,0,NA,NA,NA,NA,NA,NA,NA,NA,NA,NA,NA,NA,NA,NA,33.4,NA,NA,NA,NA,13,15,NA,NA,NA,NA,FALSE,None
Trinidad and Tobago,34.5,11.2,0.2,2022-2024,18639.26,73.49,1367510,NA,Latin America & Caribbean,High income,0.39,0.4,0.15,NA,NA,NA,6.8,NA,NA,NA,NA,NA,NA,2984.95,84.59,3.24,FALSE,None
Tunisia,34.2,3,0.4,2022-2024,3950.38,76.51,12200431,NA,Middle East & North Africa,Lower middle income,0.31,0.34,0.09,NA,NA,37,8.4,NA,NA,NA,NA,NA,NA,3539.61,94.28,0.65,FALSE,None
Turkey,13.1,2.5,NA,2022-2024,NA,NA,NA,NA,NA,NA,0.17,0.44,0.05,4,3011423,34.1,NA,NA,NA,NA,NA,NA,NA,3784.93,122.42,0.53,FALSE,None
Turkiye,12,NA,NA,NA,13105.66,77.16,85325965,NA,Europe & Central Asia,Upper middle income,NA,NA,NA,NA,NA,NA,NA,NA,NA,NA,NA,NA,NA,NA,NA,NA,FALSE,None
Türkiye,1,NA,NA,NA,NA,NA,NA,NA,NA,NA,NA,NA,NA,NA,NA,NA,5.2,NA,NA,NA,NA,NA,NA,NA,NA,NA,FALSE,None
Turkmenistan,26,4.3,0.3,2022-2024,8232.65,70.07,7364438,NA,Europe & Central Asia,Upper middle income,0.9,0.41,0.54,NA,NA,43.4,6.1,NA,NA,NA,NA,NA,NA,2521.21,112.51,35.08,FALSE,None
Turks & Caicos Islands,1.1,NA,NA,NA,NA,NA,NA,NA,NA,NA,NA,NA,NA,NA,NA,NA,NA,5.3,0.6,0.8,17.5,22.4,NA,NA,NA,NA,FALSE,None
Turks and Caicos Islands,10,NA,NA,NA,35470.22,78.01,46198,NA,Latin America & Caribbean,High income,NA,NA,NA,NA,NA,NA,NA,NA,NA,NA,NA,NA,NA,NA,NA,NA,FALSE,None
Tuvalu,19.3,NA,NA,NA,6344.78,67.11,9816,NA,East Asia & Pacific,Upper middle income,0.73,0.39,0.31,NA,NA,41.9,4.8,5.6,2.8,2.9,16.4,20.8,NA,3356.85,NA,8.99,FALSE,None
Uganda,72.2,22,10.7,2022-2024,1002.31,68.25,48656601,NA,Sub-Saharan Africa,Low income,0.96,0.43,0.67,43,4092114,72.1,21.1,NA,NA,NA,NA,NA,NA,2163.47,95.53,59.78,FALSE,None
Ukraine,25.8,6.9,2.7,2022-2024,5139.6,73.42,37732836,NA,Europe & Central Asia,Upper middle income,0.21,0.26,0.04,27,8261502,NA,10.9,NA,NA,NA,NA,NA,NA,2757.92,101.97,0.03,FALSE,None
United Arab Emirates,20,2.5,NA,2022-2024,49040.69,82.91,10483751,NA,Middle East & North Africa,High income,0.01,0.26,0,NA,NA,NA,NA,NA,NA,NA,NA,NA,NA,3061.69,131.16,0,FALSE,None
United Kingdom,14,2.5,NA,2022-2024,49200.81,81.24,68492000,NA,Europe & Central Asia,High income,0.01,0.32,0.01,NA,NA,NA,NA,NA,NA,NA,NA,NA,NA,3322.31,103.06,0.5,FALSE,None
United Republic of Tanzania,5.4,NA,NA,NA,NA,NA,NA,NA,NA,NA,NA,NA,NA,NA,NA,NA,27.2,NA,NA,NA,NA,NA,NA,NA,NA,NA,FALSE,None
United States,15,2.5,NA,2022-2024,82304.62,78.39,336806231,1.2,North America,High income,0.02,0.42,0.02,NA,NA,NA,NA,NA,NA,NA,NA,NA,NA,3874.98,100.61,1.25,FALSE,None
United States of America,0.7,NA,NA,NA,NA,NA,NA,NA,NA,NA,NA,NA,NA,NA,NA,NA,3.7,NA,NA,NA,NA,NA,NA,NA,NA,NA,FALSE,None
Upper middle income,9.9,NA,NA,NA,10631.32,76.2,2809441887,2.3,NA,NA,NA,NA,NA,NA,NA,NA,NA,NA,NA,NA,NA,NA,NA,NA,NA,NA,FALSE,None
Upper-middle-income countries,0,NA,NA,NA,NA,NA,NA,NA,NA,NA,NA,NA,NA,NA,NA,NA,NA,NA,NA,NA,NA,NA,NA,3253.77,NA,NA,FALSE,None
Uruguay,19.2,2.5,NA,2022-2024,23019.42,78.14,3388081,0.2,Latin America & Caribbean,High income,0.09,0.4,0.02,NA,NA,24.7,5.7,NA,NA,NA,NA,NA,NA,3337.97,86.6,0.17,FALSE,None
Uruguay (urban),0.6,NA,NA,NA,NA,NA,NA,NA,NA,NA,NA,NA,NA,NA,NA,NA,NA,NA,NA,NA,NA,NA,NA,NA,NA,1.52,FALSE,None
USSR,0,NA,NA,NA,NA,NA,NA,NA,NA,NA,NA,NA,NA,NA,NA,NA,NA,NA,NA,NA,NA,NA,NA,3015.04,NA,NA,FALSE,None
Uzbekistan,27.4,2.5,NA,2022-2024,2878.97,72.39,35652307,4.1,Europe & Central Asia,Lower middle income,0.29,0.35,0.1,NA,NA,42.1,6.3,NA,NA,NA,NA,NA,NA,3242.65,91.32,2.72,FALSE,None
Vanuatu,31,7.2,NA,2022-2024,3515.24,71.48,320409,NA,East Asia & Pacific,Lower middle income,0.89,0.32,0.45,NA,NA,57.4,29.5,28.9,7.9,11.8,14.2,16.6,NA,2907.51,84.07,19.5,FALSE,None
Venezuela,36.6,5.9,1.7,2022-2024,NA,NA,NA,NA,NA,NA,NA,NA,NA,51,3090384,35.5,NA,NA,NA,NA,NA,NA,NA,2325.36,98.73,9.71,TRUE,2016-2020
Venezuela (Bolivarian Republic of),2.1,NA,NA,NA,NA,NA,NA,NA,NA,NA,NA,NA,NA,NA,NA,NA,10.6,NA,NA,NA,NA,NA,NA,NA,NA,NA,FALSE,None
"Venezuela, RB",15.2,NA,NA,NA,NA,72.51,28300854,NA,Latin America & Caribbean,Not classified,0.53,0.45,0.23,NA,NA,NA,NA,NA,NA,NA,NA,NA,NA,NA,NA,NA,FALSE,None
Viet Nam,3.6,NA,NA,NA,NA,NA,NA,NA,NA,NA,NA,NA,NA,NA,NA,NA,17.9,NA,NA,NA,NA,NA,NA,NA,NA,NA,FALSE,None
Vietnam,31.4,5.3,5.3,2022-2024,4323.35,74.59,100352192,NA,East Asia & Pacific,Lower middle income,0.31,0.36,0.1,3,34719,37.1,NA,NA,NA,NA,10.9,12.4,NA,3026.15,119.59,1.6,FALSE,None
Virgin Islands (U.S.),10,NA,NA,NA,NA,80.52,104917,NA,Latin America & Caribbean,High income,NA,NA,NA,NA,NA,NA,NA,NA,NA,NA,NA,NA,NA,NA,NA,NA,FALSE,None
West Asia,4,NA,NA,NA,NA,NA,NA,NA,NA,NA,NA,NA,NA,NA,NA,NA,NA,NA,NA,NA,NA,NA,NA,NA,105.69,NA,FALSE,None
West Bank,31.2,NA,NA,NA,3455.03,65.17,5165775,2.1,Middle East & North Africa,Lower middle income,0.39,0.36,0.13,9,1311660,NA,NA,NA,NA,NA,NA,NA,NA,NA,NA,NA,FALSE,None
West Bank and Gaza,2,NA,NA,NA,NA,NA,NA,NA,NA,NA,NA,NA,NA,NA,NA,NA,NA,NA,NA,NA,NA,NA,NA,NA,127.27,NA,FALSE,None
World (excluding China),4.9,NA,NA,NA,NA,NA,NA,NA,NA,NA,NA,NA,NA,NA,NA,NA,NA,NA,NA,NA,NA,NA,NA,NA,NA,12.21,FALSE,None
World (excluding India),4.7,NA,NA,NA,NA,NA,NA,NA,NA,NA,NA,NA,NA,NA,NA,NA,NA,NA,NA,NA,NA,NA,NA,NA,NA,11.67,FALSE,None
Yemen,59.3,NA,NA,NA,NA,NA,NA,NA,NA,NA,NA,NA,NA,28,5983718,80.7,46.3,NA,NA,NA,40.7,48.2,NA,1836.55,105.58,33.3,TRUE,2016-2023
"Yemen, Rep.",21.4,NA,NA,NA,NA,69.3,39390799,NA,Middle East & North Africa,Low income,0.92,0.37,0.55,NA,NA,NA,NA,NA,NA,NA,NA,NA,NA,NA,NA,NA,FALSE,None
Yugoslavia,0,NA,NA,NA,NA,NA,NA,NA,NA,NA,NA,NA,NA,NA,NA,NA,NA,NA,NA,NA,NA,NA,NA,3414.52,NA,NA,FALSE,None
"Yugoslavia, former",4,NA,NA,NA,NA,NA,NA,NA,NA,NA,NA,NA,NA,NA,NA,NA,NA,NA,NA,NA,NA,NA,NA,NA,106.96,NA,FALSE,None
Zambia,100,37.2,7.7,2022-2024,1330.73,66.35,20723965,NA,Sub-Saharan Africa,Lower middle income,0.96,0.51,0.74,209,11970582,64.7,29.4,NA,NA,NA,NA,NA,NA,2143.64,111.92,71.66,TRUE,2019-2020
Zimbabwe,86.4,19.7,3.2,2022-2024,2156.03,62.77,16340822,NA,Sub-Saharan Africa,Lower middle income,0.89,0.5,0.59,306,7189103,67.6,21.3,NA,NA,NA,NA,NA,NA,2072.44,135,49.22,TRUE,2019-2021
