country,undernourishment,climate_vulnerability,gdp_per_capita,rural_pct,ag_land_pct,disaster_count,water_per_capita,kcal_per_capita,ln_gdp,ln_water
Afghanistan,28.1,0.587795902,413.7578947,73.067,58.43950754,6,1178.7379,2273.8936,6.025281007,7.072199569
Albania,5.4,0.38060871,8575.171346,35.397,38.12408759,4,9567.281,3408.1135,9.056626254,9.166104327
Algeria,2.5,0.367360744,5364.02795,24.732,17.35903163,5,251.26729,3424.5012,8.587470455,5.526517273
Angola,22.5,0.508756585,2309.53413,31.312,36.94794257,7,4285.8267,2431.6443,7.744801108,8.363068741
Argentina,3.4,0.381498645,14187.48273,7.537,42.43679156,5,6444.169,3354.89,9.560115357,8.77093097
Armenia,2.5,0.359560825,8125.273958,36.261,58.59336214,4,2315.4307,3162.6196,9.002734724,7.747350997
Australia,2.5,0.315876228,54972.70179,13.876,47.12377243,3,19154.842,3467.567,10.91459201,9.860310809
Austria,2.5,0.299110527,56033.57379,40.47,31.47434561,4,6141.2734,3759.5864,10.93370632,8.722787394
Azerbaijan,2.5,0.405809264,7133.02838,42.423,57.82940109,5,800.47345,3347.8157,8.872491161,6.685203365
Bangladesh,10.4,0.568568182,2482.849178,61.054,72.35154029,3,626.2717,2608.2378,7.817162042,6.439784302
Barbados,4.4,0.370508222,23804.02499,68.575,23.25581395,1,283.54013,3189.6501,10.07760996,5.647353665
Belarus,2.5,0.322992145,5039.775609,22.339,42.03548978,7,3654.8982,3461.5132,8.525116838,8.20382352
Belgium,2.5,0.333294724,54690.09427,1.811,44.37922214,8,1035.7153,3913.8599,10.90943788,6.942847578
Belize,7,0.46771295,7459.998151,53.392,7.978956598,9,38599.1,2833.099,8.917310445,10.56098424
Benin,14.3,0.570411821,1394.177847,49.9,41.8300133,5,767.8879,2703.3135,7.240060163,6.643643759
Bosnia and Herzegovina,2.5,0.345689468,8663.02323,49.731,21.73828125,5,10940.221,3398.2314,9.066819043,9.300201277
Botswana,24,0.431163349,7826.353765,27.133,45.63372329,10,999.39996,2826.39,8.965252006,6.907155059
Brazil,2.5,0.368167155,10377.58928,12.212,28.32673298,8,27014.994,3383.5542,9.247403883,10.20414732
Bulgaria,2.5,0.353332611,15883.86185,23.299,46.08502211,3,3227.1443,3035.3965,9.673058895,8.079352908
Burkina Faso,13.1,0.522186512,882.6898101,67.48,53.40200548,6,568.3047,2694.6262,6.782973848,6.342657719
Cabo Verde,13.5,0.421095794,4861.291841,32.018,19.60297767,4,580.66504,3014.697,8.489059493,6.364174067
Cambodia,5.2,0.480517971,2429.748535,74.43,34.86482948,4,7104.8564,2655.5457,7.795543047,8.868533829
Cameroon,4.8,0.486085791,1736.860911,40.685,20.93651499,5,10142.757,2868.8884,7.459834689,9.224515134
Canada,2.5,0.281436971,54220.3285,18.138,6.47137802,4,74529.555,3572.0554,10.90081118,11.21895104
Central African Republic,29.8,0.57795091,495.9788973,56.386,9.09948955,4,27581.62,2418.7656,6.20653338,10.22490489
Chad,32,0.640173478,989.058529,75.634,39.97561944,15,841.3602,2097.067,6.89675351,6.735019868
Chile,2.5,0.332513665,17067.03648,11.988,14.40102498,5,45486.473,3113.6423,9.744904191,10.72517026
China,2.5,0.381313954,12951.17824,35.43,55.43261175,12,1991.631,3453.9045,9.468942047,7.59670918
Colombia,3.9,0.404659525,7000.836605,17.646,36.48760703,8,41904.21,3120.596,8.853784936,10.64314158
Comoros,15.4,0.541243954,1682.202851,69.868,71.46695325,11,1466.6807,2423.7202,7.427859434,7.290757099
Costa Rica,2.5,0.375485627,16942.02681,17.378,33.14399922,4,22332.068,2999.108,9.737552608,10.01377895
Cote d'Ivoire,11.1,0.490057862,2554.673049,46.851,86.47581635,3,2592.4658,2736.1533,7.845679529,7.860364748
Croatia,2.5,0.380032073,21865.45628,41.425,26.55468192,6,9719.047,3421.4875,9.992663332,9.181842847
Cyprus,2.5,0.35887474,36551.41797,33.013,13.96063853,6,592.1162,2855.2139,10.50647526,6.383702899
Denmark,2.5,0.348060866,68453.87693,11.505,65.525,6,1024.4619,3579.619,11.13391547,6.931922778
Djibouti,12.9,0.500601385,3397.520158,21.448,73.50733391,4,267.559,2726.3806,8.130801079,5.589340103
Dominica,3.6,0.439784194,9912.962128,27.994,33.33333333,2,2976.1018,3278.3,9.201598486,7.998369602
Dominican Republic,3.6,0.434629849,10630.43174,15.554,55.35308089,9,2112.649,3227.89,9.271476086,7.655697889
Ecuador,12.1,0.46103782,6737.847484,35.208,21.541311,9,25019.152,2574.2866,8.815495788,10.12739689
El Salvador,6.7,0.424035884,5365.444914,24.607,57.70752896,4,2498.4885,2861.1096,8.587734581,7.823441228
Estonia,2.5,0.334474272,30133.30445,30.19,23.12192839,2,9549.699,3238.8308,10.3133863,9.164264915
Fiji,6.8,0.452260764,5888.736673,41.287,17.05528188,9,31143.95,2982.4546,8.680796767,10.34637528
Finland,2.5,0.282452526,52821.51143,14.227,7.441768654,8,19310.535,3360.3848,10.8746738,9.868406081
France,2.5,0.305648385,44690.93454,18.223,52.50439744,4,2947.991,3505.4783,10.70752595,7.9888792
Gabon,25.3,0.4363878,8071.397774,8.971,8.356564598,6,69002.6,2507.9507,8.996081952,11.14189946
Georgia,2.5,0.394724855,8283.669607,39.273,34.13296877,8,15674.336,3064.7148,9.022041338,9.659780004
Germany,2.5,0.301358153,53940.40734,22.235,47.46587299,9,1286.1183,3573.1267,10.89563515,7.159383891
Ghana,6.3,0.44962554,2383.904105,40.762,55.39301991,5,931.7726,3132.9773,7.776494803,6.837088793
Greece,2.5,0.337056005,23400.72788,19.327,41.67601784,5,5487.6396,3389.062,10.06052241,8.610253497
Guatemala,11.8,0.434347,5758.308763,46.902,43.03844718,5,6205.0215,2790.4397,8.658399093,8.733114163
Guinea,11.4,0.529396372,1555.493758,61.915,73.22924874,13,16483.701,2872.6372,7.349548304,9.710127353
Guinea-Bissau,22.1,0.613159389,964.9275542,54.534,29.89084282,6,7771.363,2291.1282,6.872053025,8.958200846
Guyana,2.5,0.433089421,20473.70022,72.838,3.410059676,5,295530.75,3202.082,9.926896425,12.59652817
Haiti,54.2,0.510000404,1705.758085,40.344,65.13062409,7,1143.5142,1991.8953,7.441764915,7.041861431
Honduras,14.8,0.445571418,3227.457625,39.788,31.95996068,10,8810.601,2646.4614,8.079449993,9.083710935
Hungary,2.5,0.353454473,22312.17903,27.136,55.69850975,8,622.9927,3530.3574,10.01288795,6.434534801
Iceland,2.5,0.321931755,79960.09615,5.958,16.24516513,3,456351.34,3604.709,11.28928299,13.03101827
India,12,0.484822516,2530.120313,63.636,60.0604065,4,1022.4834,2573.6377,7.836022135,6.929989653
Indonesia,6.3,0.4289768,4876.307745,41.428,29.12580576,3,7294.0967,2796.1113,8.492143603,8.894820629
Iraq,14.9,0.436363709,5965.318351,28.401,21.83078801,11,1452.708,2847.2524,8.693717703,7.28118468
Ireland,2.5,0.315381291,103887.8004,35.534,60.80708376,2,9587.943,3844.27,11.55106675,9.168261651
Israel,2.5,0.293027205,52003.72007,7.146,24.8012939,4,80.03073,3894.7224,10.85907053,4.382410686
Italy,2.5,0.342187165,39065.42444,28.027,44.25658393,11,3086.2542,3667.3591,10.57299307,8.034713402
Jamaica,7.7,0.421404346,6839.725024,42.622,38.50415512,5,3814.0286,2915.9214,8.830502809,8.246441285
Jordan,14.3,0.366620043,4466.083142,7.98,11.53231074,5,61.628235,2563.9648,8.404267049,4.121120126
Kazakhstan,2.5,0.319888042,12879.42753,41.821,79.36648517,7,3259.2834,3330.2756,9.463386552,8.089262634
Kenya,36.8,0.499843901,1952.304579,70.48,49.52632239,7,388.9576,2090.8738,7.576765789,5.96347034
Kuwait,2.5,0.362044609,34075.84904,0,8.417508418,9,0,3262.841,10.43634417,#NAME?
Latvia,2.5,0.360563154,22675.57863,31.329,31.67282661,6,8989.17,3259.167,10.02904379,9.103775798
Lebanon,8.7,0.398234374,3477.724898,10.568,65.9055523,6,839.43646,2796.6702,8.154133594,6.732730786
Liberia,35.5,0.539060353,799.1944702,46.433,19.96511628,2,38027.707,2075.7075,6.683604308,10.5460703
Lithuania,2.5,0.359920454,27786.00578,31.306,45.89456869,6,5504.953,3326.0994,10.23228778,8.613403511
Luxembourg,2.5,0.310316455,131407.6814,7.922,51.66062009,6,1562.3438,3452.5415,11.78605984,7.353942409
Madagascar,39.5,0.559544226,508.7184277,59.444,70.29047783,8,11350.209,1924.9441,6.231894676,9.336991437
Malawi,21.4,0.549897436,602.3436198,81.72,64.17055579,8,805.09766,2621.5164,6.400828079,6.690963587
Malaysia,2.5,0.367072401,11379.08519,21.284,26.08735352,11,16918.303,2937.749,9.339532317,9.736151333
Mali,12.3,0.575798942,1035.862426,53.811,35.46946689,7,2679.9316,2734.4417,6.942989621,7.893546551
Malta,2.5,0.318458677,40182.43139,5.059,25.909375,6,97.46213,3329.8694,10.60118515,4.579463892
Mauritania,8.7,0.578473639,2120.823184,42.301,38.52721451,4,84.479546,2914.4543,7.659559587,4.436509446
Mauritius,8.7,0.411210259,11182.18657,59.133,43.0432649,6,2172.4126,3167.9912,9.322077306,7.683593626
Mexico,2.7,0.387241881,13826.13066,18.418,50.693388,7,3204.12,3297.6484,9.534315607,8.072192761
Mongolia,2.5,0.364897175,5838.631081,30.911,68.95557296,6,10284.475,3099.3682,8.672251644,9.238390756
Morocco,7,0.368076505,3771.446289,34.879,66.74493816,5,784.75006,3339.2712,8.235213838,6.665365272
Mozambique,21.8,0.491543032,622.9856193,61.247,52.78915028,3,3163.2595,2175.5925,6.434523436,8.059358262
Myanmar,5.4,0.515496948,1233.196662,67.888,19.91409441,4,18783.562,2829.1934,7.117364989,9.840737405
Namibia,18.1,0.454471623,4187.605004,45.114,47.14256216,4,2191.7434,2297.5337,8.339884251,7.692452579
Nepal,5.3,0.490979684,1382.330558,78.097,26.11859086,5,6724.3403,3012.8118,7.231526164,8.813489103
New Zealand,2.5,0.303377602,48654.90423,13.015,36.88048308,4,63975.9,3180.148,10.79250789,11.06626173
Niger,12.9,0.636150298,638.3360807,82.946,36.78732139,5,142.84467,2724.2576,6.458864917,4.961757816
Nigeria,19.9,0.48195806,1596.636961,45.717,76.19729328,6,1011.3061,2451.6863,7.375654797,6.918997943
Norway,2.5,0.255191472,87497.32893,16.005,2.695802564,8,70631.914,3490.115,11.37936355,11.16523736
Oman,5.9,0.421309559,20972.48309,11.6,4.755185784,7,311.0818,2964.2441,9.950966528,5.7400559
Pakistan,16.5,0.514132367,1365.169274,61.96,46.69338937,4,229.66638,2364.0386,7.21903371,5.436627734
Panama,5.7,0.458947898,18686.4051,30.488,29.52232677,8,1766.0133,2701.8284,9.835551538,7.476479912
Papua New Guinea,28.7,0.550349181,2966.068304,86.277,3.102504085,7,79996.836,2209.8362,7.994992552,11.28974236
Paraguay,5.2,0.37228135,6299.990265,36.851,54.10694216,4,17504.012,3065.1274,8.748303367,9.770185391
Peru,6.9,0.408896846,7887.541859,21.078,19.05121875,8,49493.48,2853.6084,8.973039814,10.80959622
Philippines,3,0.445290563,3804.082741,51.713,42.66894724,6,4235.1543,2888.6726,8.243830175,8.351175041
Poland,2.5,0.304461058,22145.26431,39.782,47.60505436,12,1449.371,3754.5994,10.00537895,7.278884948
Portugal,2.5,0.318670681,27386.29206,32.094,43.33752194,12,3667.3054,3461.207,10.21779788,8.207212448
Romania,2.5,0.412718451,18404.27309,45.328,55.26338665,4,2216.2886,3716.5142,9.82033815,7.703589274
Rwanda,24.4,0.567553316,1027.034468,82.108,76.3328334,1,711.3302,2336.4639,6.934430771,6.567136738
Sao Tome and Principe,17.4,0.539864659,2940.933529,23.599,44.79166667,8,9821.545,2387.8955,7.986482337,9.192333721
Saudi Arabia,2.5,0.40950148,36156.84834,15.05,80.77323568,11,77.96161,3707.277,10.49562165,4.356216526
Senegal,5.1,0.536866793,1698.033873,50.421,49.40009349,10,1498.1824,2772.088,7.437226315,7.312007919
Serbia,2.5,0.422948404,12281.50585,42.887,40.38530146,10,1230.114,3840.8477,9.41584982,7.114862127
Sierra Leone,24.1,0.597606217,757.8486806,55.7,54.71044611,4,19766.26,2408.555,6.630483736,9.891731723
Slovenia,3.1,0.363377526,32610.11092,43.912,30.35585686,8,2313.095,3075.5967,10.39237767,7.746341734
Solomon Islands,20,0.632252809,2076.107688,73.963,3.901393355,7,58615.957,2138.691,7.638250116,10.97876224
South Africa,10,0.395066723,6022.542542,31.181,79.41785028,17,728.42444,3573.3667,8.703264798,6.5908839
Spain,2.5,0.305986829,33509.0128,18.448,49.57532699,5,2343.8247,3356.253,10.41956972,7.759539361
Sri Lanka,7.4,0.474109099,3798.890166,80.789,48.60814743,7,2383.1016,2678.9468,8.242464241,7.776158112
St. Vincent and the Grenadines,6.1,0.432391811,10582.36567,45.701,17.94871795,7,972.3748,3018.067,9.266944279,6.879741327
Suriname,9.7,0.403654821,5494.074094,33.589,0.445038089,7,160221.14,2630.2493,8.611425353,11.98431026
Sweden,2.5,0.316822568,55567.08901,11.262,7.321924031,7,16417.348,3347.428,10.92534638,9.70609386
Switzerland,2.5,0.251030071,100631.8028,25.798,37.7938948,4,4641.253,3432.2642,11.51922362,8.442739652
Tajikistan,8.4,0.353911015,1178.479901,71.766,27.94653794,5,6367.07,2706.0093,7.071980667,8.758894674
Thailand,4.6,0.449312233,7195.101309,46.392,43.79807786,2,3130.048,2876.504,8.8811557,8.048803619
Togo,26.4,0.522899733,985.6975126,55.51,70.2334988,6,37677.04,2167.062,6.893349525,10.53680617
Trinidad and Tobago,11.2,0.373851853,18639.25924,46.561,10.52631579,8,2807.9248,2984.954,9.833025347,7.940200984
Tunisia,3,0.3775128,3950.375342,29.456,62.4388517,7,348.1726,3539.61,8.281565877,5.852698334
Turkiye,2.5,0.374869483,13105.6585,22.537,50.13837818,7,2697.65,3452.4268,9.480799363,7.900136303
Turkmenistan,4.3,0.371705803,8232.65226,45.997,84.22156321,7,198.10934,2521.2112,9.015863509,5.2888191
Uganda,22,0.538961363,1002.309139,73.229,71.88809096,9,849.47095,2163.469,6.910061756,6.744613744
Ukraine,6.9,0.364919148,5139.598145,29.905,71.2996203,8,1243.8306,2757.9172,8.544730173,7.12595109
United Arab Emirates,2.5,0.383254152,49040.69475,12.221,5.515399887,8,15.665547,3061.6863,10.80040574,2.751463842
Uruguay,2.5,0.37367105,23019.42216,4.229,81.35413096,7,27144.033,3337.967,10.04409358,10.20891252
Uzbekistan,2.5,0.359823658,2878.968793,49.468,58.05514581,6,477.16812,3242.6484,7.965187451,6.167868882
Vanuatu,7.2,0.558145943,3515.236336,74.024,15.34044299,4,32693.842,2907.5132,8.164862038,10.39494202
Viet Nam,5.3,0.467699325,4323.35032,60.52,39.21473763,7,3632.8867,3026.1506,8.371785918,8.197782845
Zambia,16.8,0.529306252,1330.727806,53.665,32.06795894,10,1164.5918,2516.9207,7.193481294,7.060125918
Zimbabwe,19.7,0.502217314,2156.034093,67.483,41.79170635,2,776.0864,2072.4438,7.676025745,6.654263854