Country,Continent,ISO_Code,Level,GDLCODE,Region,Year,stunting,haz,wasting,underweight,underweightsev,waz,overweight,obesity,bcgage1,dtp1age1,dtp2age1,dtp3age1,measlage1,infmort,u5mort,chmort
"Argentina urban",America,ARG,Subnat,ARGr104,Cuyo,2023,7.8,-0.41,1.4,1.2,0.4,0.18,9.4,2.1,,,,,,,,
"Argentina urban",America,ARG,Subnat,ARGr101,"Gran Buenos Aires",2023,10,-0.41,2.9,3.8,1.1,0.23,14,5.4,,,,,,,,
"Argentina urban",America,ARG,Subnat,ARGr103,NEA,2023,11.9,-0.59,2.2,3.7,0.3,0,11.5,3.3,,,,,,,,
"Argentina urban",America,ARG,Subnat,ARGr102,NOA,2023,15.9,-0.67,2.2,4.2,1.9,0.19,18.8,5.3,,,,,,,,
"Argentina urban",America,ARG,Subnat,ARGr105,Pampeana,2023,15.7,-0.6,3.8,4.7,1.2,0.15,16.9,6.6,,,,,,,,
"Argentina urban",America,ARG,Subnat,ARGr106,Patagonia,2023,15.6,-0.62,1,2.1,0.8,0.4,21.3,6.3,,,,,,,,
Azerbaijan,Europe,AZE,National,AZEt,Total,2023,6.6,-0.32,3.5,3,0.6,-0.15,3.8,0.9,,,,,,12.2,13.7,
Azerbaijan,Europe,AZE,Subnat,AZEr102,Absheron,2023,5.4,-0.22,5.1,2.7,0.7,-0.18,2.6,0.5,,,,,,7.68,8.59,
Azerbaijan,Europe,AZE,Subnat,AZEr107,Aran,2023,5.2,-0.31,2,2.7,0.2,-0.09,5.3,1.8,,,,,,12.7,14.3,
Azerbaijan,Europe,AZE,Subnat,AZEr101,Baku,2023,6.8,-0.23,7.2,1.8,0.2,-0.04,3.6,0.4,,,,,,4.07,4.57,
Azerbaijan,Europe,AZE,Subnat,AZEr109,"Dakhlik Shirvan",2023,9.1,-0.52,1.3,2.8,1.3,-0.13,5.4,1.4,,,,,,,,
Azerbaijan,Europe,AZE,Subnat,AZEr103,"Ganja Gazakh",2023,9.7,-0.53,2.7,4.4,0.8,-0.33,4.2,0.3,,,,,,16.5,18.5,
Azerbaijan,Europe,AZE,Subnat,AZEr106,"Guba Khachmaz",2023,3.2,-0.23,2.6,2.7,1.7,-0.19,1.4,0.8,,,,,,26.7,30.4,
Azerbaijan,Europe,AZE,Subnat,AZEr105,Lankaran,2023,6.7,-0.4,2,4.5,0.6,-0.35,1.7,1.1,,,,,,16.6,18.9,
Azerbaijan,Europe,AZE,Subnat,AZEr110,Nakhchivan,2023,11.7,-0.56,3.6,4.3,0.5,-0.44,1.4,0.3,,,,,,11.6,13,
Azerbaijan,Europe,AZE,Subnat,AZEr104,"Shaki Zaqatala",2023,6.2,-0.22,1.4,3,0.5,-0.02,4,1.1,,,,,,13.3,14.9,
Azerbaijan,Europe,AZE,Subnat,AZEr108,"Yukhari Karabakh",2023,4,-0.18,1.1,2.7,1.1,0.1,6.8,1.7,,,,,,18.2,20.6,
Bangladesh,Asia/Pacific,BGD,National,BGDt,Total,2023,21.6,-1.11,10.9,21.1,3.77,-1.11,1.67,0.43,,,,,,32.4,36.2,5.46
Bangladesh,Asia/Pacific,BGD,Subnat,BGDr214," Bagerhat, Khulna, Satkhira",2023,18.6,-0.98,12.9,16.8,3.7,-1.09,0.2,0,,,,,,20.1,19.1,1.68
Bangladesh,Asia/Pacific,BGD,Subnat,BGDr204," Bandarban, Cox s Bazar",2023,29.7,-1.55,7.58,28.7,1.74,-1.48,1.73,0,,,,,,24.2,25.6,3.46
Bangladesh,Asia/Pacific,BGD,Subnat,BGDr202," Barguna, Bhola, Patuakhali",2023,22.7,-1.18,11.5,26.8,5.26,-1.2,1.74,0.44,,,,,,34.2,48.8,15.3
Bangladesh,Asia/Pacific,BGD,Subnat,BGDr201," Barisal, Jhalokati, Pirojpur",2023,22.6,-1.04,13,19.2,2.75,-1.08,2.63,0.48,,,,,,26.5,32.9,8.29
Bangladesh,Asia/Pacific,BGD,Subnat,BGDr219," Bogra, Gaibandha, Jaypurhat",2023,22.6,-1.32,9.84,18.9,4.41,-1.14,4.54,1.13,,,,,,34.3,39.3,6.92
Bangladesh,Asia/Pacific,BGD,Subnat,BGDr207," Brahmanbaria, Chandpur, Comilla",2023,21.2,-1.13,10.4,20.2,4.2,-1.06,2.65,1.58,,,,,,19.2,30.1,11.3
Bangladesh,Asia/Pacific,BGD,Subnat,BGDr203," Chittagong",2023,22.9,-1.23,11.1,17.4,4.11,-1.24,0.68,0,,,,,,20.9,27.8,9.14
Bangladesh,Asia/Pacific,BGD,Subnat,BGDr216," Chuadanga, Jhenaidah, Kushtia, Meherpur",2023,14.8,-0.87,5.49,13.7,2.83,-0.77,1.9,1.43,,,,,,36.7,37.5,2.76
Bangladesh,Asia/Pacific,BGD,Subnat,BGDr208," Dhaka",2023,23.9,-0.96,10.2,19.4,4.94,-1.01,1.85,1.43,,,,,,27.1,28.1,2.28
Bangladesh,Asia/Pacific,BGD,Subnat,BGDr220," Dinajpur, Nilphamari, Panchagarh, Thakurgaon",2023,17.8,-1,12,22,3.45,-1.12,1.96,0,,,,,,36.7,40.2,6.08
Bangladesh,Asia/Pacific,BGD,Subnat,BGDr212," Faridpur, Manikganj, Rajbari",2023,9.73,-0.77,10.6,9.23,2.85,-0.66,5.53,1.69,,,,,,58.7,62.3,3.24
Bangladesh,Asia/Pacific,BGD,Subnat,BGDr206," Feni, Lakshmipur, Noakhali",2023,24.7,-1.31,11.8,25.3,5.31,-1.23,1.13,0,,,,,,29.4,36.1,6.57
Bangladesh,Asia/Pacific,BGD,Subnat,BGDr209," Gazipur, Narayanganj, Narsingdi",2023,18.5,-0.7,10.4,15.7,2.48,-0.85,3.76,1.51,,,,,,39.3,35.9,1.14
Bangladesh,Asia/Pacific,BGD,Subnat,BGDr213," Gopalganj, Madaripur, Munshiganj, Shariatpur",2023,21.5,-1.33,3.09,21,3.71,-1.1,1.24,0,,,,,,26.5,24,0
Bangladesh,Asia/Pacific,BGD,Subnat,BGDr223," Habiganj, Sunamganj",2023,30.8,-1.34,11.6,28.2,7.39,-1.35,1.06,0.19,,,,,,43.5,51.1,11
Bangladesh,Asia/Pacific,BGD,Subnat,BGDr210," Jamalpur, Sherpur, Tangail",2023,20.6,-1.05,10.4,16.2,0.74,-0.96,3.54,0,,,,,,27.3,30,5.14
Bangladesh,Asia/Pacific,BGD,Subnat,BGDr215," Jessore, Magura, Narail",2023,21.3,-1.15,11.9,19.7,1.46,-1.05,0.68,0,,,,,,24.3,28.9,5.04
Bangladesh,Asia/Pacific,BGD,Subnat,BGDr205," Khagrachhari, Rangamati (Chattagram)",2023,12.2,-1.26,8.46,12.3,8.68,-1.23,0,0,,,,,,35.3,36.7,4.08
Bangladesh,Asia/Pacific,BGD,Subnat,BGDr211," Kishoreganj, Mymensingh, Netrakona",2023,21.8,-1.1,9.9,19.1,2.19,-1.12,1.28,0.34,,,,,,43.9,47.1,4.64
Bangladesh,Asia/Pacific,BGD,Subnat,BGDr221," Kurigram, Lalmonirhat, Rangpur",2023,21.6,-1.16,12,26,3.85,-1.22,2.41,0,,,,,,36.3,39.4,5.73
Bangladesh,Asia/Pacific,BGD,Subnat,BGDr222," Maulvibazar, Sylhet",2023,30.5,-1.27,11.5,29.8,4.24,-1.38,0.68,0.07,,,,,,67.6,75.7,8.34
Bangladesh,Asia/Pacific,BGD,Subnat,BGDr217," Naogaon, Nawabganj, Rajshahi",2023,19.3,-1.1,11,22.9,3.65,-1.06,1.64,0.65,,,,,,23.1,20.6,0.26
Bangladesh,Asia/Pacific,BGD,Subnat,BGDr218," Natore, Pabna, Sirajganj",2023,16,-0.99,4.95,8.31,1.35,-0.77,3.83,0.68,,,,,,22.9,26.1,6.95
Benin,Africa,BEN,National,BENt,Total,2023,39,-1.6,10.3,23.3,6.87,-1.25,4.27,1.73,,,,,,64.5,63.9,
Benin,Africa,BEN,Subnat,BENr101,"Atacora (incl Donga)",2023,44.9,-1.64,12.2,26.3,8.83,-1.23,7.4,3.6,,,,,,51.9,42.7,
Benin,Africa,BEN,Subnat,BENr102,"Atlantique (incl Littoral (Cotonou))",2023,25.4,-0.99,14.5,15.8,4.03,-1.09,2.07,0.7,,,,,,69.3,76.8,
Benin,Africa,BEN,Subnat,BENr103,"Borgou (incl Alibori)",2023,50.9,-1.99,12.3,31.3,11,-1.52,5.8,2.67,,,,,,57.9,53.4,
Benin,Africa,BEN,Subnat,BENr104,"Mono (incl Couffo)",2023,33.3,-1.48,6.77,19,4.97,-1.09,3.07,1.03,,,,,,82.8,91.3,
Benin,Africa,BEN,Subnat,BENr105,"Queme (incl Plateau)",2023,45.7,-1.9,6.63,28.1,6.27,-1.45,1.03,0.3,,,,,,63.1,57.2,
Benin,Africa,BEN,Subnat,BENr106,"Zou (incl Collines)",2023,37.1,-1.68,8.97,20.4,6.27,-1.08,6.9,2.1,,,,,,62,65.7,
"Burkina Faso",Africa,BFA,National,BFAt,Total,2023,19.8,-0.99,9.44,15.3,3.45,-0.97,1.47,0.25,96.7,95.2,93.2,89,85.3,25.7,38.3,12.4
"Burkina Faso",Africa,BFA,Subnat,BFAr101,"Boucle de Mouhoun",2023,23.5,-1.02,5.34,11.3,1.65,-0.81,2.34,0.95,96.8,86.2,83.2,80.9,89.5,22.2,35.6,13.3
"Burkina Faso",Africa,BFA,Subnat,BFAr102,Cascades,2023,18.7,-0.95,3.88,6.86,1.15,-0.74,4.79,0.07,99.9,99.6,99.4,98.3,95.7,53.7,60.8,6.92
"Burkina Faso",Africa,BFA,Subnat,BFAr103,"Centre (incl Ouagadougou)",2023,14.7,-0.76,11.5,13.2,4.71,-0.92,0.34,0.07,98.2,96.4,97.1,93.1,83.5,20,29.1,9.09
"Burkina Faso",Africa,BFA,Subnat,BFAr104,Centre-Est,2023,22.3,-1.06,8.69,15.2,2.67,-1,3.51,1.25,97.8,96.4,94,90.3,89.4,36.5,54.2,18.3
"Burkina Faso",Africa,BFA,Subnat,BFAr105,Centre-Nord,2023,25.5,-1.29,3.13,12.2,4.22,-0.97,1.3,0.14,96.1,92.3,87.3,83.3,77.2,24.1,48.3,24.6
"Burkina Faso",Africa,BFA,Subnat,BFAr106,Centre-Ouest,2023,19.5,-0.99,8.98,15.4,3.66,-1.03,0.39,0.01,96.7,98.2,97.7,94.4,89.9,14.7,24.1,8.91
"Burkina Faso",Africa,BFA,Subnat,BFAr107,Centre-Sud,2023,16.3,-1.02,5.42,14.7,1.86,-1,0.21,0.01,98.9,98.4,98.4,97.5,90.2,27.9,38.6,10.7
"Burkina Faso",Africa,BFA,Subnat,BFAr108,Est,2023,27.6,-1.27,28.8,37.2,9.51,-1.57,2.39,1.1,93.6,95.2,91.7,86.2,76.4,17.2,35.8,17.9
"Burkina Faso",Africa,BFA,Subnat,BFAr109,"Hauts Bassins",2023,11.7,-0.65,6.88,10.6,1.67,-0.7,0.83,0.01,97,94.1,89.3,85.1,80.8,32.5,46.7,14.4
"Burkina Faso",Africa,BFA,Subnat,BFAr110,Nord,2023,20.6,-0.91,8.65,16.7,2.89,-0.87,2.24,1,96.8,95.6,94.1,86.9,81.6,16,18.6,5.04
"Burkina Faso",Africa,BFA,Subnat,BFAr111,"Plateau Central",2023,18.7,-1.05,7.85,12.7,2.62,-1,0.98,0.07,97.8,98,97.1,95.9,92.1,24.6,30.7,5.89
"Burkina Faso",Africa,BFA,Subnat,BFAr112,Sahel,2023,33.7,-1.34,14.2,28.3,4.33,-1.42,0.01,0.01,77.5,92.5,93.3,72.5,84.8,47.2,69.6,22.2
"Burkina Faso",Africa,BFA,Subnat,BFAr113,Sud-Ouest,2023,16.7,-1.12,5.42,11.8,2.95,-0.95,1.1,0.11,97.3,96.7,94.7,91.5,81.6,64.6,97.1,34.3
Cambodia,Asia/Pacific,KHM,National,KHMt,Total,2023,18.4,-0.91,9.77,13.9,2.17,-0.82,5.1,1.26,93.9,92.7,89.6,85.1,85.3,8.37,11,2.65
Cambodia,Asia/Pacific,KHM,Subnat,KHMr101,"Banteay Mean Chey",2023,12.5,-0.74,7.29,14.9,0.84,-0.85,5.7,1.8,97.9,91.2,91.5,88.6,88.8,3.9,13.4,9.57
Cambodia,Asia/Pacific,KHM,Subnat,KHMr113,"Bat Dambang-Krong Pailin",2023,15.2,-1.06,10.7,13.7,1.81,-0.93,3.33,0.77,98.6,98.7,97,93.9,87,25.9,25.1,0.48
Cambodia,Asia/Pacific,KHM,Subnat,KHMr102,"Kampong Cham (incl Tboung Khmum)",2023,18.3,-0.81,12.1,15.7,3.61,-0.92,2.54,0.4,99.2,98.1,96.5,95.4,92.1,11,17.2,6.19
Cambodia,Asia/Pacific,KHM,Subnat,KHMr103,"Kampong Chhnang",2023,12.6,-0.61,36.1,32.3,12.8,-1.41,0.36,0.9,98.7,99.2,97.8,93.5,82.7,24.6,31.1,6.64
Cambodia,Asia/Pacific,KHM,Subnat,KHMr104,"Kampong Spueu",2023,19.4,-0.96,9.89,14.4,3.67,-0.7,11.3,4.07,95.3,93.3,85.9,87.6,86.8,12,16.5,4.53
Cambodia,Asia/Pacific,KHM,Subnat,KHMr105,"Kampong Thum",2023,25.1,-1.21,7.61,12.7,1.99,-0.89,1.46,0.01,88.7,83.7,78.1,75.2,77.3,3.31,3.31,0.01
Cambodia,Asia/Pacific,KHM,Subnat,KHMr114,"Kampot-Krong Kaeb-Krong Preah Sihanouk",2023,27.4,-1.16,8.44,14.1,1.54,-0.79,5.14,1.09,91.5,75.3,75.5,72.6,85.9,10.4,24.6,14.4
Cambodia,Asia/Pacific,KHM,Subnat,KHMr106,Kandal,2023,11.7,-0.64,9.81,11.7,2.49,-0.67,2.93,0.91,98.3,93.7,94.5,89.1,97.1,4.72,4.13,0.58
Cambodia,Asia/Pacific,KHM,Subnat,KHMr107,"Kaoh Kong",2023,18,-0.89,11.6,13.8,1.67,-0.6,12.9,6.09,84,78.9,66.9,54.6,61.9,5.78,6.02,0.49
Cambodia,Asia/Pacific,KHM,Subnat,KHMr116,"Mondol Kiri-Rotanak Kiri",2023,34.5,-1.38,15.6,25.2,8.7,-1.21,10.1,4.31,68.5,54.2,53.4,44.6,60.5,27,31.4,4.4
Cambodia,Asia/Pacific,KHM,Subnat,KHMr108,"Phnom Penh",2023,13.6,-0.69,5.76,8.74,0.14,-0.46,8.11,0.14,93.6,92,86.5,78.2,85.5,1.8,1.73,0.01
Cambodia,Asia/Pacific,KHM,Subnat,KHMr110,Pousat,2023,31.7,-1.23,8.69,13.8,0.47,-0.82,5.8,0.6,79.9,86.3,76.5,70.6,65.2,12,13.6,1.64
Cambodia,Asia/Pacific,KHM,Subnat,KHMr115,"Preah Vihear-Stueng Traeng-Kracheh",2023,20.8,-1.24,4.1,14.3,0.51,-0.97,3.89,2.13,93.5,93.8,91.1,84,73.2,6.82,7.59,1.05
Cambodia,Asia/Pacific,KHM,Subnat,KHMr109,"Prey Veaeng",2023,18.5,-0.98,4.54,6.86,0.14,-0.68,5.21,3.04,97,99.5,98.4,97.5,83.6,4.17,11.7,14.1
Cambodia,Asia/Pacific,KHM,Subnat,KHMr117,"Siem Reab-Otdar Mean Chey",2023,22,-0.92,12.8,21.8,2.67,-1.17,1.74,0.14,82.3,95.5,96,91.1,93.8,3.86,4.32,0.47
Cambodia,Asia/Pacific,KHM,Subnat,KHMr111,"Svay Rieng",2023,13.8,-0.78,13.3,12.4,2.09,-0.82,5.06,2.14,99.9,98.9,88.5,82,82.1,22.2,26.3,4.1
Cambodia,Asia/Pacific,KHM,Subnat,KHMr112,Takaev,2023,23.2,-1.08,4.4,9.56,1.3,-0.63,9.5,2.9,99.9,91.7,85.1,79.4,77,5.01,8.74,3.75
Comoros,Africa,COM,National,COMt,Total,2023,17,-0.92,4.25,8.42,1.4,-0.62,3.77,1.12,,,,,,27.9,33.7,
Comoros,Africa,COM,Subnat,COMr103,"Anjouan (Ndzouani)",2023,21,-1.06,4.73,10.5,1.44,-0.69,5.37,2.22,,,,,,34.8,43.1,
Comoros,Africa,COM,Subnat,COMr101,"Grande Comore (Ngazidja)",2023,13.3,-0.82,3.84,6.22,1.18,-0.56,2.2,0.47,,,,,,21.2,25,
Comoros,Africa,COM,Subnat,COMr102,Moheli,2023,16.6,-0.81,4.37,9.61,1.99,-0.6,3.57,1.53,,,,,,20.3,23.9,
"Cote d'Ivoire",Africa,CIV,National,CIVt,Total,2023,21.8,-0.98,8.54,12.9,3.53,-0.75,4.09,0.94,87.8,69.3,62,54.6,60.6,48.1,69.7,22.5
"Cote d'Ivoire",Africa,CIV,Subnat,CIVr201," Centre",2023,13.9,-0.56,6.27,8.09,1.96,-0.33,7.49,2.79,85.6,55.7,51.4,42.1,42.2,43,54.6,12
"Cote d'Ivoire",Africa,CIV,Subnat,CIVr202," Centre Est",2023,13.5,-0.78,2.14,8.37,0.7,-0.55,0.94,0.11,95.6,89,86.7,82.6,76.5,30.9,49.9,19.5
"Cote d'Ivoire",Africa,CIV,Subnat,CIVr203," Centre Nord",2023,19.2,-0.95,10.1,13.6,2.62,-0.89,1.32,0.79,97,77.1,69.6,64.1,65.9,53.4,63.4,10.4
"Cote d'Ivoire",Africa,CIV,Subnat,CIVr204," Centre Ouest",2023,12.1,-0.74,5.18,7.69,1.96,-0.57,5.41,0.01,95.1,72.1,66.3,63.6,58.4,24,29,4.56
"Cote d'Ivoire",Africa,CIV,Subnat,CIVr205," Nord",2023,26.6,-1.06,5.81,13.4,3.77,-0.73,2.41,0.68,74.8,78.5,66.3,49.6,66.5,98.1,144,51.1
"Cote d'Ivoire",Africa,CIV,Subnat,CIVr206," Nord Est",2023,23.9,-0.98,19.8,24.8,7.9,-1.19,0.35,0.01,89.4,70.5,61.7,58.6,63.4,28.4,58,30.2
"Cote d'Ivoire",Africa,CIV,Subnat,CIVr207," Nord Ouest",2023,20.7,-0.98,4.95,6.17,1.25,-0.59,3.68,0.28,88.1,81.8,79,74.8,73.6,52.7,79.9,28.7
"Cote d'Ivoire",Africa,CIV,Subnat,CIVr208," Ouest",2023,17.2,-0.93,7.85,9.09,1.9,-0.71,1.33,0.47,88.7,70.2,58.6,45.1,49.8,37.1,47.6,10.5
"Cote d'Ivoire",Africa,CIV,Subnat,CIVr211," Savanes",2023,27.1,-1.24,10.3,18.8,7.55,-1.13,2.99,0.83,81.7,81.6,65,57.6,74.1,61.1,87.7,28.2
"Cote d'Ivoire",Africa,CIV,Subnat,CIVr210," Sud Ouest",2023,29.1,-1.14,7.36,11.9,3.37,-0.68,8.41,1.14,84.7,51.3,42.7,37.3,58.2,55.3,83.3,29.6
"Cote d'Ivoire",Africa,CIV,Subnat,CIVr209," Sud, Abidjan",2023,26.2,-1.31,4.24,11.2,2.92,-0.73,4.71,0.19,93.2,83.8,76.8,63.5,71,63.5,98,36.6
"Cote d'Ivoire",Africa,CIV,Subnat,CIVr212," Vallee du Bandama",2023,18.9,-0.72,16.8,17,4.62,-0.83,2.47,1.38,90.9,89.3,80.8,70.4,77.3,45,61.2,16.7
"Cote d'Ivoire",Africa,CIV,Subnat,CIVr213," Woroba",2023,26.8,-1.19,6.61,15.2,2.57,-0.8,2.66,0.07,69.7,51.2,42.7,42.4,60,71.8,113,43.9
"Cote d'Ivoire",Africa,CIV,Subnat,CIVr214," Zanzan",2023,29.2,-1.4,5.62,14.6,5.25,-1.05,1.49,0.22,88,74.6,73.9,69.4,66.5,19.5,41.5,21.4
"Cote d'Ivoire",Africa,CIV,Subnat,CIVr101,Abidjan,2023,18.8,-0.93,4.3,6.48,1.2,-0.58,3.1,0.14,89.1,82.9,80.4,76.3,74.5,47.7,73.7,27.3
"Cote d'Ivoire",Africa,CIV,Subnat,CIVr103,"Bas Sassandra",2023,19.5,-0.73,16.6,16.7,4.42,-0.82,2.7,1.42,92.2,90.8,82.3,71.8,77.9,46.8,61.7,15.4
"Cote d'Ivoire",Africa,CIV,Subnat,CIVr104,Comoe,2023,28.8,-1.13,7.38,11.8,3.41,-0.68,8.44,1.13,84.4,51.2,42.6,37.2,57.7,55.4,83.3,29.4
"Cote d'Ivoire",Africa,CIV,Subnat,CIVr105,Denguele,2023,27.1,-1.24,10.3,18.8,7.55,-1.13,2.99,0.83,81.7,81.6,65,57.6,74.1,61.1,87.7,28.2
"Cote d'Ivoire",Africa,CIV,Subnat,CIVr106,Goh-Djiboua,2023,29.2,-1.4,5.62,14.6,5.25,-1.05,1.49,0.22,88,74.6,73.9,69.4,66.5,19.5,41.5,21.4
"Cote d'Ivoire",Africa,CIV,Subnat,CIVr107,Lacs,2023,26.8,-1.16,6.42,14.9,2.96,-0.8,2.42,0.22,71.1,58.8,49.4,44.3,61.8,78.7,122,46.4
"Cote d'Ivoire",Africa,CIV,Subnat,CIVr108,Lagunes,2023,26.2,-1.31,4.24,11.2,2.92,-0.73,4.71,0.19,93.2,83.8,76.8,63.5,71,63.5,98,36.6
"Cote d'Ivoire",Africa,CIV,Subnat,CIVr109,Montagnes,2023,17.2,-0.75,9.94,12.5,3.39,-0.63,4.45,1.58,86.9,60.9,54.5,45.9,47.8,38.3,54.2,16.3
"Cote d'Ivoire",Africa,CIV,Subnat,CIVr110,Sassandra-Marahoue,2023,19.2,-0.95,10.1,13.6,2.62,-0.89,1.32,0.79,97,77.1,69.6,64.1,65.9,53.4,63.4,10.4
"Cote d'Ivoire",Africa,CIV,Subnat,CIVr102,Yamoussoukro,2023,12.9,-0.76,5.15,8.22,2.12,-0.58,5.22,0.01,95.1,72.1,66.3,61.6,57.5,23.3,26.2,3.31
Cuba,America,CUB,National,CUBt,Total,2023,7.1,-0.21,2,2.3,0.2,0.2,10.2,2.2,,,,,,,,
Cuba,America,CUB,Subnat,CUBr103,"C. Habana",2023,9.2,-0.17,3.2,6,0.4,0.28,13.1,2.9,,,,,,,,
Cuba,America,CUB,Subnat,CUBr109,Camaguey,2023,13.3,-0.46,1.7,1.1,0,0.06,8.9,1,,,,,,,,
Cuba,America,CUB,Subnat,CUBr108,"Ciego de Avila",2023,10.1,-0.47,0.2,2.2,0.2,0.22,10.7,0.2,,,,,,,,
Cuba,America,CUB,Subnat,CUBr106,Cienfuegos,2023,5,-0.13,1.1,1.1,0,0.42,14.5,4.9,,,,,,1.22,1.56,
Cuba,America,CUB,Subnat,CUBr112,Granma,2023,2.4,-0.09,1.2,0.6,0,0.14,9,1.7,,,,,,,,
Cuba,America,CUB,Subnat,CUBr114,Guantanamo,2023,3.1,0,2.5,1.5,0,0.32,8,3.2,,,,,,,,
Cuba,America,CUB,Subnat,CUBr111,Holguin,2023,2.8,-0.35,0.9,1.4,0.1,-0.03,7.5,2.1,,,,,,,,
Cuba,America,CUB,Subnat,CUBr115,Isla,2023,4.1,0.25,9.3,2.6,0,0.13,4.9,1.5,,,,,,,,
Cuba,America,CUB,Subnat,CUBr110,"Las Tunas",2023,3.3,-0.24,1,2.1,0.2,0.08,6.8,1.4,,,,,,,,
Cuba,America,CUB,Subnat,CUBr104,Matanzas,2023,5.9,0.17,2.3,1.4,0.5,0.38,9.5,1.8,,,,,,,,
Cuba,America,CUB,Subnat,CUBr101,"Pinar del Rio",2023,18.8,-0.63,2.8,1.6,0,0.09,19,2.6,,,,,,11,13.8,
Cuba,America,CUB,Subnat,CUBr102,"Prov. Habana",2023,7.7,-0.02,4.4,3.5,0,0.23,10.2,2.9,,,,,,,,
Cuba,America,CUB,Subnat,CUBr107,S.Spiritus,2023,5.3,-0.23,0.8,1,0.4,0.42,13.5,2.8,,,,,,,,
Cuba,America,CUB,Subnat,CUBr113,"Santiago de Cuba",2023,4.4,-0.2,0.8,1.4,0.1,0.24,7.5,2.4,,,,,,,,
Cuba,America,CUB,Subnat,CUBr105,"Villa Clara",2023,6.7,-0.24,2.4,3.2,0,0.13,9.2,1.4,,,,,,,,
Eswatini,Africa,SWZ,National,SWZt,Total,2023,,,,,,,,,,,,,,35.1,40.4,
Eswatini,Africa,SWZ,Subnat,SWZr101,Hhohho,2023,,,,,,,,,,,,,,22.2,25.6,
Eswatini,Africa,SWZ,Subnat,SWZr104,Lubombo,2023,,,,,,,,,,,,,,24.4,27.6,
Eswatini,Africa,SWZ,Subnat,SWZr102,Manzini,2023,,,,,,,,,,,,,,50.2,62.4,
Eswatini,Africa,SWZ,Subnat,SWZr103,Shiselweni,2023,,,,,,,,,,,,,,37.2,42.9,
Fiji,Asia/Pacific,FJI,National,FJIt,Total,2023,7.2,-0.05,4.5,4.6,1.2,0.08,7.8,3.1,,,,,,11.7,15.1,
Fiji,Asia/Pacific,FJI,Subnat,FJIr108,Ba,2023,6.3,0.04,5,4.9,0.9,0.15,8.1,3.2,,,,,,9.04,11.7,
Fiji,Asia/Pacific,FJI,Subnat,FJIr106,"Cakaudrove, Bua",2023,17,-0.4,3.1,6.6,1.8,-0.08,9.1,5.3,,,,,,12.3,15.8,
Fiji,Asia/Pacific,FJI,Subnat,FJIr105,"Kadavu, Lau, Lomaiviti, Rotuma",2023,7.5,-0.06,1.1,3.5,0.7,0.22,6.1,2,,,,,,1.25,1.59,
Fiji,Asia/Pacific,FJI,Subnat,FJIr107,Macuata,2023,6.1,-0.13,5.8,1.6,0.6,-0.07,7,1.4,,,,,,16.3,22.2,
Fiji,Asia/Pacific,FJI,Subnat,FJIr109,"Nadroga or Navosa",2023,2.8,0.23,3,4.8,0,0.15,3,1.4,,,,,,23.3,30.7,
Fiji,Asia/Pacific,FJI,Subnat,FJIr101,Naitasiri,2023,4.9,0.08,4.5,3.8,0.9,0.06,6.8,2.1,,,,,,15.2,19.2,
Fiji,Asia/Pacific,FJI,Subnat,FJIr110,Ra,2023,1.7,-0.14,4.3,3.6,2,0.02,3.6,0,,,,,,19.8,26.3,
Fiji,Asia/Pacific,FJI,Subnat,FJIr102,Rewa,2023,12.5,-0.28,6.4,7.6,3.3,-0.04,10.7,6.4,,,,,,2.95,4.03,
Fiji,Asia/Pacific,FJI,Subnat,FJIr103,"Serua, Namosi",2023,3.7,0.07,3.3,5.7,1.9,0.16,7.3,0,,,,,,23.3,35.2,
Fiji,Asia/Pacific,FJI,Subnat,FJIr104,Tailevu,2023,5.5,-0.1,3.6,2.4,0,0.26,9.9,3.2,,,,,,6.51,8.36,
Gabon,Africa,GAB,National,GABt,Total,2023,13.3,-0.57,3.43,5.22,1.09,-0.3,5.01,1.3,88.9,93.3,84.8,78.7,63.5,24.4,33.7,9.51
Gabon,Africa,GAB,Subnat,GABr101,Estuaire,2023,8.91,-0.45,3.88,5.17,0.19,-0.15,6.84,1.62,77.1,81.8,79.5,72.8,46.3,29.5,35.5,6.16
Gabon,Africa,GAB,Subnat,GABr102,"Haut Ogooue",2023,22.3,-0.79,0.44,6.74,2.78,-0.46,4.94,1.21,90.5,95.1,87.2,81.9,57,19.7,37.4,18.1
Gabon,Africa,GAB,Subnat,GABr110,"Libreville-Port Gentil",2023,9.33,-0.4,4.01,3.96,0.86,-0.23,4.67,1.03,90.9,93.9,83.6,78.5,70.2,21.3,25.4,4.13
Gabon,Africa,GAB,Subnat,GABr103,"Moyen Ogooue",2023,16.6,-0.64,3.57,8.32,0.41,-0.39,3.84,0.46,95.6,97.4,93.9,88.6,72.1,23.3,32,8.94
Gabon,Africa,GAB,Subnat,GABr104,Ngounie,2023,25.1,-0.99,4.37,11.8,2.36,-0.62,3.34,0.67,88.7,92.4,90.6,84.4,60.4,21.8,41.1,19.6
Gabon,Africa,GAB,Subnat,GABr105,Nyanga,2023,23.4,-1.08,4.03,9.56,1.9,-0.72,1.29,0.69,94.2,96.6,93.8,86.2,74.2,26.2,43.1,17.4
Gabon,Africa,GAB,Subnat,GABr106,"Ogooue Ivindo",2023,40.5,-1.72,1.46,10.9,2.28,-0.63,11.7,3.44,76.9,76.4,68.3,59.2,37.5,27.5,73.2,47.1
Gabon,Africa,GAB,Subnat,GABr107,"Ogooue Lolo",2023,28.2,-1.28,3.39,12,2.41,-0.82,2.23,0.96,89.6,95.8,93.8,86.6,49.2,26.6,51.1,25.2
Gabon,Africa,GAB,Subnat,GABr108,"Ogooue Maritime",2023,12.3,-0.6,4.16,8.3,1.3,-0.38,2.01,0.66,89.5,93.6,88.2,81.4,61.7,21.4,20.1,1.11
Gabon,Africa,GAB,Subnat,GABr109,"Woleu Ntem",2023,15,-0.78,2.14,3.18,0.81,-0.21,5.69,1.91,93.2,95,91.9,81.2,60,45.4,62.2,17.6
Gambia,Africa,GMB,National,GMBt,Total,2023,14.2,-1,3.7,8.05,1.7,-0.74,2.1,0.01,99.2,98.8,96.5,95.6,91.6,47.2,54,12.5
Gambia,Africa,GMB,Subnat,GMBr101,Banjul,2023,0.01,-0.59,0.01,3,0.01,-0.38,1.35,0.01,99.9,99.9,92.9,94,86.5,61.8,65.3,7.89
Gambia,Africa,GMB,Subnat,GMBr108,Basse,2023,22.1,-1.13,1.2,10.3,0.9,-0.77,0.01,0.25,95.6,94.6,94.2,89.9,88.8,27.8,40.2,7.64
Gambia,Africa,GMB,Subnat,GMBr103,Brikama,2023,15.2,-0.95,2.95,6.95,3.55,-0.7,3.7,0.01,99.9,99.9,97.1,98.2,91.9,43.6,47.9,12
Gambia,Africa,GMB,Subnat,GMBr107,Janjabureh,2023,10.1,-1.15,2.45,9.4,1.55,-0.8,1.35,0.01,96.9,98.9,98.4,94.6,96.7,37.6,47.4,22.7
Gambia,Africa,GMB,Subnat,GMBr102,Kanifing,2023,9.35,-0.84,6.55,5.8,0.35,-0.62,1.85,0.01,99.9,97.2,91.6,87.9,86.3,63.8,70.2,7.77
Gambia,Africa,GMB,Subnat,GMBr105,Kerewan,2023,13.8,-1.17,10.6,19.1,1.75,-1.04,0.01,0.01,99.9,99.9,99.9,99.9,95.9,61.5,67.8,11.7
Gambia,Africa,GMB,Subnat,GMBr106,Kuntaur,2023,19.4,-1.34,0.01,2.9,0.01,-0.69,2.45,0.01,96.6,97.6,97.3,97.4,94.4,47,54.8,23.6
Gambia,Africa,GMB,Subnat,GMBr104,Mansakonko,2023,12.4,-0.97,5,6.3,0.01,-0.8,2.35,0.3,99.5,99.8,97.7,97.8,99.1,59.9,81.2,27.1
Ghana,Africa,GHA,National,GHAt,Total,2023,16.9,-0.93,5.78,11.6,2.4,-0.78,2.35,0.43,95.2,97.3,94.7,89.3,86.8,26.8,39.1,12.7
Ghana,Africa,GHA,Subnat,GHAr106,Ashanti,2023,16.7,-0.74,8.18,9.73,4.45,-0.7,2.8,0.55,97.1,99.4,98.2,92.7,91.5,31,38.9,10.5
Ghana,Africa,GHA,Subnat,GHAr107,"Brong Ahafo",2023,16,-0.92,3.75,10.6,1.45,-0.7,3.03,0.18,95.8,97.8,94.8,91.1,90.1,27.6,39.3,10.9
Ghana,Africa,GHA,Subnat,GHAr102,Central,2023,15,-0.92,7.83,11.2,2.28,-0.82,3.15,0.55,99.4,100,98.2,95,85.3,32.3,43.2,11.4
Ghana,Africa,GHA,Subnat,GHAr105,Eastern,2023,10.7,-0.71,3.95,10.9,1.5,-0.6,2.08,0.48,90,96.8,96.9,84.7,80.8,22.8,38.6,15.1
Ghana,Africa,GHA,Subnat,GHAr103,"Greater Accra",2023,10.9,-0.66,4.23,8.6,0.67,-0.53,2.23,1.48,98.9,99,98.5,95.6,94.4,13.3,15.5,2.72
Ghana,Africa,GHA,Subnat,GHAr108,Northern,2023,26.6,-1.35,6.63,17.4,3.15,-1.08,1.58,0,89,91.1,86.3,80.3,77.2,21.1,43.3,19.5
Ghana,Africa,GHA,Subnat,GHAr110,"Upper East",2023,22.5,-1.18,1.4,11.6,3,-0.87,2.93,0,94,98.8,90.8,84.2,92.2,35.4,47.2,11.6
Ghana,Africa,GHA,Subnat,GHAr109,"Upper West",2023,17.1,-1,6.25,11.1,4.5,-0.77,0.93,0,95.3,97.3,95,92.4,84.6,18.5,32.9,15.8
Ghana,Africa,GHA,Subnat,GHAr104,Volta,2023,16.7,-1.08,7.1,14.6,1.85,-0.9,1.8,0.8,97.4,99.4,96.2,89.5,89.9,42.3,61.1,18.3
Ghana,Africa,GHA,Subnat,GHAr101,Western,2023,11,-0.82,3.88,7.53,0.67,-0.67,2.1,0,94.3,95.5,93.3,87,82.1,31.1,43.5,12.7
Jordan,Asia/Pacific,JOR,National,JORt,Total,2023,16.3,-0.83,9.4,14.4,2.6,-0.89,1.6,0.3,91.7,89.6,89.8,84.8,77.2,31.1,40.9,10.2
Jordan,Asia/Pacific,JOR,Subnat,JORr101,Amman,2023,12.6,-0.66,7.9,9.9,1.7,-0.71,2.9,0.6,94.3,90.6,92.1,85,81.6,29.4,36.1,6.85
Jordan,Asia/Pacific,JOR,Subnat,JORr102,Balqa,2023,17.9,-0.84,12.5,16.5,3.3,-0.97,1,0.1,85.6,84.6,84.4,80.3,70.4,20.3,30.3,10.3
Jordan,Asia/Pacific,JOR,Subnat,JORr105,Irbid,2023,23.5,-1.02,6.2,16.7,3.8,-0.88,0.4,0.2,79.8,80.9,77.6,78.7,66.3,55.9,70,14.9
Jordan,Asia/Pacific,JOR,Subnat,JORr104,Madaba,2023,27.2,-1.27,13,26.9,4.7,-1.32,0.7,0,93.1,93.8,91.2,86.6,79.8,41.8,58.4,17.3
Jordan,Asia/Pacific,JOR,Subnat,JORr103,Zarqa,2023,15.4,-0.87,8.6,14.5,2.6,-0.96,0.6,0,93.2,91.2,91.2,88.2,75.5,32.8,44.1,11.7
Kenya,Africa,KEN,National,KENt,Total,2023,16.3,-0.84,4.55,9.56,1.61,-0.55,3.45,0.55,96.9,97,93.5,90,88,34.3,41.8,7.75
Kenya,Africa,KEN,Subnat,KENr102,Central,2023,12.9,-0.75,2.44,5.11,1.23,-0.3,3.39,0.46,98.3,98.3,97.7,93.7,92.6,40.1,44.9,5
Kenya,Africa,KEN,Subnat,KENr103,Coast,2023,22.9,-1.09,5.85,13.8,2.16,-0.81,3.59,0.76,98.2,97.8,96.2,90.9,91.6,32.9,38.6,5.86
Kenya,Africa,KEN,Subnat,KENr104,Eastern,2023,19.2,-0.96,5.29,10.6,1.69,-0.69,3.4,0.91,95.3,96.2,92,90.5,90.3,27.3,32.5,5.39
Kenya,Africa,KEN,Subnat,KENr101,Nairobi,2023,11.2,-0.57,2.71,5.4,0.39,-0.2,6.16,0.68,96.7,96.6,93.4,88.2,87.8,37.9,40.3,2.75
Kenya,Africa,KEN,Subnat,KENr108,"North Eastern",2023,13.2,-0.52,17.3,18.1,3.39,-0.98,0.34,0.14,69.6,68.3,52.6,44.2,47.3,33.3,38.1,4.92
Kenya,Africa,KEN,Subnat,KENr105,Nyanza,2023,12.9,-0.76,2.21,5.23,0.94,-0.34,4.03,0.56,99.2,99.3,93.7,92.1,92.6,39.3,52.4,13.7
Kenya,Africa,KEN,Subnat,KENr106,"Rift Valley",2023,18.5,-0.94,5.58,12.2,2.14,-0.71,2.29,0.2,97.8,97.8,94.3,90.5,84.8,32.7,39.5,7.07
Kenya,Africa,KEN,Subnat,KENr107,Western,2023,14.2,-0.73,1.86,7.73,0.71,-0.36,4.36,0.73,99.8,99.6,99.4,97.8,94.9,32.7,49.2,17
Kosovo,Europe,XKO,National,KSVt,Total,2023,4,0,2.2,1.7,0.2,0.15,5.8,1,,,,,,12.5,16.9,
Kosovo,Europe,XKO,Subnat,KSVr107,Ferizaj,2023,2.8,0.15,1.5,1.3,0,0.13,4.1,1.8,,,,,,14.2,18.4,
Kosovo,Europe,XKO,Subnat,KSVr101,Gjakova,2023,6,-0.09,2.5,2.8,0,0.03,2.8,0,,,,,,,,
Kosovo,Europe,XKO,Subnat,KSVr102,Gjilan,2023,2.7,-0.01,1.7,0,0,0.21,6.4,0.6,,,,,,39.4,53.1,
Kosovo,Europe,XKO,Subnat,KSVr103,Mitrovica,2023,2,0.05,0,0,0,0.28,5.7,0.6,,,,,,16.8,22.8,
Kosovo,Europe,XKO,Subnat,KSVr104,Peja,2023,4.1,-0.05,2.8,3.4,0,-0.02,5.9,1.7,,,,,,10.4,17.2,
Kosovo,Europe,XKO,Subnat,KSVr106,Pristina,2023,3.8,-0.01,2.4,1.8,0.6,0.18,6.2,0.8,,,,,,14.2,18.9,
Kosovo,Europe,XKO,Subnat,KSVr105,Prizren,2023,6.7,-0.01,3.8,2.3,0,0.16,8.3,1.4,,,,,,2.22,4.18,
Lesotho,Africa,LSO,National,LSOt,Total,2023,33.1,-1.52,2.02,10.7,1.7,-0.66,8.6,1.15,99,99,95.5,86.6,87.8,46,61.8,15.3
Lesotho,Africa,LSO,Subnat,LSOr103,Berea,2023,31.3,-1.49,1.27,11.9,1.4,-0.68,8.58,0.97,98.9,96.9,97.2,88.8,83.4,47.5,58.2,11.7
Lesotho,Africa,LSO,Subnat,LSOr101,Butha-Buthe,2023,32.2,-1.52,1.97,12,3.83,-0.64,8.88,3.03,98.5,98.5,95.7,89.3,79.9,51.2,56.4,5
Lesotho,Africa,LSO,Subnat,LSOr102,Leribe,2023,26.3,-1.37,2.03,8.58,1.53,-0.56,7.98,0.77,99.9,100,89.2,81.4,85.7,56.1,71.5,14
Lesotho,Africa,LSO,Subnat,LSOr105,Mafeteng,2023,34.7,-1.6,1.77,10.4,0.33,-0.78,5.28,0.18,99.8,99.8,97.6,91.5,88.5,46.1,53.3,4.67
Lesotho,Africa,LSO,Subnat,LSOr104,Maseru,2023,28.9,-1.44,2.17,9.03,0.8,-0.51,11.4,1.37,99.7,100,95.6,86.6,95.3,38.1,58.2,20.6
Lesotho,Africa,LSO,Subnat,LSOr106,"Mohale s Hoek",2023,44.5,-1.71,2.48,11.3,2.27,-0.79,6.58,0.57,96.4,98.6,97,92.1,86,38.8,56.3,20
Lesotho,Africa,LSO,Subnat,LSOr109,Mokhotlong,2023,40.4,-1.7,3.95,14.2,3.47,-0.8,7.67,0.77,99.6,99.5,98.9,85.9,81.7,49.4,65.3,13.4
Lesotho,Africa,LSO,Subnat,LSOr108,"Qasha s Nek",2023,40.2,-1.62,0.43,7.67,0.93,-0.55,11.8,3.55,95.1,95.8,95.7,75.6,82.5,34.5,48.6,11.8
Lesotho,Africa,LSO,Subnat,LSOr107,Quthing,2023,42.8,-1.68,1.83,16.2,4.17,-0.81,7.85,0.97,99.9,100,99.3,87.6,87.5,49.3,66.7,15.2
Lesotho,Africa,LSO,Subnat,LSOr110,Thaba-Tseka,2023,45.2,-1.8,2.6,14.7,2.68,-1.12,2.28,0.18,97.1,97.6,97.5,88.5,81.7,52,74.2,20.7
Liberia,Africa,LBR,National,LBRt,Total,2023,28,-1.36,2.47,8.14,1.76,-0.69,4.66,0.57,89.8,91.7,84.1,68.4,73.8,64.9,92,29
Liberia,Africa,LBR,Subnat,LBRr101,Bomi,2023,30.1,-1.35,6.23,9.99,5.99,-0.79,2.81,0.01,97.5,95.1,87.5,66.9,72.2,40.4,59.7,19.5
Liberia,Africa,LBR,Subnat,LBRr102,Bong,2023,38.8,-1.43,0.26,3.1,0.01,-0.36,10.7,0.96,98,93.8,88.5,81.8,75.7,51.9,63.1,11.8
Liberia,Africa,LBR,Subnat,LBRr103,Gbarpolu,2023,37.4,-1.6,3.77,14.8,5.17,-0.84,4.1,1.07,99,94.7,89.8,58.6,71.9,76.6,117,43.3
Liberia,Africa,LBR,Subnat,LBRr104,"Grand Bassa",2023,34.9,-1.6,0.76,9.27,0.01,-0.83,0.34,0.01,68.4,86.4,85.4,71.9,66.7,67.5,124,60.4
Liberia,Africa,LBR,Subnat,LBRr105,"Grand Cape Mount",2023,34.9,-1.32,5.16,18.3,2.21,-0.92,0.01,0.57,92.8,92.7,92.6,76.1,75.5,122,160,43.1
Liberia,Africa,LBR,Subnat,LBRr106,"Grand Gedeh",2023,25,-1.12,4.6,10.2,5.37,-0.78,1.54,0,95.1,97.3,91.1,66.9,56.3,58.5,89.7,33
Liberia,Africa,LBR,Subnat,LBRr107,"Grand Kru",2023,24.2,-1.33,0.73,14.2,1.49,-0.68,1.06,0.01,95,98.6,98.9,92.6,64.7,57.6,89.4,33.4
Liberia,Africa,LBR,Subnat,LBRr108,Lofa,2023,34.6,-1.63,0.01,1.61,2.67,-0.51,7.26,2,95.3,99.9,95.2,90,88.3,54.1,87,34.7
Liberia,Africa,LBR,Subnat,LBRr109,Margibi,2023,35.9,-1.48,6.14,15.9,5.49,-0.88,5.24,0.99,69.7,63.9,56.5,41,52.5,64.9,115,53.2
Liberia,Africa,LBR,Subnat,LBRr110,Maryland,2023,36.8,-1.7,11,12.7,3.17,-1.04,7.33,1.43,87.5,89.1,90.1,60.3,63.8,62.2,91.1,30.7
Liberia,Africa,LBR,Subnat,LBRr111,Montserrado,2023,16.4,-1.27,3.26,10,2.29,-0.91,2.91,0.01,92.2,94.4,82.7,66.4,84.9,63.5,87.7,25.8
Liberia,Africa,LBR,Subnat,LBRr112,Nimba,2023,26.8,-1.11,1.84,2.81,1.2,-0.32,6.37,0.61,86.5,87.8,78.5,60.8,67.6,63.9,84,21.6
Liberia,Africa,LBR,Subnat,LBRr113,"River Cess",2023,45.5,-1.74,2.79,19.1,2.86,-1.16,0.91,1.17,95.1,99.9,82.9,52.2,55.9,56.5,87,32.3
Liberia,Africa,LBR,Subnat,LBRr114,"River Gee",2023,16.3,-1.08,0.67,0.01,0.01,-0.25,6.63,4.6,99.9,99.9,97.5,86.3,91.4,68.6,70.6,1.9
Liberia,Africa,LBR,Subnat,LBRr115,Sinoe,2023,26.3,-1.44,0.01,3.71,2.14,-0.66,1.54,1.17,82,85.1,73.7,45.7,38.5,130,157,31
Madagascar,Africa,MDG,National,MDGt,Total,2023,38.1,-1.59,7.8,20.4,5.1,-1.2,2.57,0.47,77.5,76.9,74,67.9,63.1,42.8,69.3,25.2
Madagascar,Africa,MDG,Subnat,MDGr112,"Alaotra Mangoro",2023,43.4,-1.76,2.7,21.6,1.21,-1.05,3.1,0.01,90.5,86,89,83.9,72.6,57.2,64.6,8.55
Madagascar,Africa,MDG,Subnat,MDGr101,Analamanga,2023,45.8,-1.9,4.07,19.6,3.3,-1.2,2.07,0.14,97.9,93.6,90.6,86,86.7,41.2,55.8,14.3
Madagascar,Africa,MDG,Subnat,MDGr111,Analanjirofo,2023,35.9,-1.47,14.2,21.6,8.03,-1.35,2.13,0.11,86.3,88.5,82.2,76.3,58.5,55,89,30.3
Madagascar,Africa,MDG,Subnat,MDGr106,"Anamoroni Mania",2023,46,-1.67,1.2,13.3,0.94,-0.79,7.07,1.23,90.5,92.8,92.5,91.3,80.9,79.5,107,19.5
Madagascar,Africa,MDG,Subnat,MDGr118,Androy,2023,49.5,-1.84,20.4,42.9,14,-1.89,0.87,0.43,66.5,65.1,58.4,49.1,48.7,19.3,29.4,18.6
Madagascar,Africa,MDG,Subnat,MDGr119,Anosy,2023,51.2,-2.11,8.77,28.7,11.4,-1.52,1.7,0.37,62.4,67.2,65.5,57.1,55,34,73.2,35.7
Madagascar,Africa,MDG,Subnat,MDGr117,"Atsimo Andrefana",2023,17.7,-0.99,7.27,6.3,2.67,-0.79,2.67,0.77,56,48.7,47,38.1,34.4,48.8,96.4,42.9
Madagascar,Africa,MDG,Subnat,MDGr109,"Atsimo Atsinanana",2023,68.2,-2.44,17.9,44.5,10,-2.21,0.5,0.01,68.3,76.4,76.3,67.4,58.8,18.2,45.7,30.4
Madagascar,Africa,MDG,Subnat,MDGr110,Atsinanana,2023,32.9,-1.57,10.9,28,10.7,-1.38,0.8,0.3,80.6,79.5,76.7,72.3,66.8,35,69,33.5
Madagascar,Africa,MDG,Subnat,MDGr115,Betsiboka,2023,27.1,-1.29,3.37,10.9,0.47,-0.91,0.6,0,64.4,57.5,59.2,51.1,49.7,28.5,61.7,39.8
Madagascar,Africa,MDG,Subnat,MDGr113,Boeny,2023,23.5,-1,12.3,13.5,0.51,-1.05,0.14,0.53,66.1,65.2,67,60.3,54.8,29.3,69.8,30.7
Madagascar,Africa,MDG,Subnat,MDGr104,Bongolava,2023,25.1,-1.42,7.6,21.8,4.57,-1.28,1.7,0.01,78.9,81.8,72.3,67.3,68.8,59.8,85.8,31.8
Madagascar,Africa,MDG,Subnat,MDGr121,Diana,2023,15.3,-0.77,11.2,5.03,0.57,-0.7,1.37,0,70.9,73.3,70.6,65.6,63.6,9.91,29.9,15.5
Madagascar,Africa,MDG,Subnat,MDGr105,"Haute Matsiatra",2023,43.3,-1.93,1.1,27.8,11.2,-1.19,4.9,0.5,92.1,94.5,91,85.6,83,57.9,69.8,13.4
Madagascar,Africa,MDG,Subnat,MDGr108,Ihorombe,2023,32.8,-1.6,3.37,16.3,5.1,-1.01,7.63,2.37,55.6,62.4,59.6,59.2,51.2,6.83,21,24.1
Madagascar,Africa,MDG,Subnat,MDGr103,Itasy,2023,56,-2.01,0.91,26,4.67,-1.24,1.87,0.01,96,93.1,94.6,92.3,89.2,36.6,47.8,11.6
Madagascar,Africa,MDG,Subnat,MDGr116,Melaky,2023,16.6,-1.16,6.43,9.07,3.97,-0.72,6.1,0.5,58.2,68.3,63.1,61.7,53.2,56.2,109,41.2
Madagascar,Africa,MDG,Subnat,MDGr120,Menabe,2023,34.6,-1.38,4.1,17.3,10.6,-0.94,1.87,0.01,61.5,70.1,69,51.3,46.8,59.1,61.4,12.9
Madagascar,Africa,MDG,Subnat,MDGr122,Sava,2023,26.9,-1.14,10.9,14.8,1.1,-1.12,2.4,0.5,64.3,63.4,49,40.4,40.3,39.1,49.1,7.99
Madagascar,Africa,MDG,Subnat,MDGr114,Sofia,2023,25.1,-1.17,12.2,11.4,3.67,-0.98,2.1,0.67,60.4,57.8,55.8,47.1,42.8,38.5,76.7,33.8
Madagascar,Africa,MDG,Subnat,MDGr102,Vakinankaratra,2023,47.2,-1.8,2.17,19.4,1.77,-1.08,1.7,0.6,98.1,93.8,93.8,94.1,86.6,55.2,77.1,21.3
Madagascar,Africa,MDG,Subnat,MDGr107,"Vatovavy Fitovinany",2023,46.3,-1.62,6.87,21.5,6.27,-1.19,7.97,2.77,88.2,91.2,89.2,86.3,71.4,73.9,143,49.5
Malawi,Africa,MWI,National,MWIt,Total,2023,34.8,-1.59,2.28,14,2.68,-0.84,4.7,1.03,,,,,,59.5,59.9,
Malawi,Africa,MWI,Subnat,MWIr101,Blantyre,2023,32.1,,,,,,,,,,,,,,,
Malawi,Africa,MWI,Subnat,MWIr101,Blantyre,2023,,-1.64,,,,,,,,,,,,,,
Malawi,Africa,MWI,Subnat,MWIr101,Blantyre,2023,,,0.6,,,,,,,,,,,,,
Malawi,Africa,MWI,Subnat,MWIr101,Blantyre,2023,,,,13.1,,,,,,,,,,,,
Malawi,Africa,MWI,Subnat,MWIr101,Blantyre,2023,,,,,1.18,,,,,,,,,,,
Malawi,Africa,MWI,Subnat,MWIr101,Blantyre,2023,,,,,,-0.77,,,,,,,,,,
Malawi,Africa,MWI,Subnat,MWIr101,Blantyre,2023,,,,,,,5.25,,,,,,,,,
Malawi,Africa,MWI,Subnat,MWIr101,Blantyre,2023,,,,,,,,4.03,,,,,,,,
Malawi,Africa,MWI,Subnat,MWIr101,Blantyre,2023,,,,,,,,,,,,,,60.1,,
Malawi,Africa,MWI,Subnat,MWIr101,Blantyre,2023,,,,,,,,,,,,,,,67,
Malawi,Africa,MWI,Subnat,MWIr102,Kasungu,2023,37,,,,,,,,,,,,,,,
Malawi,Africa,MWI,Subnat,MWIr102,Kasungu,2023,,-1.7,,,,,,,,,,,,,,
Malawi,Africa,MWI,Subnat,MWIr102,Kasungu,2023,,,0.48,,,,,,,,,,,,,
Malawi,Africa,MWI,Subnat,MWIr102,Kasungu,2023,,,,11.2,,,,,,,,,,,,
Malawi,Africa,MWI,Subnat,MWIr102,Kasungu,2023,,,,,2.8,,,,,,,,,,,
Malawi,Africa,MWI,Subnat,MWIr102,Kasungu,2023,,,,,,-0.65,,,,,,,,,,
Malawi,Africa,MWI,Subnat,MWIr102,Kasungu,2023,,,,,,,11.6,,,,,,,,,
Malawi,Africa,MWI,Subnat,MWIr102,Kasungu,2023,,,,,,,,1.3,,,,,,,,
Malawi,Africa,MWI,Subnat,MWIr102,Kasungu,2023,,,,,,,,,,,,,,28.6,,
Malawi,Africa,MWI,Subnat,MWIr102,Kasungu,2023,,,,,,,,,,,,,,,27.1,
Malawi,Africa,MWI,Subnat,MWIr109,Lilongwe,2023,39.1,,,,,,,,,,,,,,,
Malawi,Africa,MWI,Subnat,MWIr109,Lilongwe,2023,,-1.76,,,,,,,,,,,,,,
Malawi,Africa,MWI,Subnat,MWIr109,Lilongwe,2023,,,2.4,,,,,,,,,,,,,
Malawi,Africa,MWI,Subnat,MWIr109,Lilongwe,2023,,,,17.9,,,,,,,,,,,,
Malawi,Africa,MWI,Subnat,MWIr109,Lilongwe,2023,,,,,2.75,,,,,,,,,,,
Malawi,Africa,MWI,Subnat,MWIr109,Lilongwe,2023,,,,,,-1.05,,,,,,,,,,
Malawi,Africa,MWI,Subnat,MWIr109,Lilongwe,2023,,,,,,,2.85,,,,,,,,,
Malawi,Africa,MWI,Subnat,MWIr109,Lilongwe,2023,,,,,,,,0.9,,,,,,,,
Malawi,Africa,MWI,Subnat,MWIr109,Lilongwe,2023,,,,,,,,,,,,,,48.9,,
Malawi,Africa,MWI,Subnat,MWIr109,Lilongwe,2023,,,,,,,,,,,,,,,41.8,
Malawi,Africa,MWI,Subnat,MWIr103,Machinga,2023,39.9,,,,,,,,,,,,,,,
Malawi,Africa,MWI,Subnat,MWIr103,Machinga,2023,,-1.75,,,,,,,,,,,,,,
Malawi,Africa,MWI,Subnat,MWIr103,Machinga,2023,,,2.83,,,,,,,,,,,,,
Malawi,Africa,MWI,Subnat,MWIr103,Machinga,2023,,,,18.8,,,,,,,,,,,,
Malawi,Africa,MWI,Subnat,MWIr103,Machinga,2023,,,,,3.8,,,,,,,,,,,
Malawi,Africa,MWI,Subnat,MWIr103,Machinga,2023,,,,,,-1.07,,,,,,,,,,
Malawi,Africa,MWI,Subnat,MWIr103,Machinga,2023,,,,,,,5.6,,,,,,,,,
Malawi,Africa,MWI,Subnat,MWIr103,Machinga,2023,,,,,,,,2.28,,,,,,,,
Malawi,Africa,MWI,Subnat,MWIr103,Machinga,2023,,,,,,,,,,,,,,59.4,,
Malawi,Africa,MWI,Subnat,MWIr103,Machinga,2023,,,,,,,,,,,,,,,54.2,
Malawi,Africa,MWI,Subnat,MWIr104,Mangochi,2023,40.8,,,,,,,,,,,,,,,
Malawi,Africa,MWI,Subnat,MWIr104,Mangochi,2023,,-1.67,,,,,,,,,,,,,,
Malawi,Africa,MWI,Subnat,MWIr104,Mangochi,2023,,,5.1,,,,,,,,,,,,,
Malawi,Africa,MWI,Subnat,MWIr104,Mangochi,2023,,,,18.6,,,,,,,,,,,,
Malawi,Africa,MWI,Subnat,MWIr104,Mangochi,2023,,,,,2.78,,,,,,,,,,,
Malawi,Africa,MWI,Subnat,MWIr104,Mangochi,2023,,,,,,-0.88,,,,,,,,,,
Malawi,Africa,MWI,Subnat,MWIr104,Mangochi,2023,,,,,,,4.8,,,,,,,,,
Malawi,Africa,MWI,Subnat,MWIr104,Mangochi,2023,,,,,,,,0.25,,,,,,,,
Malawi,Africa,MWI,Subnat,MWIr104,Mangochi,2023,,,,,,,,,,,,,,81.7,,
Malawi,Africa,MWI,Subnat,MWIr104,Mangochi,2023,,,,,,,,,,,,,,,85.5,
Malawi,Africa,MWI,Subnat,MWIr110,Mulanje,2023,32.3,,,,,,,,,,,,,,,
Malawi,Africa,MWI,Subnat,MWIr110,Mulanje,2023,,-1.66,,,,,,,,,,,,,,
Malawi,Africa,MWI,Subnat,MWIr110,Mulanje,2023,,,2.98,,,,,,,,,,,,,
Malawi,Africa,MWI,Subnat,MWIr110,Mulanje,2023,,,,7.18,,,,,,,,,,,,
Malawi,Africa,MWI,Subnat,MWIr110,Mulanje,2023,,,,,1.9,,,,,,,,,,,
Malawi,Africa,MWI,Subnat,MWIr110,Mulanje,2023,,,,,,-0.97,,,,,,,,,,
Malawi,Africa,MWI,Subnat,MWIr110,Mulanje,2023,,,,,,,3.33,,,,,,,,,
Malawi,Africa,MWI,Subnat,MWIr110,Mulanje,2023,,,,,,,,1.38,,,,,,,,
Malawi,Africa,MWI,Subnat,MWIr110,Mulanje,2023,,,,,,,,,,,,,,47.1,,
Malawi,Africa,MWI,Subnat,MWIr110,Mulanje,2023,,,,,,,,,,,,,,,37,
Malawi,Africa,MWI,Subnat,MWIr105,Mzimba,2023,22.3,,,,,,,,,,,,,,,
Malawi,Africa,MWI,Subnat,MWIr105,Mzimba,2023,,-1.11,,,,,,,,,,,,,,
Malawi,Africa,MWI,Subnat,MWIr105,Mzimba,2023,,,0.48,,,,,,,,,,,,,
Malawi,Africa,MWI,Subnat,MWIr105,Mzimba,2023,,,,9.4,,,,,,,,,,,,
Malawi,Africa,MWI,Subnat,MWIr105,Mzimba,2023,,,,,1.78,,,,,,,,,,,
Malawi,Africa,MWI,Subnat,MWIr105,Mzimba,2023,,,,,,-0.42,,,,,,,,,,
Malawi,Africa,MWI,Subnat,MWIr105,Mzimba,2023,,,,,,,8.63,,,,,,,,,
Malawi,Africa,MWI,Subnat,MWIr105,Mzimba,2023,,,,,,,,1.73,,,,,,,,
Malawi,Africa,MWI,Subnat,MWIr105,Mzimba,2023,,,,,,,,,,,,,,65,,
Malawi,Africa,MWI,Subnat,MWIr105,Mzimba,2023,,,,,,,,,,,,,,,68,
Malawi,Africa,MWI,Subnat,MWIr112,"Other central (Nkhota Kota, Mchinji, Dowa, Ntchisi, Dedza, Ntcheu)",2023,38,,,,,,,,,,,,,,,
Malawi,Africa,MWI,Subnat,MWIr112,"Other central (Nkhota Kota, Mchinji, Dowa, Ntchisi, Dedza, Ntcheu)",2023,,-1.65,,,,,,,,,,,,,,
Malawi,Africa,MWI,Subnat,MWIr112,"Other central (Nkhota Kota, Mchinji, Dowa, Ntchisi, Dedza, Ntcheu)",2023,,,2.15,,,,,,,,,,,,,
Malawi,Africa,MWI,Subnat,MWIr112,"Other central (Nkhota Kota, Mchinji, Dowa, Ntchisi, Dedza, Ntcheu)",2023,,,,13.7,,,,,,,,,,,,
Malawi,Africa,MWI,Subnat,MWIr112,"Other central (Nkhota Kota, Mchinji, Dowa, Ntchisi, Dedza, Ntcheu)",2023,,,,,2.08,,,,,,,,,,,
Malawi,Africa,MWI,Subnat,MWIr112,"Other central (Nkhota Kota, Mchinji, Dowa, Ntchisi, Dedza, Ntcheu)",2023,,,,,,-0.85,,,,,,,,,,
Malawi,Africa,MWI,Subnat,MWIr112,"Other central (Nkhota Kota, Mchinji, Dowa, Ntchisi, Dedza, Ntcheu)",2023,,,,,,,4.1,,,,,,,,,
Malawi,Africa,MWI,Subnat,MWIr112,"Other central (Nkhota Kota, Mchinji, Dowa, Ntchisi, Dedza, Ntcheu)",2023,,,,,,,,0.18,,,,,,,,
Malawi,Africa,MWI,Subnat,MWIr112,"Other central (Nkhota Kota, Mchinji, Dowa, Ntchisi, Dedza, Ntcheu)",2023,,,,,,,,,,,,,,56.7,,
Malawi,Africa,MWI,Subnat,MWIr112,"Other central (Nkhota Kota, Mchinji, Dowa, Ntchisi, Dedza, Ntcheu)",2023,,,,,,,,,,,,,,,55.1,
Malawi,Africa,MWI,Subnat,MWIr111,"Other northern (Chitipa, Karonga, Rumphi, Nkhata Bay)",2023,25.5,,,,,,,,,,,,,,,
Malawi,Africa,MWI,Subnat,MWIr111,"Other northern (Chitipa, Karonga, Rumphi, Nkhata Bay)",2023,,-1.26,,,,,,,,,,,,,,
Malawi,Africa,MWI,Subnat,MWIr111,"Other northern (Chitipa, Karonga, Rumphi, Nkhata Bay)",2023,,,3.75,,,,,,,,,,,,,
Malawi,Africa,MWI,Subnat,MWIr111,"Other northern (Chitipa, Karonga, Rumphi, Nkhata Bay)",2023,,,,6.53,,,,,,,,,,,,
Malawi,Africa,MWI,Subnat,MWIr111,"Other northern (Chitipa, Karonga, Rumphi, Nkhata Bay)",2023,,,,,2.63,,,,,,,,,,,
Malawi,Africa,MWI,Subnat,MWIr111,"Other northern (Chitipa, Karonga, Rumphi, Nkhata Bay)",2023,,,,,,-0.53,,,,,,,,,,
Malawi,Africa,MWI,Subnat,MWIr111,"Other northern (Chitipa, Karonga, Rumphi, Nkhata Bay)",2023,,,,,,,7.15,,,,,,,,,
Malawi,Africa,MWI,Subnat,MWIr111,"Other northern (Chitipa, Karonga, Rumphi, Nkhata Bay)",2023,,,,,,,,2.13,,,,,,,,
Malawi,Africa,MWI,Subnat,MWIr111,"Other northern (Chitipa, Karonga, Rumphi, Nkhata Bay)",2023,,,,,,,,,,,,,,31.7,,
Malawi,Africa,MWI,Subnat,MWIr111,"Other northern (Chitipa, Karonga, Rumphi, Nkhata Bay)",2023,,,,,,,,,,,,,,,28.7,
Malawi,Africa,MWI,Subnat,MWIr113,"Other southern (Balaka, Mwanza, Phalombe, Chiradzulu, Chikwawa, Nsanje, neno)",2023,29.5,-1.47,2.65,12.7,3.78,-0.84,3.43,0.98,,,,,,65.2,71.4,
Malawi,Africa,MWI,Subnat,MWIr106,Salima,2023,21.2,,,,,,,,,,,,,,,
Malawi,Africa,MWI,Subnat,MWIr106,Salima,2023,,-1.2,,,,,,,,,,,,,,
Malawi,Africa,MWI,Subnat,MWIr106,Salima,2023,,,1.78,,,,,,,,,,,,,
Malawi,Africa,MWI,Subnat,MWIr106,Salima,2023,,,,6.65,,,,,,,,,,,,
Malawi,Africa,MWI,Subnat,MWIr106,Salima,2023,,,,,1.63,,,,,,,,,,,
Malawi,Africa,MWI,Subnat,MWIr106,Salima,2023,,,,,,-0.65,,,,,,,,,,
Malawi,Africa,MWI,Subnat,MWIr106,Salima,2023,,,,,,,4.63,,,,,,,,,
Malawi,Africa,MWI,Subnat,MWIr106,Salima,2023,,,,,,,,0.01,,,,,,,,
Malawi,Africa,MWI,Subnat,MWIr106,Salima,2023,,,,,,,,,,,,,,69.3,,
Malawi,Africa,MWI,Subnat,MWIr106,Salima,2023,,,,,,,,,,,,,,,70.5,
Malawi,Africa,MWI,Subnat,MWIr107,Thyolo,2023,44.2,,,,,,,,,,,,,,,
Malawi,Africa,MWI,Subnat,MWIr107,Thyolo,2023,,-1.86,,,,,,,,,,,,,,
Malawi,Africa,MWI,Subnat,MWIr107,Thyolo,2023,,,1.9,,,,,,,,,,,,,
Malawi,Africa,MWI,Subnat,MWIr107,Thyolo,2023,,,,16.6,,,,,,,,,,,,
Malawi,Africa,MWI,Subnat,MWIr107,Thyolo,2023,,,,,4.93,,,,,,,,,,,
Malawi,Africa,MWI,Subnat,MWIr107,Thyolo,2023,,,,,,-1.01,,,,,,,,,,
Malawi,Africa,MWI,Subnat,MWIr107,Thyolo,2023,,,,,,,6.8,,,,,,,,,
Malawi,Africa,MWI,Subnat,MWIr107,Thyolo,2023,,,,,,,,1.68,,,,,,,,
Malawi,Africa,MWI,Subnat,MWIr107,Thyolo,2023,,,,,,,,,,,,,,92.2,,
Malawi,Africa,MWI,Subnat,MWIr107,Thyolo,2023,,,,,,,,,,,,,,,115,
Malawi,Africa,MWI,Subnat,MWIr108,Zomba,2023,33.5,,,,,,,,,,,,,,,
Malawi,Africa,MWI,Subnat,MWIr108,Zomba,2023,,-1.45,,,,,,,,,,,,,,
Malawi,Africa,MWI,Subnat,MWIr108,Zomba,2023,,,2.15,,,,,,,,,,,,,
Malawi,Africa,MWI,Subnat,MWIr108,Zomba,2023,,,,16.7,,,,,,,,,,,,
Malawi,Africa,MWI,Subnat,MWIr108,Zomba,2023,,,,,3.73,,,,,,,,,,,
Malawi,Africa,MWI,Subnat,MWIr108,Zomba,2023,,,,,,-0.88,,,,,,,,,,
Malawi,Africa,MWI,Subnat,MWIr108,Zomba,2023,,,,,,,3.38,,,,,,,,,
Malawi,Africa,MWI,Subnat,MWIr108,Zomba,2023,,,,,,,,0,,,,,,,,
Malawi,Africa,MWI,Subnat,MWIr108,Zomba,2023,,,,,,,,,,,,,,67.4,,
Malawi,Africa,MWI,Subnat,MWIr108,Zomba,2023,,,,,,,,,,,,,,,76.3,
Mauritania,Africa,MRT,National,MRTt,Total,2023,23.9,-1.1,1.06,11.6,1.86,-0.72,1.96,0.18,92.5,90.5,88.6,79.4,78,0.01,0.01,4.79
Mauritania,Africa,MRT,Subnat,MRTr107,Adrar,2023,37.3,-1.66,0.01,15.7,4.74,-0.87,0.98,0.01,99.3,99.9,99.8,90.7,88.9,0.01,0.01,8.15
Mauritania,Africa,MRT,Subnat,MRTr103,Assaba,2023,28,-1.11,2.48,15,1.9,-0.89,0.68,0.48,99.9,98.2,94.5,80.3,86,31.7,34,8.77
Mauritania,Africa,MRT,Subnat,MRTr105,Brakna,2023,15.7,-0.65,0.62,5.66,0.01,-0.57,1.5,0.04,95.7,92.6,91.3,88.1,85.3,0.01,0.01,7.59
Mauritania,Africa,MRT,Subnat,MRTr104,Gorgol,2023,28.4,-1.3,2.02,17.7,3.06,-1,1.86,0.06,88.4,87.9,77.8,71.8,80.9,30.4,27.1,3.88
Mauritania,Africa,MRT,Subnat,MRTr110,Guidimagha,2023,25.3,-1.27,8.04,19.3,3.04,-1.1,1.46,0.1,97,98,99.8,96.2,79.5,0.01,0.01,1.06
Mauritania,Africa,MRT,Subnat,MRTr101,"Hodh Charghi",2023,30.3,-1.47,0.01,12.1,4.64,-0.82,2.36,0.01,79,78.5,73.9,50.3,60.4,0.01,0.01,6.05
Mauritania,Africa,MRT,Subnat,MRTr102,"Hodh Gharbi",2023,29.2,-1.31,0.76,15.7,1.88,-0.95,0.76,0.2,85.6,86.1,86.8,76.4,65.8,26.9,34,9.08
Mauritania,Africa,MRT,Subnat,MRTr112,Inchiri,2023,29.3,-1.25,0.01,3.76,0.01,-0.26,6.64,0.01,98.8,91.6,99.9,83.3,89.7,0.01,0.01,11.3
Mauritania,Africa,MRT,Subnat,MRTr108,Nouadhibou,2023,11.9,-0.91,0.01,1.08,0.01,-0.05,6.64,0.01,99.3,99.3,99.9,99.9,97.3,0.01,0.01,2.95
Mauritania,Africa,MRT,Subnat,MRTr109,Tagant,2023,40,-1.51,0.01,18.6,2.66,-0.93,3.38,0.42,99.9,99.9,91.4,86.6,84.8,60.4,66.9,12.2
Mauritania,Africa,MRT,Subnat,MRTr111,Tiris-Zemmour,2023,18.7,-1.01,0.01,2.78,0.01,-0.28,0.92,0.01,99.9,99,96.7,78.1,94.9,0.01,0.01,0.01
Mauritania,Africa,MRT,Subnat,MRTr106,"Trarza incl Nouakchott",2023,16,-0.75,0.66,5.38,0.01,-0.36,2.6,0.36,96.1,91.3,91.3,84.7,81.3,0.01,0.01,0.31
Mozambique,Africa,MOZ,National,MOZt,Total,2023,36.5,-1.58,3.8,15.2,3.71,-0.9,4,0.5,84.4,77,65.7,51.6,63.1,36.2,56,20.5
Mozambique,Africa,MOZ,Subnat,MOZr102,"Cabo delgado",2023,44.4,-1.77,2.34,14.9,4.4,-0.93,6,1.25,89.2,81.4,59.9,44.4,69.9,52.2,86.9,36.7
Mozambique,Africa,MOZ,Subnat,MOZr109,Gaza,2023,16.2,-0.96,2.16,5.25,0.55,-0.43,3.59,0.23,100,98.7,87.5,84.7,89.3,46.3,71.6,26.6
Mozambique,Africa,MOZ,Subnat,MOZr108,Inhambane,2023,13.1,-0.86,0.27,5.94,0.76,-0.35,2.43,0.88,99.4,96.1,88.8,90.1,87.9,33.5,48.1,15.2
Mozambique,Africa,MOZ,Subnat,MOZr106,Manica,2023,39.6,-1.8,0.67,14.5,3.03,-0.78,9.74,1.95,93.8,90.6,82.7,71.5,77.8,43.1,66,23.9
Mozambique,Africa,MOZ,Subnat,MOZr111,"Maputo Cidade",2023,9.36,-0.52,0.85,3.38,0.27,-0.22,1.67,0,100,100,96.5,91.1,100,42.2,57.6,16.1
Mozambique,Africa,MOZ,Subnat,MOZr110,"Maputo Provincia",2023,6.95,-0.74,0.89,1.17,0.2,-0.24,1.7,0,98.7,100,98.9,94.2,89.7,32.2,41.1,9.12
Mozambique,Africa,MOZ,Subnat,MOZr103,Nampula,2023,45.9,-1.9,3.78,18.7,4.25,-1.12,3.04,0.4,86.8,77.7,61.4,34.7,58.2,44.2,72.1,29.2
Mozambique,Africa,MOZ,Subnat,MOZr101,Niassa,2023,34.4,-1.41,6.91,15.7,2.89,-0.96,2.82,0.14,89.1,81.9,74.5,58.3,62.7,41.1,64.5,24.4
Mozambique,Africa,MOZ,Subnat,MOZr107,Sofala,2023,30.6,-1.42,2.34,12.9,2.72,-0.83,1.2,0,94.8,90.1,87.9,77.3,77.7,47.2,70.5,24.4
Mozambique,Africa,MOZ,Subnat,MOZr105,Tete,2023,36,-1.58,3.39,12.7,3.52,-0.87,6.44,0.55,76.8,71.5,64.3,49.9,57.1,12.7,20.7,7.88
Mozambique,Africa,MOZ,Subnat,MOZr104,Zambezia,2023,42,-1.67,7.32,21.8,6.46,-1.1,3.3,0.35,62.6,46.6,32.9,26.3,36.6,23.6,33.1,9.44
Nepal,Asia/Pacific,NPL,National,NPLt,Total,2023,23.3,-1.22,5.37,17,2.63,-1.01,0.67,0.07,94.8,93.8,93.5,90.9,87.9,34.1,39.6,5.74
Nepal,Asia/Pacific,NPL,Subnat,NPLr103,"Bagmati province",2023,15.8,-0.84,3.5,10.4,3.3,-0.63,2.2,0,89.5,87.7,88.7,88.9,83.3,22.3,24.6,2.28
Nepal,Asia/Pacific,NPL,Subnat,NPLr104,"Gandaki province",2023,21.1,-1.23,2.2,17.6,2.77,-0.96,0.34,0.2,100,100,100,100,97.5,17.9,22,4.72
Nepal,Asia/Pacific,NPL,Subnat,NPLr106,"Karnali province",2023,32.9,-1.61,2.34,12,1.6,-1.05,0.14,0,97,95.9,95.8,94,91.7,39,48.8,9.61
Nepal,Asia/Pacific,NPL,Subnat,NPLr101,"Koshi province",2023,18.9,-1.08,2.34,11.9,1.27,-0.77,1.93,0.33,93.9,94.4,94.5,93.8,91.7,29.7,35.1,6
Nepal,Asia/Pacific,NPL,Subnat,NPLr105,"Lumbini province",2023,23.1,-1.27,15.3,20.8,5.4,-1.22,0.2,0.2,96.3,95.1,95.6,93.3,93.4,34.2,40.2,8.41
Nepal,Asia/Pacific,NPL,Subnat,NPLr102,"Madhesh province",2023,28.8,-1.43,7.7,26.1,3.53,-1.32,0,0,94.8,93.1,90.8,84.7,79.8,43.6,48.2,4.35
Nepal,Asia/Pacific,NPL,Subnat,NPLr107,"Sudurpashchim province",2023,23.3,-1.23,3.14,9,1.4,-0.76,1.4,0,97,96.5,97.9,96.4,94,44.9,53.7,8.42
Nigeria,Africa,NGA,National,NGAt,Total,2023,,,,,,,,,,,,,,74,98.9,
Nigeria,Africa,NGA,Subnat,NGAr122,Abia,2023,,,,,,,,,,,,,,43.5,72.1,
Nigeria,Africa,NGA,Subnat,NGAr137,"Abuja FCT",2023,,,,,,,,,,,,,,14.2,11.7,
Nigeria,Africa,NGA,Subnat,NGAr108,Adamawa,2023,,,,,,,,,,,,,,23.8,29.4,
Nigeria,Africa,NGA,Subnat,NGAr101,"Akwa Ibom",2023,,,,,,,,,,,,,,29.6,46.2,
Nigeria,Africa,NGA,Subnat,NGAr102,Anambra,2023,,,,,,,,,,,,,,30,33.4,
Nigeria,Africa,NGA,Subnat,NGAr103,Bauchi,2023,,,,,,,,,,,,,,129,191,
Nigeria,Africa,NGA,Subnat,NGAr131,Bayelsa,2023,,,,,,,,,,,,,,116,189,
Nigeria,Africa,NGA,Subnat,NGAr105,Benue,2023,,,,,,,,,,,,,,35.4,47.7,
Nigeria,Africa,NGA,Subnat,NGAr106,Borno,2023,,,,,,,,,,,,,,85.2,132,
Nigeria,Africa,NGA,Subnat,NGAr107,"Cross River",2023,,,,,,,,,,,,,,61.6,102,
Nigeria,Africa,NGA,Subnat,NGAr123,Delta,2023,,,,,,,,,,,,,,81.9,123,
Nigeria,Africa,NGA,Subnat,NGAr132,Ebonyi,2023,,,,,,,,,,,,,,5.17,6.78,
Nigeria,Africa,NGA,Subnat,NGAr104,Edo,2023,,,,,,,,,,,,,,69.3,113,
Nigeria,Africa,NGA,Subnat,NGAr133,Ekiti,2023,,,,,,,,,,,,,,32.5,38.6,
Nigeria,Africa,NGA,Subnat,NGAr124,Enugu,2023,,,,,,,,,,,,,,6.74,8.6,
Nigeria,Africa,NGA,Subnat,NGAr134,Gombe,2023,,,,,,,,,,,,,,31.3,30.8,
Nigeria,Africa,NGA,Subnat,NGAr109,Imo,2023,,,,,,,,,,,,,,21.8,24,
Nigeria,Africa,NGA,Subnat,NGAr125,Jigawa,2023,,,,,,,,,,,,,,141,185,
Nigeria,Africa,NGA,Subnat,NGAr110,Kaduna,2023,,,,,,,,,,,,,,90,127,
Nigeria,Africa,NGA,Subnat,NGAr111,Kano,2023,,,,,,,,,,,,,,136,185,
Nigeria,Africa,NGA,Subnat,NGAr112,Katsina,2023,,,,,,,,,,,,,,118,140,
Nigeria,Africa,NGA,Subnat,NGAr126,Kebbi,2023,,,,,,,,,,,,,,119,157,
Nigeria,Africa,NGA,Subnat,NGAr127,Kogi,2023,,,,,,,,,,,,,,11.9,16.4,
Nigeria,Africa,NGA,Subnat,NGAr113,Kwara,2023,,,,,,,,,,,,,,30.1,42,
Nigeria,Africa,NGA,Subnat,NGAr114,Lagos,2023,,,,,,,,,,,,,,2.82,3.54,
Nigeria,Africa,NGA,Subnat,NGAr135,Nassarawa,2023,,,,,,,,,,,,,,40.7,43.6,
Nigeria,Africa,NGA,Subnat,NGAr115,Niger,2023,,,,,,,,,,,,,,31.4,33.9,
Nigeria,Africa,NGA,Subnat,NGAr116,Ogun,2023,,,,,,,,,,,,,,86.7,132,
Nigeria,Africa,NGA,Subnat,NGAr117,Ondo,2023,,,,,,,,,,,,,,31.7,38.5,
Nigeria,Africa,NGA,Subnat,NGAr128,Osun,2023,,,,,,,,,,,,,,32.8,43.3,
Nigeria,Africa,NGA,Subnat,NGAr118,Oyo,2023,,,,,,,,,,,,,,43.1,59.2,
Nigeria,Africa,NGA,Subnat,NGAr119,Plateau,2023,,,,,,,,,,,,,,54.3,78.7,
Nigeria,Africa,NGA,Subnat,NGAr120,Rivers,2023,,,,,,,,,,,,,,114,183,
Nigeria,Africa,NGA,Subnat,NGAr121,Sokoto,2023,,,,,,,,,,,,,,116,175,
Nigeria,Africa,NGA,Subnat,NGAr129,Taraba,2023,,,,,,,,,,,,,,30.9,21.2,
Nigeria,Africa,NGA,Subnat,NGAr130,Yobe,2023,,,,,,,,,,,,,,11.8,16.8,
Nigeria,Africa,NGA,Subnat,NGAr136,Zamfora,2023,,,,,,,,,,,,,,97.3,140,
Palestine,Asia/Pacific,PSE,National,PSEt,Total,2023,9.35,-0.52,1.35,2.45,0.8,0.12,9.5,1.95,,,,,,8.64,11.7,
Palestine,Asia/Pacific,PSE,Subnat,PSEr110,Bethlehem,2023,6.8,-0.18,1.8,2.4,1.1,0.4,14.2,3.4,,,,,,13.3,17.6,
Palestine,Asia/Pacific,PSE,Subnat,PSEr114,"Deir El-Balah",2023,5.6,-0.49,1.9,1.6,0.3,-0.04,4.4,0.4,,,,,,9.32,12.7,
Palestine,Asia/Pacific,PSE,Subnat,PSEr113,"Gaza City",2023,7.8,-0.57,1.4,2.2,0.3,-0.06,6,1,,,,,,13.5,18.9,
Palestine,Asia/Pacific,PSE,Subnat,PSEr111,Hebron,2023,9.4,-0.52,1.6,1.3,0.4,0.29,14.1,2.8,,,,,,10.5,13.8,
Palestine,Asia/Pacific,PSE,Subnat,PSEr101,Jenin,2023,2.9,-0.09,1.95,3.1,0.45,0.26,8.65,0.75,,,,,,3.88,5.95,
Palestine,Asia/Pacific,PSE,Subnat,PSEr108,"Jericho and Al Aghwar",2023,10,-0.28,3.6,2.8,1.1,0.05,7.4,0.5,,,,,,0.94,1.9,
Palestine,Asia/Pacific,PSE,Subnat,PSEr109,Jerusalem,2023,17.8,-0.7,4.2,5.9,2.5,0,11.6,4.4,,,,,,0.01,0.01,
Palestine,Asia/Pacific,PSE,Subnat,PSEr115,"Khan Yunis",2023,11.1,-0.48,0.3,2.4,0,0.1,7,0,,,,,,1.35,2.65,
Palestine,Asia/Pacific,PSE,Subnat,PSEr104,Nablus,2023,4.05,-0.26,0.6,1.4,0.01,0.19,4.8,1.75,,,,,,20.3,26.4,
Palestine,Asia/Pacific,PSE,Subnat,PSEr112,"North Gaza",2023,10.5,-0.74,0.4,2.1,0.6,-0.06,6.2,1,,,,,,9.64,12.6,
Palestine,Asia/Pacific,PSE,Subnat,PSEr105,Qalqiliya,2023,4.2,0.03,0.01,1.5,0.65,0.73,12.3,0.85,,,,,,11.4,15.1,
Palestine,Asia/Pacific,PSE,Subnat,PSEr116,Rafah,2023,8.9,-0.66,0.2,2,0.8,0.04,6.9,1.9,,,,,,2.63,4.29,
Palestine,Asia/Pacific,PSE,Subnat,PSEr107,"Ramallah & Al-Bireh",2023,10.3,-0.33,1.3,2.5,1.1,0.35,14.5,3,,,,,,5.89,8.02,
Palestine,Asia/Pacific,PSE,Subnat,PSEr106,Salfit,2023,5,0.09,4.25,1.15,0.01,0.58,7.6,0.45,,,,,,7.73,10.2,
Palestine,Asia/Pacific,PSE,Subnat,PSEr102,Tubas,2023,2.6,0.03,1.4,0.01,0.01,0.15,3.45,1,,,,,,22.3,31.9,
Palestine,Asia/Pacific,PSE,Subnat,PSEr103,Tulkarm,2023,6.2,-0.53,0.01,1.25,1.85,0.22,9.8,3.45,,,,,,17.6,22.6,
Philippines,Asia/Pacific,PHL,National,PHLt,Total,2023,,,,,,,,,87.6,86.9,83.2,79.2,79.2,16.5,21.7,5.22
Philippines,Asia/Pacific,PHL,Subnat,PHLr117,ARMM,2023,,,,,,,,,34.9,31.5,23.9,18.5,19.5,16.7,22.4,5.75
Philippines,Asia/Pacific,PHL,Subnat,PHLr102,"Cordillera Admin Region",2023,,,,,,,,,97.4,98.6,97.7,94.9,94.5,11,13.4,2.41
Philippines,Asia/Pacific,PHL,Subnat,PHLr103,I-Ilocos,2023,,,,,,,,,90.4,89.2,83.1,76.7,84,29.7,41.2,11.9
Philippines,Asia/Pacific,PHL,Subnat,PHLr104,"II-Cagayan Valley",2023,,,,,,,,,98.8,99.1,93.6,90.6,95.2,5.49,8.27,2.78
Philippines,Asia/Pacific,PHL,Subnat,PHLr105,"III-Central Luzon",2023,,,,,,,,,97.5,97.9,96.4,93.8,87.7,22.3,23.4,1.18
Philippines,Asia/Pacific,PHL,Subnat,PHLr106,IVA-CALABARZON,2023,,,,,,,,,94,94.6,94.6,91.2,91.3,19.3,26.4,7.24
Philippines,Asia/Pacific,PHL,Subnat,PHLr107,IVB-MIMAROPA,2023,,,,,,,,,88.6,91.7,89.1,85.2,83.6,17,25.4,8.6
Philippines,Asia/Pacific,PHL,Subnat,PHLr112,"IX-Zamboanga Peninsula",2023,,,,,,,,,84,82.7,78.5,76.3,74.9,28.2,35.3,7.26
Philippines,Asia/Pacific,PHL,Subnat,PHLr101,"National Capital Region",2023,,,,,,,,,89.7,87.1,83.3,77.1,74.1,7.44,9.88,2.46
Philippines,Asia/Pacific,PHL,Subnat,PHLr108,V-Bicol,2023,,,,,,,,,95.7,95.3,92.1,89.5,93.3,11.3,22.9,11.8
Philippines,Asia/Pacific,PHL,Subnat,PHLr109,"VI-Western Visayas",2023,,,,,,,,,90.6,90.9,88.3,84.4,89.7,14.3,15.9,1.9
Philippines,Asia/Pacific,PHL,Subnat,PHLr110,"VII-Central Visayas",2023,,,,,,,,,91.6,92.5,87.5,86.5,87.5,20.1,25.7,5.72
Philippines,Asia/Pacific,PHL,Subnat,PHLr111,"VIII-Eastern Visayas",2023,,,,,,,,,97.6,96.9,96.6,97.7,92.1,16.5,26.1,9.73
Philippines,Asia/Pacific,PHL,Subnat,PHLr113,"X-Northern Mindanao",2023,,,,,,,,,90.8,88.1,88.1,84.2,85.9,9.63,16.1,6.58
Philippines,Asia/Pacific,PHL,Subnat,PHLr114,XI-Davao,2023,,,,,,,,,87,87.1,73.8,66.9,55.7,11.2,10.8,0.62
Philippines,Asia/Pacific,PHL,Subnat,PHLr115,XII-SOCCSKSARGEN,2023,,,,,,,,,86.4,81.7,75,71.6,77.4,23.2,25.6,3.51
Philippines,Asia/Pacific,PHL,Subnat,PHLr116,XIII-Caraga,2023,,,,,,,,,82.6,84.2,82.8,70.8,82,5.63,11.8,6.57
Rwanda,Africa,RWA,National,RWAt,Total,2023,30,-1.47,0.38,6.48,0.76,-0.58,5.64,0.06,99.4,100,99.8,99.5,99.9,30.3,39.3,9.25
Rwanda,Africa,RWA,Subnat,RWAr101,"City of Kigali",2023,21,-1.16,1.32,4.36,0.46,-0.47,5.74,1,98.6,98.9,98.9,98.9,99.9,20.2,23.5,3.25
Rwanda,Africa,RWA,Subnat,RWAr105,East,2023,25.3,-1.27,0.06,5.62,0.3,-0.49,5.34,0.01,99.9,99.9,99.9,99.9,99.9,25.5,37.8,12.4
Rwanda,Africa,RWA,Subnat,RWAr104,North,2023,41.6,-1.84,0.01,6.1,1.64,-0.53,11.1,0.01,99.5,98.9,98.9,97,99.9,40.8,54.4,14.2
Rwanda,Africa,RWA,Subnat,RWAr102,South,2023,26.1,-1.47,1.76,8.9,1.44,-0.74,1.76,0.01,99.4,99.9,99.7,99.2,99.9,40.7,49.8,9.5
Rwanda,Africa,RWA,Subnat,RWAr103,West,2023,37.3,-1.67,0.01,7.08,0.62,-0.63,5.92,0.62,99,99.9,99.9,99.9,99.9,26.7,32.4,5.84
Samoa,Asia/Pacific,WSM,National,WSMt,Total,2023,7.1,-0.02,3.1,3.3,1.3,0.35,8.7,2.8,,,,,,15.6,19.6,
Samoa,Asia/Pacific,WSM,Subnat,WSMr101,"Apia Urban Area",2023,8.7,0.07,3.9,2.5,0.7,0.59,13.3,4.5,,,,,,17,22.7,
Samoa,Asia/Pacific,WSM,Subnat,WSMr102,"North West Upolu",2023,7.8,-0.06,2.2,2.6,0.5,0.38,8.7,3.2,,,,,,18.1,22.7,
Samoa,Asia/Pacific,WSM,Subnat,WSMr103,"Rest of Upolu",2023,6,0.08,4.6,6.4,3.6,0.19,7.6,2.2,,,,,,14.2,18,
Samoa,Asia/Pacific,WSM,Subnat,WSMr104,Savaii,2023,5.8,-0.1,2.5,1.9,0.7,0.29,6.9,1.6,,,,,,10.8,13.7,
Senegal,Africa,SEN,National,SENt,Total,2023,17.1,-0.85,10.2,15.7,2.8,-0.92,1.2,0.2,92,89.9,89,84.1,76.4,32.6,42.2,9.98
Senegal,Africa,SEN,Subnat,SENr101,Dakar,2023,9.2,-0.52,5.2,6.6,0,-0.48,3.3,0.6,93.4,91.7,93.1,84.9,82,19.9,25.1,5.25
Senegal,Africa,SEN,Subnat,SENr103,Diourbel,2023,17.2,-0.81,17.2,21.2,5.6,-1.16,0.6,0.2,90.2,86.8,83.2,76.1,61.4,39.2,52.4,13.7
Senegal,Africa,SEN,Subnat,SENr109,Fatick,2023,17,-0.89,11.8,16.3,1.6,-1.01,1.1,0,96.8,97.4,96.9,93.8,82.7,24.9,36.1,11.5
Senegal,Africa,SEN,Subnat,SENr106,Kaolack,2023,20,-1.03,9.2,17.3,2.9,-1.08,0.3,0.1,93.7,94.4,91.4,88.6,82.7,29.1,42.7,14
Senegal,Africa,SEN,Subnat,SENr110,Kolda,2023,18.9,-0.95,10.4,17.5,3.9,-0.99,0.5,0,88.2,85.3,85,83.8,75.4,55.8,74.7,20
Senegal,Africa,SEN,Subnat,SENr108,Louga,2023,17.8,-0.85,11.1,17.9,2.7,-0.94,1,0,93.8,89.8,88,86.8,81.8,43.4,52.6,9.53
Senegal,Africa,SEN,Subnat,SENr104,"Saint Louis",2023,24.3,-1.07,13.1,21.9,3.6,-1.15,0.7,0.1,92.2,89,90.2,84.5,78.8,32.3,37.5,5.44
Senegal,Africa,SEN,Subnat,SENr105,Tambacounda,2023,23.2,-1,16.2,24,6.4,-1.08,1.6,0.1,72.7,73.1,70.7,65.7,53.5,39.6,54.4,15.4
Senegal,Africa,SEN,Subnat,SENr107,Thies,2023,16,-0.84,6.4,12,2.3,-0.86,0.7,0,97.5,93,90,85.6,75.3,32.3,38.1,5.97
Senegal,Africa,SEN,Subnat,SENr102,Ziguinchor,2023,10.2,-0.74,5.9,9.6,0.3,-0.72,1.2,0.4,96.5,94.6,95.6,94.3,83,16.8,19.6,2.83
Tanzania,Africa,TZA,National,TZAt,Total,2023,29.1,-1.38,2.74,10.5,2.59,-0.75,4.67,0.77,90.4,94.6,93.2,90.7,87,31.9,42.4,10.8
Tanzania,Africa,TZA,Subnat,TZAr202," Arusha, Manyara",2023,31.9,-1.45,3.36,18.6,5.93,-0.91,2.03,0.14,96,99.8,99.8,98.9,92.8,24.2,35.5,11.6
Tanzania,Africa,TZA,Subnat,TZAr207," Dar Es Salam",2023,17.7,-0.98,4.87,10.3,1.43,-0.71,2.53,0,93.9,95.8,95.8,96.2,91.3,49,56.1,7.37
Tanzania,Africa,TZA,Subnat,TZAr201," Dodoma",2023,27.6,-1.42,0.54,7.8,3.5,-0.58,8.96,1.26,97.7,100,100,98.4,87.1,14.4,17.5,4.09
Tanzania,Africa,TZA,Subnat,TZAr211," Iringa, Njombe",2023,56.8,-2.18,2.21,10.7,3.79,-0.7,15.6,2.37,96.6,98,98,98.3,90.3,50.3,66.1,16.7
Tanzania,Africa,TZA,Subnat,TZAr218," Kagera",2023,27.9,-1.46,3.06,10.3,3.7,-0.71,4.53,0,91.4,96.3,96.6,95.3,91.9,36.8,50.4,14.1
Tanzania,Africa,TZA,Subnat,TZAr216," Kigoma",2023,27.2,-1.49,2.39,11.7,2.27,-0.75,6.99,1.71,93,98.3,90.5,87.2,93.5,50.6,58.9,8.74
Tanzania,Africa,TZA,Subnat,TZAr203," Kilimanjaro",2023,21.8,-1.13,1.63,14.8,1.49,-0.85,1.07,0,100,100,100,100,97.2,38.9,55,16.8
Tanzania,Africa,TZA,Subnat,TZAr208," Lindi",2023,21.3,-1.21,2.43,8,2.66,-0.87,0,0,92.7,94.9,86,87.1,90.3,6.86,9.26,2.43
Tanzania,Africa,TZA,Subnat,TZAr220," Mara",2023,22.9,-1.3,1.86,6.16,0.8,-0.7,3.87,1.74,91.5,93.5,93.8,91,87.6,21.8,28.2,6.92
Tanzania,Africa,TZA,Subnat,TZAr212," Mbeya",2023,31.7,-1.3,0,3.37,0.77,-0.38,7.34,1.71,82.1,88.2,87.2,84.4,81.3,32.2,46.8,15.1
Tanzania,Africa,TZA,Subnat,TZAr205," Morogoro",2023,30.4,-1.26,1.97,7.44,0.4,-0.58,4.19,0.63,95.9,100,99,98.2,95.5,41.7,61.2,20.4
Tanzania,Africa,TZA,Subnat,TZAr209," Mtwara",2023,20.9,-1.03,2.3,4.73,2.2,-0.46,5.77,0,99.4,100,100,98.5,83.8,11.8,34,24.3
Tanzania,Africa,TZA,Subnat,TZAr219," Mwanza, Geita",2023,32.1,-1.57,1.61,10.3,2.33,-0.8,4.47,0.83,86.9,90.5,90.9,92.2,87.5,27.5,37.7,10.5
Tanzania,Africa,TZA,Subnat,TZAr224," Pemba North",2023,21.6,-1.08,7.81,14.7,6.6,-0.99,2.63,0.81,94.2,99,99.5,99.5,85.4,38.4,38.5,1.55
Tanzania,Africa,TZA,Subnat,TZAr225," Pemba South",2023,17.5,-1.02,2.43,9.59,2.39,-0.7,3.51,1.16,98.8,100,98.1,93.7,86.5,47.4,53.8,6.72
Tanzania,Africa,TZA,Subnat,TZAr206," Pwani",2023,19.1,-1.02,6.06,12.7,3.1,-0.65,4.04,0.86,98.8,98.5,96.8,95.8,90.9,51.5,66.7,16
Tanzania,Africa,TZA,Subnat,TZAr215," Rukwa, Katavi",2023,42.9,-1.65,6.7,16.8,4.24,-0.99,3.59,0.56,81,89.7,86.4,79,79.2,29.3,46.7,17.8
Tanzania,Africa,TZA,Subnat,TZAr210," Ruvuma",2023,33.5,-1.48,2.23,8.87,2.34,-0.55,9.66,0,97.8,97.8,97.8,98.3,95,66,70.6,4.99
Tanzania,Africa,TZA,Subnat,TZAr217," Shinyanga, Simiyu",2023,30.2,-1.42,1.29,8.51,2.03,-0.71,4.76,0.71,80.2,85.7,86,76.6,80.9,21.6,29,7.45
Tanzania,Africa,TZA,Subnat,TZAr213," Singida",2023,25.8,-1.36,1.96,11.3,0.76,-0.79,2.94,1.04,97.4,97.3,95.3,89,87.6,14.8,17.5,3.43
Tanzania,Africa,TZA,Subnat,TZAr214," Tabora",2023,31.1,-1.41,3.03,12,4,-0.89,3.23,1.14,79.7,94.2,82.5,75.5,75.5,37.6,48.9,11.8
Tanzania,Africa,TZA,Subnat,TZAr204," Tanga",2023,20.6,-1.09,4.93,9.96,0.94,-0.82,4.24,0,86.9,92.3,92.6,85.9,73,24.7,32.3,7.72
Tanzania,Africa,TZA,Subnat,TZAr221," Zanzibar North",2023,25.6,-1.03,10.8,21.6,6.19,-1.1,1.11,0,95.1,95.4,95.4,93.1,91.6,28.5,32.7,4.33
Tanzania,Africa,TZA,Subnat,TZAr222," Zanzibar South",2023,12.5,-0.86,2.99,3.9,1.7,-0.6,1.03,0,98.3,100,100,100,91.8,54.8,70.3,16.4
Tanzania,Africa,TZA,Subnat,TZAr223," Zanzibar West",2023,12,-0.96,11.6,16.2,3.93,-1.03,1.76,0.61,97.1,96,96.2,90.4,86.2,42.9,44.9,2.13
Thailand,Asia/Pacific,THA,National,THAt,Total,2023,12.5,-0.46,6.9,6.53,1.87,-0.13,11.1,5.33,,,,,,4.36,4.93,
Thailand,Asia/Pacific,THA,Subnat,THAr101,Bangkok,2023,12.1,-0.58,13,13.5,6.53,-0.05,16.6,6.4,,,,,,13.2,15.5,
Thailand,Asia/Pacific,THA,Subnat,THAr102,Central,2023,9.2,-0.3,5.77,4.77,2.2,-0.03,7.6,4.33,,,,,,1.96,2.29,
Thailand,Asia/Pacific,THA,Subnat,THAr103,North,2023,14.9,-0.6,4.97,5.13,1.53,-0.13,12.8,6.2,,,,,,4.08,4.56,
Thailand,Asia/Pacific,THA,Subnat,THAr104,Northeast,2023,13.4,-0.46,5.23,5.77,1.13,-0.03,14.1,7.1,,,,,,2.46,2.82,
Thailand,Asia/Pacific,THA,Subnat,THAr105,South,2023,13.4,-0.52,11.6,9.57,1.93,-0.47,6.9,2.5,,,,,,8.08,9.27,
Tonga,Asia/Pacific,TON,National,TONt,Total,2023,2.2,0.31,1.1,0.8,0.3,0.8,11.9,3,,,,,,8.79,11.2,
Tonga,Asia/Pacific,TON,Subnat,TONr104,Eua,2023,6.7,0.18,2.9,3.1,1.5,0.62,10.1,1.9,,,,,,14.7,18.5,
Tonga,Asia/Pacific,TON,Subnat,TONr103,Ha-apai,2023,4.5,0.19,1.3,0.8,0,0.73,13.6,3.3,,,,,,14.7,18.5,
Tonga,Asia/Pacific,TON,Subnat,TONr105,"Ongo Niua",2023,2.9,0.24,0,0,0,0.48,6.6,2.4,,,,,,16.5,22.4,
Tonga,Asia/Pacific,TON,Subnat,TONr101,Tongatapu,2023,1.7,0.35,1,0.4,0.1,0.86,13.4,3.8,,,,,,8.41,10.7,
Tonga,Asia/Pacific,TON,Subnat,TONr102,Vava-u,2023,1.8,0.23,0.6,1.6,0.7,0.67,6.4,0.3,,,,,,5.2,6.64,
"Trinidad & Tobago",America,TTO,National,TTOt,Total,2023,,,,,,,,,,,,,,13,15,
"Trinidad & Tobago",America,TTO,Subnat,TTOr103,Central,2023,,,,,,,,,,,,,,16.2,19,
"Trinidad & Tobago",America,TTO,Subnat,TTOr102,East,2023,,,,,,,,,,,,,,12.1,14.3,
"Trinidad & Tobago",America,TTO,Subnat,TTOr101,"North West",2023,,,,,,,,,,,,,,16.4,19.8,
"Trinidad & Tobago",America,TTO,Subnat,TTOr104,"South West",2023,,,,,,,,,,,,,,7.32,8.53,
"Trinidad & Tobago",America,TTO,Subnat,TTOr105,Tobago,2023,,,,,,,,,,,,,,15.5,18.1,
"Turks & Caicos Islands",America,TCA,National,TCAt,Total,2023,5.3,0.25,0.6,0.8,0.3,0.51,17.5,7.1,,,,,,17.5,22.4,
"Turks & Caicos Islands",America,TCA,Subnat,TCAr102,Caicos,2023,0,0.33,0,2.3,0,0.4,12.4,2.3,,,,,,,,
"Turks & Caicos Islands",America,TCA,Subnat,TCAr103,Providenciales,2023,5.7,0.24,0.7,0.8,0.3,0.51,18.4,7.7,,,,,,18.5,23.8,
"Turks & Caicos Islands",America,TCA,Subnat,TCAr101,"Turks islands",2023,1.3,0.37,0,0,0,0.5,7.2,0.6,,,,,,10.8,13.7,
Tuvalu,Asia/Pacific,TUV,National,TUVt,Total,2023,5.6,-0.06,2.8,2.9,0.7,0.17,4.6,1.4,,,,,,16.4,20.8,
Tuvalu,Asia/Pacific,TUV,Subnat,TUVr103,Funafuti,2023,5.5,-0.02,3.1,3,1,0.16,4.8,1.4,,,,,,18.7,23.5,
Tuvalu,Asia/Pacific,TUV,Subnat,TUVr101,"Nanumea, Nanumaga, Niutao",2023,7.6,-0.15,2.2,3.2,0,0.14,4.4,2.2,,,,,,7.02,8.85,
Tuvalu,Asia/Pacific,TUV,Subnat,TUVr102,"Vaitupu, Nui, Nukufetau",2023,4,-0.1,2,2,0,0.23,4,1,,,,,,15.9,20.1,
Vanuatu,Asia/Pacific,VUT,National,VUTt,Total,2023,28.9,-1.14,7.9,11.8,4,-0.58,11.3,4.9,,,,,,14.2,16.6,
Vanuatu,Asia/Pacific,VUT,Subnat,VUTr108,Luganville,2023,20.6,-0.88,3.9,12.7,2.7,-0.68,5.9,3.4,,,,,,2.23,2.61,
Vanuatu,Asia/Pacific,VUT,Subnat,VUTr103,Malampa,2023,28.2,-1.26,15.4,21.1,9.7,-1,10.1,2.6,,,,,,6.2,7.21,
Vanuatu,Asia/Pacific,VUT,Subnat,VUTr104,Penama,2023,24.8,-1.02,6.5,11.4,4.4,-0.76,5.5,1.5,,,,,,24.6,29.6,
Vanuatu,Asia/Pacific,VUT,Subnat,VUTr107,"Port Vila",2023,34.1,-1.5,5.8,11.5,1.7,-0.4,14,5.1,,,,,,17,20.3,
Vanuatu,Asia/Pacific,VUT,Subnat,VUTr105,Sanma,2023,22,-0.71,14.5,12.5,4.3,-0.63,7.9,3.4,,,,,,6.42,7.46,
Vanuatu,Asia/Pacific,VUT,Subnat,VUTr102,Shefa,2023,27.8,-1.11,7.1,8.7,4.3,-0.47,14.7,8.8,,,,,,21.2,26.4,
Vanuatu,Asia/Pacific,VUT,Subnat,VUTr101,Tafea,2023,37.5,-1.43,3.2,8.5,1.7,-0.42,13.8,6,,,,,,12.1,14,
Vanuatu,Asia/Pacific,VUT,Subnat,VUTr106,Torba,2023,29.3,-0.45,11.4,20,5.6,-0.07,31.4,10.7,,,,,,,,
Vietnam,Asia/Pacific,VNM,National,VNMt,Total,2023,,,,,,,,,,,,,,10.9,12.4,
Vietnam,Asia/Pacific,VNM,Subnat,VNMr104,"Central Highlands",2023,,,,,,,,,,,,,,16.9,19.3,
Vietnam,Asia/Pacific,VNM,Subnat,VNMr106,"Mekong River Delta",2023,,,,,,,,,,,,,,14.5,16.8,
Vietnam,Asia/Pacific,VNM,Subnat,VNMr103,"North Central Coast and South Central Coast",2023,,,,,,,,,,,,,,3.64,4,
Vietnam,Asia/Pacific,VNM,Subnat,VNMr102,"North East, North West",2023,,,,,,,,,,,,,,19.1,21.1,
Vietnam,Asia/Pacific,VNM,Subnat,VNMr101,"Red River Delta",2023,,,,,,,,,,,,,,1.22,1.42,
Vietnam,Asia/Pacific,VNM,Subnat,VNMr105,"South East",2023,,,,,,,,,,,,,,18,20.9,
Yemen,Asia/Pacific,YEM,National,YEMt,Total,2023,,,,,,,,,,,,,,40.7,48.2,
Yemen,Asia/Pacific,YEM,Subnat,YEMr102,"Abyan, Aden (town and countryside), Lahej, Ad Dali (Al Dhalih)",2023,,,,,,,,,,,,,,21.3,24.8,
Yemen,Asia/Pacific,YEM,Subnat,YEMr104,"Beida (Al Bayda), Dhamar, Raimah",2023,,,,,,,,,,,,,,53.2,65.4,
Yemen,Asia/Pacific,YEM,Subnat,YEMr107,"Hajja, Sada, Amran (Omran)",2023,,,,,,,,,,,,,,44.2,52.9,
Yemen,Asia/Pacific,YEM,Subnat,YEMr108,"Hodeida (Al Hudaydah), Mahweit (Al Mahwit)",2023,,,,,,,,,,,,,,43.2,51.9,
Yemen,Asia/Pacific,YEM,Subnat,YEMr101,Ibb,2023,,,,,,,,,,,,,,45.5,54.4,
Yemen,Asia/Pacific,YEM,Subnat,YEMr106,"Jawf, Hadramet, Shabda (Shabwah), Marib, Mohra (Al Mahrah)",2023,,,,,,,,,,,,,,20.4,23.8,
Yemen,Asia/Pacific,YEM,Subnat,YEMr103,"Sana a (capital; Al Amana), Sana a (governorate)",2023,,,,,,,,,,,,,,44.7,53.4,
Yemen,Asia/Pacific,YEM,Subnat,YEMr105,Taiz,2023,,,,,,,,,,,,,,35.9,42.2,
