rank,country,iso3,vulnerability,undernourishment,buffer_point,buffer_mc_mean,buffer_ci_low,buffer_ci_high,prob_overperformer
1,Kiribati,KIR,0.5578,4.1,14.6079,14.6048,11.724,17.5334,1.0
2,Senegal,SEN,0.5369,5.1,12.1482,12.1372,9.47,14.872,1.0
3,Samoa,WSM,0.5137,3.6,12.0344,12.0356,9.5479,14.5641,1.0
4,Vanuatu,VUT,0.5581,7.2,11.5288,11.5389,8.6672,14.4694,1.0
5,Sudan,SDN,0.6128,11.0,11.534,11.5379,8.0351,15.1466,1.0
6,Mauritania,MRT,0.5785,8.7,11.4433,11.4284,8.3807,14.588,1.0
7,Niger,NER,0.6362,12.9,11.2566,11.2453,7.3627,15.2315,1.0
8,Myanmar,MMR,0.5155,5.4,10.3612,10.3555,7.8396,12.8892,1.0
9,Bangladesh,BGD,0.5686,10.4,9.054,9.0531,6.0619,12.1299,1.0
10,Cameroon,CMR,0.4861,4.8,8.9147,8.9192,6.6183,11.2193,1.0
11,Nepal,NPL,0.491,5.3,8.7552,8.7455,6.409,11.1283,1.0
12,Cambodia,KHM,0.4805,5.2,8.1272,8.1216,5.8817,10.3877,1.0
13,Philippines,PHL,0.4453,3.0,7.876,7.8745,5.8295,9.9078,1.0
14,Seychelles,SYC,0.4374,2.5,7.8267,7.8369,5.8461,9.8481,1.0
15,Mali,MLI,0.5758,12.3,7.6572,7.6537,4.3695,10.965,0.9998
16,Guyana,GUY,0.4331,2.5,7.527,7.5291,5.5552,9.4824,1.0
17,Viet Nam,VNM,0.4677,5.3,7.1353,7.144,4.9681,9.3254,1.0
18,Dominica,DMA,0.4398,3.6,6.8928,6.8886,4.9112,8.8818,1.0
19,Serbia,SRB,0.4229,2.5,6.8214,6.8228,4.9173,8.7445,1.0
20,Dominican Republic,DOM,0.4346,3.6,6.5342,6.5307,4.5649,8.5329,1.0
21,Romania,ROU,0.4127,2.5,6.1095,6.1121,4.2383,8.0103,1.0
22,Saudi Arabia,SAU,0.4095,2.5,5.8857,5.8814,4.0113,7.7922,1.0
23,Togo,TGO,0.5021,9.1,5.7289,5.7206,3.3185,8.1698,0.9999
24,Azerbaijan,AZE,0.4058,2.5,5.6288,5.6146,3.7437,7.4687,1.0
25,Thailand,THA,0.4345,4.6,5.5223,5.5285,3.53,7.5312,1.0
26,Sri Lanka,LKA,0.4741,7.4,5.4813,5.4835,3.2625,7.7445,1.0
27,Belize,BLZ,0.4677,7.0,5.4362,5.4157,3.2614,7.5824,1.0
28,Guinea,GIN,0.5294,11.4,5.3283,5.3367,2.5883,8.1404,0.999
29,Benin,BEN,0.5704,14.3,5.2823,5.2746,1.8176,8.7905,0.994
30,Ghana,GHA,0.4496,6.3,4.8776,4.8777,2.8322,6.935,1.0
31,Georgia,GEO,0.3947,2.5,4.8575,4.8479,3.0329,6.6437,1.0
32,Fiji,FJI,0.4523,6.8,4.561,4.5712,2.5005,6.6488,0.9998
33,Colombia,COL,0.4047,3.9,4.1488,4.1457,2.2906,5.9767,1.0
34,Mexico,MEX,0.3872,2.7,4.1368,4.1399,2.3564,5.9334,1.0
35,United Arab Emirates,ARE,0.3833,2.5,4.0593,4.0586,2.2802,5.8685,1.0
36,China,CHN,0.3813,2.5,3.9243,3.9183,2.1487,5.6931,0.9997
37,Solomon Islands,SLB,0.6323,20.0,3.8854,3.8727,-0.6757,8.4938,0.9192
38,Croatia,HRV,0.38,2.5,3.8351,3.8366,2.0434,5.6629,0.9999
39,Costa Rica,CRI,0.3755,2.5,3.5188,3.5129,1.7321,5.3025,0.9995
40,Indonesia,IDN,0.429,6.3,3.4408,3.4391,1.4876,5.3631,0.9984
41,Uruguay,URY,0.3737,2.5,3.3925,3.3987,1.6365,5.1835,0.9996
42,Oman,OMN,0.4213,5.9,3.3073,3.3084,1.404,5.2251,0.9976
43,Macedonia,MKD,0.3715,2.5,3.2403,3.229,1.4565,5.0243,0.9985
44,Tunisia,TUN,0.3775,3.0,3.1598,3.1658,1.3763,4.9562,0.9986
45,Burkina Faso,BFA,0.5222,13.1,3.1267,3.1395,0.188,6.1123,0.959
46,Argentina,ARG,0.3815,3.4,3.0372,3.0357,1.2405,4.8227,0.997
47,Brazil,BRA,0.3682,2.5,3.0095,3.0143,1.2538,4.761,0.9972
48,Algeria,DZA,0.3674,2.5,2.9534,2.9592,1.1826,4.7406,0.9966
49,Malaysia,MYS,0.3671,2.5,2.9333,2.9262,1.1575,4.6848,0.9969
50,Mongolia,MNG,0.3649,2.5,2.782,2.7726,1.0182,4.5869,0.9946
51,Montenegro,MNE,0.3642,2.5,2.7344,2.7429,0.9719,4.5424,0.9945
52,El Salvador,SLV,0.424,6.7,2.697,2.702,0.7755,4.6518,0.9902
53,Kuwait,KWT,0.362,2.5,2.5835,2.5808,0.8225,4.3622,0.9918
54,Panama,PAN,0.407,5.7,2.5143,2.5189,0.6629,4.3614,0.9866
55,Latvia,LVA,0.3606,2.5,2.4804,2.4848,0.7246,4.2529,0.9897
56,Uzbekistan,UZB,0.3598,2.5,2.4289,2.4365,0.6567,4.1956,0.9871
57,Lithuania,LTU,0.3599,2.5,2.4357,2.4233,0.6807,4.1809,0.9878
58,Armenia,ARM,0.3596,2.5,2.4107,2.4091,0.6312,4.1925,0.9863
59,Cyprus,CYP,0.3589,2.5,2.3629,2.3867,0.6103,4.1769,0.9867
60,Comoros,COM,0.5412,15.4,2.1527,2.1592,-1.204,5.5331,0.8554
61,Hungary,HUN,0.3535,2.5,1.9858,1.9725,0.1984,3.7445,0.9666
62,Bulgaria,BGR,0.3533,2.5,1.9773,1.972,0.2132,3.7357,0.9657
63,Djibouti,DJI,0.5006,12.9,1.8247,1.8369,-0.8888,4.6263,0.8628
64,India,IND,0.4848,12.0,1.6268,1.6256,-0.857,4.1364,0.8594
65,Denmark,DNK,0.3481,2.5,1.6105,1.601,-0.1697,3.3688,0.9328
66,Jamaica,JAM,0.4214,7.7,1.5139,1.5133,-0.4193,3.4453,0.9013
67,Peru,PER,0.4089,6.9,1.4436,1.4511,-0.4094,3.3363,0.9022
68,Bosnia and Herzegovina,BIH,0.3457,2.5,1.4454,1.4405,-0.3312,3.2054,0.91
69,Turkmenistan,TKM,0.3717,4.3,1.4557,1.4395,-0.341,3.2139,0.9054
70,Barbados,BRB,0.3705,4.4,1.2724,1.2776,-0.4985,3.0521,0.8834
71,Italy,ITA,0.3422,2.5,1.2017,1.1973,-0.5601,2.9537,0.8691
72,Albania,ALB,0.3806,5.4,0.9752,0.9769,-0.817,2.7709,0.812
73,Greece,GRC,0.3371,2.5,0.8447,0.8449,-0.9449,2.6376,0.7779
74,Estonia,EST,0.3345,2.5,0.6651,0.6627,-1.1314,2.4449,0.731
75,Belgium,BEL,0.3333,2.5,0.583,0.5951,-1.2364,2.3934,0.7086
76,Paraguay,PRY,0.3723,5.2,0.5958,0.5912,-1.1837,2.354,0.7073
77,Chile,CHL,0.3325,2.5,0.5286,0.5155,-1.2962,2.3161,0.6818
78,Guinea-Bissau,GNB,0.6132,22.1,0.4568,0.4599,-4.3087,5.1698,0.5628
79,Sao Tome and Principe,STP,0.5399,17.4,0.0568,0.0554,-3.5743,3.7004,0.5081
80,Russian Federation,RUS,0.3235,2.5,-0.0992,-0.1115,-1.9281,1.703,0.4611
81,Ecuador,ECU,0.461,12.1,-0.1283,-0.1167,-2.525,2.2687,0.4684
82,Belarus,BLR,0.323,2.5,-0.1339,-0.1295,-1.9537,1.6944,0.4558
83,Mauritius,MUS,0.4112,8.7,-0.1954,-0.1981,-2.0784,1.6582,0.4302
84,Iceland,ISL,0.3219,2.5,-0.2077,-0.2065,-2.054,1.6415,0.4264
85,Kazakhstan,KAZ,0.3199,2.5,-0.3499,-0.3507,-2.1819,1.4614,0.376
86,Portugal,PRT,0.3187,2.5,-0.4346,-0.4421,-2.2948,1.3926,0.3492
87,Malta,MLT,0.3185,2.5,-0.4494,-0.4608,-2.305,1.347,0.3419
88,Sweden,SWE,0.3168,2.5,-0.5632,-0.5519,-2.398,1.27,0.3154
89,Australia,AUS,0.3159,2.5,-0.629,-0.6359,-2.507,1.2118,0.2867
90,Ireland,IRL,0.3154,2.5,-0.6635,-0.6662,-2.5127,1.1719,0.2755
91,Slovenia,SVN,0.3152,2.5,-0.6772,-0.6755,-2.539,1.1585,0.2747
92,Pakistan,PAK,0.5141,16.5,-0.8338,-0.8215,-4.153,2.5409,0.3409
93,Luxembourg,LUX,0.3103,2.5,-1.0159,-1.0169,-2.8759,0.8649,0.1846
94,Lebanon,LBN,0.3982,8.7,-1.0983,-1.0893,-2.8732,0.7266,0.1626
95,Spain,ESP,0.306,2.5,-1.3172,-1.3103,-3.2123,0.5443,0.1222
96,Timor-Leste,TLS,0.5388,18.7,-1.3155,-1.3167,-5.0256,2.4444,0.2845
97,France,FRA,0.3056,2.5,-1.3407,-1.3369,-3.2289,0.5329,0.1195
98,Poland,POL,0.3045,2.5,-1.4234,-1.4273,-3.3302,0.4583,0.1066
99,Morocco,MAR,0.3681,7.0,-1.4968,-1.5015,-3.2553,0.2769,0.0804
100,New Zealand,NZL,0.3034,2.5,-1.4987,-1.5118,-3.4066,0.3469,0.0924
101,Ukraine,UKR,0.3649,6.9,-1.6165,-1.6135,-3.3745,0.1453,0.0668
102,Germany,DEU,0.3014,2.5,-1.6393,-1.6435,-3.5087,0.2179,0.0742
103,Guatemala,GTM,0.4343,11.8,-1.6855,-1.693,-3.9003,0.5456,0.1058
104,Suriname,SUR,0.4037,9.7,-1.7211,-1.7209,-3.5612,0.1177,0.0624
105,Austria,AUT,0.2991,2.5,-1.7957,-1.8074,-3.6925,0.0863,0.0576
106,Israel,ISR,0.293,2.5,-2.219,-2.2206,-4.16,-0.2797,0.0304
107,South Africa,ZAF,0.3951,10.0,-2.6187,-2.6195,-4.4432,-0.7933,0.0088
108,Sierra Leone,SLE,0.5976,24.1,-2.6254,-2.6358,-7.4914,2.2154,0.1869
109,Finland,FIN,0.2825,2.5,-2.9548,-2.9617,-4.9496,-0.9934,0.0064
110,Canada,CAN,0.2814,2.5,-3.0254,-3.028,-5.0355,-1.047,0.0056
111,Ethiopia,ETH,0.527,19.7,-3.1358,-3.1553,-6.8881,0.6829,0.0862
112,Malawi,MWI,0.5499,21.4,-3.2451,-3.219,-7.4115,1.0241,0.1047
113,Swaziland,SWZ,0.4493,14.7,-3.5442,-3.5558,-6.2868,-0.8246,0.0156
114,Tajikistan,TJK,0.3539,8.4,-3.8825,-3.8733,-5.6408,-2.114,0.0
115,Honduras,HND,0.4456,14.8,-3.9045,-3.9137,-6.5777,-1.212,0.0086
116,Czech Republic,CZE,0.2638,2.5,-4.2543,-4.25,-6.3423,-2.1951,0.0004
117,Cape Verde,CPV,0.4211,13.5,-4.3075,-4.3121,-6.7331,-1.9041,0.0016
118,Uganda,UGA,0.539,22.0,-4.6061,-4.6121,-8.8692,-0.3251,0.0374
119,Iraq,IRQ,0.4364,14.9,-4.6452,-4.6308,-7.3319,-1.921,0.0029
120,Norway,NOR,0.2552,2.5,-4.8517,-4.8711,-7.038,-2.7398,0.0
121,Zimbabwe,ZWE,0.5022,19.7,-4.8629,-4.8825,-8.549,-1.1798,0.0146
122,Rwanda,RWA,0.5676,24.4,-5.0166,-5.019,-9.7905,-0.2386,0.0414
123,Switzerland,CHE,0.251,2.5,-5.1412,-5.143,-7.3452,-2.9928,0.0
124,Trinidad and Tobago,TTO,0.3739,11.2,-5.2949,-5.2916,-7.2298,-3.3415,0.0
125,Nicaragua,NIC,0.446,17.0,-6.0769,-6.0639,-9.0844,-3.0307,0.0008
126,Nigeria,NGA,0.482,19.9,-6.4726,-6.462,-10.0782,-2.8045,0.0022
127,Namibia,NAM,0.4545,18.1,-6.5852,-6.5604,-9.8527,-3.3023,0.0005
128,Angola,AGO,0.5088,22.5,-7.2078,-7.221,-11.3819,-3.134,0.0025
129,Afghanistan,AFG,0.5878,28.1,-7.308,-7.2947,-12.6858,-1.8201,0.0142
130,Chad,TCD,0.6402,32.0,-7.5635,-7.5428,-13.8134,-1.2845,0.0243
131,Libyan Arab Jamahiriya,LBY,0.4173,16.5,-7.5744,-7.5581,-10.4284,-4.677,0.0
132,Mozambique,MOZ,0.4915,21.8,-7.7056,-7.7037,-11.6423,-3.7462,0.0008
133,Jordan,JOR,0.3666,14.3,-8.8981,-8.9033,-11.3349,-6.4535,0.0
134,Central African Republic,CAF,0.578,29.8,-9.6931,-9.6829,-15.2248,-4.1773,0.0024
135,Papua New Guinea,PNG,0.5503,28.7,-10.5137,-10.5169,-15.7861,-5.2215,0.0007
136,Botswana,BWA,0.4312,24.0,-14.107,-14.1205,-18.2538,-10.0195,0.0
137,Gabon,GAB,0.4364,25.3,-15.0435,-15.0535,-19.3107,-10.7285,0.0
138,Liberia,LBR,0.5391,35.5,-18.0992,-18.074,-24.3531,-11.8382,0.0
139,Madagascar,MDG,0.5595,39.5,-20.6739,-20.6224,-27.5827,-13.6399,0.0
140,Kenya,KEN,0.4998,36.8,-22.128,-22.103,-28.4072,-15.6945,0.0
141,Zambia,ZMB,0.4864,37.2,-23.4629,-23.4162,-29.7629,-17.1275,0.0
142,Syrian Arab Republic,SYR,0.4873,39.0,-25.2032,-25.2351,-31.8104,-18.6405,0.0
143,Haiti,HTI,0.51,54.2,-38.8213,-38.8176,-47.8839,-29.5614,0.0
